INSERT INTO LOCATION (LOCATION_ID, LOCATION_NAME, COUNTRY, REGION, CITY, LATITUDE, LONGITUDE) VALUES (1, '지명1', ' 한국', ' 서울', '종로구', 37.57427, 127.02032);
INSERT INTO ACCOMODATION (`ACCOMODATION_ID`, `LOCATION_ID`, `ACCOMODATION_NAME`, `HOST_NAME`, `DISCRIPTION`, `ACCOMODATION_TYPE`, `PRICE`, `MAXIMUM_OCCUPANCY`, `AVERAGE_POINT`, `BED_ROOM`, `BATH_ROOM`, `BED_COUNT`,`OPTION`) VALUES (1, 1, 'dmyk_Droptop', '호스트1', '설명1', '집 전체', 87707, 2, 1.4, 0, 1,0, '무선 인터넷,에어컨,헤어드라이어');
INSERT INTO IMAGE (IMAGE_ID, ACCOMODATION_ID, IMAGE_URL) VALUES (1, 1, 'https://a0.muscache.com/im/pictures/ccac8b08-61e4-4b55-9c32-c3addea2f744.jpg?im_w=720');
INSERT INTO IMAGE (IMAGE_ID, ACCOMODATION_ID, IMAGE_URL) VALUES (2, 1, 'https://a0.muscache.com/im/pictures/a45d93af-79a3-4f8b-8661-a250114cb1ca.jpg?im_w=720');
INSERT INTO IMAGE (IMAGE_ID, ACCOMODATION_ID, IMAGE_URL) VALUES (3, 1, 'https://a0.muscache.com/im/pictures/1e38f050-7748-4ced-a1d8-8a2fffa47150.jpg?im_w=720');
INSERT INTO IMAGE (IMAGE_ID, ACCOMODATION_ID, IMAGE_URL) VALUES (4, 1, 'https://a0.muscache.com/im/pictures/7224d20e-47b8-41fc-a846-269f39a7dafa.jpg?im_w=720');
INSERT INTO IMAGE (IMAGE_ID, ACCOMODATION_ID, IMAGE_URL) VALUES (5, 1, 'https://a0.muscache.com/im/pictures/de76d307-84b3-4112-b6e7-45e5c9bc2fd7.jpg?im_w=720');
INSERT INTO IMAGE (IMAGE_ID, ACCOMODATION_ID, IMAGE_URL) VALUES (6, 1, 'https://a0.muscache.com/im/pictures/42d3c16a-7b2f-4b1c-8254-5c4d3ccd86da.jpg?im_w=720');
INSERT INTO IMAGE (IMAGE_ID, ACCOMODATION_ID, IMAGE_URL) VALUES (7, 1, 'https://a0.muscache.com/im/pictures/0c0b815c-a02f-476f-ab3d-f9ba7d8eaa22.jpg?im_w=720');
INSERT INTO IMAGE (IMAGE_ID, ACCOMODATION_ID, IMAGE_URL) VALUES (8, 1, 'https://a0.muscache.com/im/pictures/56c85649-dfb4-447d-a098-cbd1771b853f.jpg?im_w=720');
INSERT INTO IMAGE (IMAGE_ID, ACCOMODATION_ID, IMAGE_URL) VALUES (9, 1, 'https://a0.muscache.com/im/pictures/ef529dbe-a001-46ad-9fc2-658043ccd6e1.jpg?im_w=720');
INSERT INTO IMAGE (IMAGE_ID, ACCOMODATION_ID, IMAGE_URL) VALUES (10, 1, 'https://a0.muscache.com/im/pictures/deb99a2c-ddf4-4f3c-906d-be00da032b7e.jpg?im_w=720');
INSERT INTO IMAGE (IMAGE_ID, ACCOMODATION_ID, IMAGE_URL) VALUES (11, 1, 'https://a0.muscache.com/im/pictures/7257539e-e61d-4cef-b775-a4462927191e.jpg?im_w=720');
INSERT INTO IMAGE (IMAGE_ID, ACCOMODATION_ID, IMAGE_URL) VALUES (12, 1, 'https://a0.muscache.com/im/pictures/649bc710-b304-4077-b1ab-688387a82ce8.jpg?im_w=720');
INSERT INTO IMAGE (IMAGE_ID, ACCOMODATION_ID, IMAGE_URL) VALUES (13, 1, 'https://a0.muscache.com/im/pictures/968ae0fd-ed14-4f9e-9d7b-e4f4b31e5ee3.jpg?im_w=720');

INSERT INTO LOCATION (LOCATION_ID, LOCATION_NAME, COUNTRY, REGION, CITY, LATITUDE, LONGITUDE) VALUES (2, '지명2', ' 서울', ' Jongno-gu', 'Sungin 2(i)-dong', 37.57914, 127.02329);
INSERT INTO ACCOMODATION (`ACCOMODATION_ID`, `LOCATION_ID`, `ACCOMODATION_NAME`, `HOST_NAME`, `DISCRIPTION`, `ACCOMODATION_TYPE`, `PRICE`, `MAXIMUM_OCCUPANCY`, `AVERAGE_POINT`, `BED_ROOM`, `BATH_ROOM`, `BED_COUNT`,`OPTION`) VALUES (2, 2, 'HOSTEL SEOUL - Single Room with a bathroom (301)', '호스트2', '설명2', '개인실', 293301, 1, 8.0, 1, 1,1, '주방,무선 인터넷,에어컨,헤어드라이어');
INSERT INTO IMAGE (IMAGE_ID, ACCOMODATION_ID, IMAGE_URL) VALUES (14, 2, 'https://a0.muscache.com/im/pictures/miso/Hosting-49658744/original/fe02bf3a-b99e-4c22-8f62-5f8fdb70556c.jpeg?im_w=720');
INSERT INTO IMAGE (IMAGE_ID, ACCOMODATION_ID, IMAGE_URL) VALUES (15, 2, 'https://a0.muscache.com/im/pictures/miso/Hosting-49507837/original/576cc5b7-8114-4466-9376-45c259780fd5.jpeg?im_w=720');
INSERT INTO IMAGE (IMAGE_ID, ACCOMODATION_ID, IMAGE_URL) VALUES (16, 2, 'https://a0.muscache.com/im/pictures/miso/Hosting-49507837/original/edd18b3e-ca0e-4e92-af7b-9119f279dce0.jpeg?im_w=720');
INSERT INTO IMAGE (IMAGE_ID, ACCOMODATION_ID, IMAGE_URL) VALUES (17, 2, 'https://a0.muscache.com/im/pictures/1b363415-58b7-4a1f-9d61-a2a6b10e3996.jpg?im_w=720');
INSERT INTO IMAGE (IMAGE_ID, ACCOMODATION_ID, IMAGE_URL) VALUES (18, 2, 'https://a0.muscache.com/im/pictures/f6c93e58-9cb5-47e3-842b-b042c1894979.jpg?im_w=720');
INSERT INTO IMAGE (IMAGE_ID, ACCOMODATION_ID, IMAGE_URL) VALUES (19, 2, 'https://a0.muscache.com/im/pictures/miso/Hosting-49239379/original/ac61924d-d7cd-4e71-b45c-ded668968e9c.jpeg?im_w=720');
INSERT INTO IMAGE (IMAGE_ID, ACCOMODATION_ID, IMAGE_URL) VALUES (20, 2, 'https://a0.muscache.com/im/pictures/miso/Hosting-49150712/original/c8e15eee-e1a0-4e91-912d-4bf2fca6860b.jpeg?im_w=720');
INSERT INTO IMAGE (IMAGE_ID, ACCOMODATION_ID, IMAGE_URL) VALUES (21, 2, 'https://a0.muscache.com/im/pictures/miso/Hosting-49131805/original/f40b5394-42b9-4e71-ab39-7593dee4d5aa.jpeg?im_w=720');
INSERT INTO IMAGE (IMAGE_ID, ACCOMODATION_ID, IMAGE_URL) VALUES (22, 2, 'https://a0.muscache.com/im/pictures/8012bdbf-e281-4fc8-b645-ef663143135d.jpg?im_w=720');
INSERT INTO IMAGE (IMAGE_ID, ACCOMODATION_ID, IMAGE_URL) VALUES (23, 2, 'https://a0.muscache.com/im/pictures/46bf7e9a-23dc-4174-864f-8967b7859175.jpg?im_w=720');
INSERT INTO IMAGE (IMAGE_ID, ACCOMODATION_ID, IMAGE_URL) VALUES (24, 2, 'https://a0.muscache.com/im/pictures/daf17c3d-3520-4103-8135-38fc6e6865aa.jpg?im_w=720');
INSERT INTO IMAGE (IMAGE_ID, ACCOMODATION_ID, IMAGE_URL) VALUES (25, 2, 'https://a0.muscache.com/im/pictures/9f52c84f-e648-4208-916e-194e64ec48fa.jpg?im_w=720');
INSERT INTO IMAGE (IMAGE_ID, ACCOMODATION_ID, IMAGE_URL) VALUES (26, 2, 'https://a0.muscache.com/im/pictures/ed01fcd7-a882-41e7-a5b2-662ba2a36938.jpg?im_w=720');
INSERT INTO IMAGE (IMAGE_ID, ACCOMODATION_ID, IMAGE_URL) VALUES (27, 2, 'https://a0.muscache.com/im/pictures/a0528d71-018f-45c1-bee9-d38b5dcf29a6.jpg?im_w=720');
INSERT INTO IMAGE (IMAGE_ID, ACCOMODATION_ID, IMAGE_URL) VALUES (28, 2, 'https://a0.muscache.com/im/pictures/c5264df5-f483-4021-96dd-ef85f184a7c2.jpg?im_w=720');
INSERT INTO IMAGE (IMAGE_ID, ACCOMODATION_ID, IMAGE_URL) VALUES (29, 2, 'https://a0.muscache.com/im/pictures/45d9e8ca-1d15-4dda-b4a7-02696cbce714.jpg?im_w=720');
INSERT INTO IMAGE (IMAGE_ID, ACCOMODATION_ID, IMAGE_URL) VALUES (30, 2, 'https://a0.muscache.com/im/pictures/miso/Hosting-49150712/original/4bdb422a-949b-47d8-85d7-eac0dc2b8caa.jpeg?im_w=720');
INSERT INTO IMAGE (IMAGE_ID, ACCOMODATION_ID, IMAGE_URL) VALUES (31, 2, 'https://a0.muscache.com/im/pictures/miso/Hosting-49150712/original/190c7b35-04b1-4519-a66d-e217530f7bdd.jpeg?im_w=720');
INSERT INTO IMAGE (IMAGE_ID, ACCOMODATION_ID, IMAGE_URL) VALUES (32, 2, 'https://a0.muscache.com/im/pictures/miso/Hosting-49150712/original/b808fea9-3f14-4fd8-881e-79e55fa6ce34.jpeg?im_w=720');
INSERT INTO IMAGE (IMAGE_ID, ACCOMODATION_ID, IMAGE_URL) VALUES (33, 2, 'https://a0.muscache.com/im/pictures/miso/Hosting-49239379/original/a2e2dabd-49a6-4862-84f8-b79dd38d9605.jpeg?im_w=720');
INSERT INTO IMAGE (IMAGE_ID, ACCOMODATION_ID, IMAGE_URL) VALUES (34, 2, 'https://a0.muscache.com/im/pictures/miso/Hosting-49239379/original/ee47672b-9a15-40ce-9e79-eed71d07619b.jpeg?im_w=720');
INSERT INTO IMAGE (IMAGE_ID, ACCOMODATION_ID, IMAGE_URL) VALUES (35, 2, 'https://a0.muscache.com/im/pictures/c4517a03-8adf-403b-8896-a51124df5806.jpg?im_w=720');
INSERT INTO IMAGE (IMAGE_ID, ACCOMODATION_ID, IMAGE_URL) VALUES (36, 2, 'https://a0.muscache.com/im/pictures/miso/Hosting-49658744/original/82a32b30-7041-422e-af9f-fcb4919cdd8e.jpeg?im_w=720');

INSERT INTO LOCATION (LOCATION_ID, LOCATION_NAME, COUNTRY, REGION, CITY, LATITUDE, LONGITUDE) VALUES (3, '지명3', ' 한국', ' 서울', '종로구', 37.57649, 127.01988);
INSERT INTO ACCOMODATION (`ACCOMODATION_ID`, `LOCATION_ID`, `ACCOMODATION_NAME`, `HOST_NAME`, `DISCRIPTION`, `ACCOMODATION_TYPE`, `PRICE`, `MAXIMUM_OCCUPANCY`, `AVERAGE_POINT`, `BED_ROOM`, `BATH_ROOM`, `BED_COUNT`,`OPTION`) VALUES (3, 3, 'dmyk-oblong', '호스트3', '설명3', '집 전체', 651522, 2, 4.5, 0, 1,0, '무선 인터넷,에어컨,헤어드라이어');
INSERT INTO IMAGE (IMAGE_ID, ACCOMODATION_ID, IMAGE_URL) VALUES (37, 3, 'https://a0.muscache.com/im/pictures/3dfeacd4-bea8-4c2e-820f-bf61f8053323.jpg?im_w=720');
INSERT INTO IMAGE (IMAGE_ID, ACCOMODATION_ID, IMAGE_URL) VALUES (38, 3, 'https://a0.muscache.com/im/pictures/4f01dedf-ccfb-4d08-8ffb-77c3d6c08043.jpg?im_w=720');
INSERT INTO IMAGE (IMAGE_ID, ACCOMODATION_ID, IMAGE_URL) VALUES (39, 3, 'https://a0.muscache.com/im/pictures/894fb768-578d-4c74-b55c-a8f2b391eeea.jpg?im_w=720');
INSERT INTO IMAGE (IMAGE_ID, ACCOMODATION_ID, IMAGE_URL) VALUES (40, 3, 'https://a0.muscache.com/im/pictures/54aa4fd6-648e-4389-8caf-fd8807fb3c12.jpg?im_w=720');
INSERT INTO IMAGE (IMAGE_ID, ACCOMODATION_ID, IMAGE_URL) VALUES (41, 3, 'https://a0.muscache.com/im/pictures/b225e782-ca50-4176-bde9-5f83386c26ef.jpg?im_w=720');
INSERT INTO IMAGE (IMAGE_ID, ACCOMODATION_ID, IMAGE_URL) VALUES (42, 3, 'https://a0.muscache.com/im/pictures/8fca6e8a-036f-4eb2-9ed3-433aaa9c05ec.jpg?im_w=720');
INSERT INTO IMAGE (IMAGE_ID, ACCOMODATION_ID, IMAGE_URL) VALUES (43, 3, 'https://a0.muscache.com/im/pictures/84dcee45-d1e4-4b6a-b4a6-c9bfe95f06e3.jpg?im_w=720');
INSERT INTO IMAGE (IMAGE_ID, ACCOMODATION_ID, IMAGE_URL) VALUES (44, 3, 'https://a0.muscache.com/im/pictures/82f03dff-c05d-4f86-8d0f-8c79e6c2a64c.jpg?im_w=720');
INSERT INTO IMAGE (IMAGE_ID, ACCOMODATION_ID, IMAGE_URL) VALUES (45, 3, 'https://a0.muscache.com/im/pictures/45b77d08-794d-4a03-a495-d597969e0bd4.jpg?im_w=720');
INSERT INTO IMAGE (IMAGE_ID, ACCOMODATION_ID, IMAGE_URL) VALUES (46, 3, 'https://a0.muscache.com/im/pictures/63ee0d96-9f13-4ff5-894b-ed552052f686.jpg?im_w=720');
INSERT INTO IMAGE (IMAGE_ID, ACCOMODATION_ID, IMAGE_URL) VALUES (47, 3, 'https://a0.muscache.com/im/pictures/249cc763-f0e4-48c8-a799-1a46ae0a55c7.jpg?im_w=720');

INSERT INTO LOCATION (LOCATION_ID, LOCATION_NAME, COUNTRY, REGION, CITY, LATITUDE, LONGITUDE) VALUES (4, '지명4', ' 한국', ' 서울특별시', '동대문구', 37.58329, 127.05103);
INSERT INTO ACCOMODATION (`ACCOMODATION_ID`, `LOCATION_ID`, `ACCOMODATION_NAME`, `HOST_NAME`, `DISCRIPTION`, `ACCOMODATION_TYPE`, `PRICE`, `MAXIMUM_OCCUPANCY`, `AVERAGE_POINT`, `BED_ROOM`, `BATH_ROOM`, `BED_COUNT`,`OPTION`) VALUES (4, 4, '(Quarantine available) garden house Uni of Seoul', '호스트4', '설명4', '집 전체', 179055, 2, 7.4, 1, 1,1, '주방,무선 인터넷,에어컨');
INSERT INTO IMAGE (IMAGE_ID, ACCOMODATION_ID, IMAGE_URL) VALUES (48, 4, 'https://a0.muscache.com/im/pictures/dd631db5-b666-4b22-a198-9a7a239bab26.jpg?im_w=720');
INSERT INTO IMAGE (IMAGE_ID, ACCOMODATION_ID, IMAGE_URL) VALUES (49, 4, 'https://a0.muscache.com/im/pictures/2a88de3a-df6a-4ffa-b443-46fdf7e92ab7.jpg?im_w=720');
INSERT INTO IMAGE (IMAGE_ID, ACCOMODATION_ID, IMAGE_URL) VALUES (50, 4, 'https://a0.muscache.com/im/pictures/355c2879-8925-493b-bbc0-5c55238e7213.jpg?im_w=720');
INSERT INTO IMAGE (IMAGE_ID, ACCOMODATION_ID, IMAGE_URL) VALUES (51, 4, 'https://a0.muscache.com/im/pictures/a108f46d-f1d7-4cbe-b53b-4966c551ba8a.jpg?im_w=720');
INSERT INTO IMAGE (IMAGE_ID, ACCOMODATION_ID, IMAGE_URL) VALUES (52, 4, 'https://a0.muscache.com/im/pictures/06c664a3-dd15-4ec3-9bbc-5b63378d8948.jpg?im_w=720');
INSERT INTO IMAGE (IMAGE_ID, ACCOMODATION_ID, IMAGE_URL) VALUES (53, 4, 'https://a0.muscache.com/im/pictures/2847520a-179a-47c8-ad55-cd0536e677c6.jpg?im_w=720');
INSERT INTO IMAGE (IMAGE_ID, ACCOMODATION_ID, IMAGE_URL) VALUES (54, 4, 'https://a0.muscache.com/im/pictures/8dce2b29-9c44-406f-ae3c-ffcb2f41023e.jpg?im_w=720');
INSERT INTO IMAGE (IMAGE_ID, ACCOMODATION_ID, IMAGE_URL) VALUES (55, 4, 'https://a0.muscache.com/im/pictures/8d1682aa-229d-4f25-ae68-a99c2b696504.jpg?im_w=720');
INSERT INTO IMAGE (IMAGE_ID, ACCOMODATION_ID, IMAGE_URL) VALUES (56, 4, 'https://a0.muscache.com/im/pictures/57da27fa-5b42-4174-96c5-5018aa5bb279.jpg?im_w=720');
INSERT INTO IMAGE (IMAGE_ID, ACCOMODATION_ID, IMAGE_URL) VALUES (57, 4, 'https://a0.muscache.com/im/pictures/7a7c6348-42ba-4ef8-abe8-c4b78d509846.jpg?im_w=720');

INSERT INTO LOCATION (LOCATION_ID, LOCATION_NAME, COUNTRY, REGION, CITY, LATITUDE, LONGITUDE) VALUES (5, '지명5', ' 서울', ' Jongno-gu', 'Sungin 2(i)-dong', 37.57915, 127.02349);
INSERT INTO ACCOMODATION (`ACCOMODATION_ID`, `LOCATION_ID`, `ACCOMODATION_NAME`, `HOST_NAME`, `DISCRIPTION`, `ACCOMODATION_TYPE`, `PRICE`, `MAXIMUM_OCCUPANCY`, `AVERAGE_POINT`, `BED_ROOM`, `BATH_ROOM`, `BED_COUNT`,`OPTION`) VALUES (5, 5, 'HOSTEL SEOUL - Double room with a bathroom', '호스트5', '설명5', '개인실', 729348, 2, 5.3, 1, 1,1, '주방,무선 인터넷,에어컨,헤어드라이어');
INSERT INTO IMAGE (IMAGE_ID, ACCOMODATION_ID, IMAGE_URL) VALUES (58, 5, 'https://a0.muscache.com/im/pictures/1b363415-58b7-4a1f-9d61-a2a6b10e3996.jpg?im_w=720');
INSERT INTO IMAGE (IMAGE_ID, ACCOMODATION_ID, IMAGE_URL) VALUES (59, 5, 'https://a0.muscache.com/im/pictures/f6c93e58-9cb5-47e3-842b-b042c1894979.jpg?im_w=720');
INSERT INTO IMAGE (IMAGE_ID, ACCOMODATION_ID, IMAGE_URL) VALUES (60, 5, 'https://a0.muscache.com/im/pictures/miso/Hosting-49239379/original/ac61924d-d7cd-4e71-b45c-ded668968e9c.jpeg?im_w=720');
INSERT INTO IMAGE (IMAGE_ID, ACCOMODATION_ID, IMAGE_URL) VALUES (61, 5, 'https://a0.muscache.com/im/pictures/miso/Hosting-49150712/original/c8e15eee-e1a0-4e91-912d-4bf2fca6860b.jpeg?im_w=720');
INSERT INTO IMAGE (IMAGE_ID, ACCOMODATION_ID, IMAGE_URL) VALUES (62, 5, 'https://a0.muscache.com/im/pictures/miso/Hosting-49131805/original/f40b5394-42b9-4e71-ab39-7593dee4d5aa.jpeg?im_w=720');
INSERT INTO IMAGE (IMAGE_ID, ACCOMODATION_ID, IMAGE_URL) VALUES (63, 5, 'https://a0.muscache.com/im/pictures/8012bdbf-e281-4fc8-b645-ef663143135d.jpg?im_w=720');
INSERT INTO IMAGE (IMAGE_ID, ACCOMODATION_ID, IMAGE_URL) VALUES (64, 5, 'https://a0.muscache.com/im/pictures/46bf7e9a-23dc-4174-864f-8967b7859175.jpg?im_w=720');
INSERT INTO IMAGE (IMAGE_ID, ACCOMODATION_ID, IMAGE_URL) VALUES (65, 5, 'https://a0.muscache.com/im/pictures/daf17c3d-3520-4103-8135-38fc6e6865aa.jpg?im_w=720');
INSERT INTO IMAGE (IMAGE_ID, ACCOMODATION_ID, IMAGE_URL) VALUES (66, 5, 'https://a0.muscache.com/im/pictures/9f52c84f-e648-4208-916e-194e64ec48fa.jpg?im_w=720');
INSERT INTO IMAGE (IMAGE_ID, ACCOMODATION_ID, IMAGE_URL) VALUES (67, 5, 'https://a0.muscache.com/im/pictures/ed01fcd7-a882-41e7-a5b2-662ba2a36938.jpg?im_w=720');
INSERT INTO IMAGE (IMAGE_ID, ACCOMODATION_ID, IMAGE_URL) VALUES (68, 5, 'https://a0.muscache.com/im/pictures/a0528d71-018f-45c1-bee9-d38b5dcf29a6.jpg?im_w=720');
INSERT INTO IMAGE (IMAGE_ID, ACCOMODATION_ID, IMAGE_URL) VALUES (69, 5, 'https://a0.muscache.com/im/pictures/c5264df5-f483-4021-96dd-ef85f184a7c2.jpg?im_w=720');
INSERT INTO IMAGE (IMAGE_ID, ACCOMODATION_ID, IMAGE_URL) VALUES (70, 5, 'https://a0.muscache.com/im/pictures/45d9e8ca-1d15-4dda-b4a7-02696cbce714.jpg?im_w=720');
INSERT INTO IMAGE (IMAGE_ID, ACCOMODATION_ID, IMAGE_URL) VALUES (71, 5, 'https://a0.muscache.com/im/pictures/miso/Hosting-49150712/original/4bdb422a-949b-47d8-85d7-eac0dc2b8caa.jpeg?im_w=720');
INSERT INTO IMAGE (IMAGE_ID, ACCOMODATION_ID, IMAGE_URL) VALUES (72, 5, 'https://a0.muscache.com/im/pictures/miso/Hosting-49150712/original/190c7b35-04b1-4519-a66d-e217530f7bdd.jpeg?im_w=720');
INSERT INTO IMAGE (IMAGE_ID, ACCOMODATION_ID, IMAGE_URL) VALUES (73, 5, 'https://a0.muscache.com/im/pictures/miso/Hosting-49150712/original/b808fea9-3f14-4fd8-881e-79e55fa6ce34.jpeg?im_w=720');
INSERT INTO IMAGE (IMAGE_ID, ACCOMODATION_ID, IMAGE_URL) VALUES (74, 5, 'https://a0.muscache.com/im/pictures/miso/Hosting-49239379/original/a2e2dabd-49a6-4862-84f8-b79dd38d9605.jpeg?im_w=720');
INSERT INTO IMAGE (IMAGE_ID, ACCOMODATION_ID, IMAGE_URL) VALUES (75, 5, 'https://a0.muscache.com/im/pictures/miso/Hosting-49239379/original/ee47672b-9a15-40ce-9e79-eed71d07619b.jpeg?im_w=720');
INSERT INTO IMAGE (IMAGE_ID, ACCOMODATION_ID, IMAGE_URL) VALUES (76, 5, 'https://a0.muscache.com/im/pictures/c4517a03-8adf-403b-8896-a51124df5806.jpg?im_w=720');

INSERT INTO LOCATION (LOCATION_ID, LOCATION_NAME, COUNTRY, REGION, CITY, LATITUDE, LONGITUDE) VALUES (6, '지명6', ' 서울', ' Dongdaemun-gu', 'Jeonnong 1(il)-dong', 37.58327, 127.05176);
INSERT INTO ACCOMODATION (`ACCOMODATION_ID`, `LOCATION_ID`, `ACCOMODATION_NAME`, `HOST_NAME`, `DISCRIPTION`, `ACCOMODATION_TYPE`, `PRICE`, `MAXIMUM_OCCUPANCY`, `AVERAGE_POINT`, `BED_ROOM`, `BATH_ROOM`, `BED_COUNT`,`OPTION`) VALUES (6, 6, 'Covid19 safe-Clean and disinfected cosy studio', '호스트6', '설명6', '집 전체', 232408, 1, 4.7, 0, 1,0, '주방,무선 인터넷,에어컨');
INSERT INTO IMAGE (IMAGE_ID, ACCOMODATION_ID, IMAGE_URL) VALUES (77, 6, 'https://a0.muscache.com/im/pictures/89c168c0-7d40-4745-95d7-fd376ea57555.jpg?im_w=720');
INSERT INTO IMAGE (IMAGE_ID, ACCOMODATION_ID, IMAGE_URL) VALUES (78, 6, 'https://a0.muscache.com/im/pictures/934d3af4-f97b-49a3-9910-63742fde7f09.jpg?im_w=720');
INSERT INTO IMAGE (IMAGE_ID, ACCOMODATION_ID, IMAGE_URL) VALUES (79, 6, 'https://a0.muscache.com/im/pictures/41105792-ed10-45c4-a15b-545cf84e7e97.jpg?im_w=720');
INSERT INTO IMAGE (IMAGE_ID, ACCOMODATION_ID, IMAGE_URL) VALUES (80, 6, 'https://a0.muscache.com/im/pictures/miso/Hosting-43565146/original/b828c125-82d6-42af-949d-6305e27b121c.jpeg?im_w=720');
INSERT INTO IMAGE (IMAGE_ID, ACCOMODATION_ID, IMAGE_URL) VALUES (81, 6, 'https://a0.muscache.com/im/pictures/miso/Hosting-43565146/original/64b09671-a981-4124-935f-cdf201ccb62b.jpeg?im_w=720');
INSERT INTO IMAGE (IMAGE_ID, ACCOMODATION_ID, IMAGE_URL) VALUES (82, 6, 'https://a0.muscache.com/im/pictures/a07402c0-8974-4c53-8fcb-c7784611b5bb.jpg?im_w=720');
INSERT INTO IMAGE (IMAGE_ID, ACCOMODATION_ID, IMAGE_URL) VALUES (83, 6, 'https://a0.muscache.com/im/pictures/miso/Hosting-43565146/original/fb8dc350-6484-4e95-9767-a84f45bc24bd.jpeg?im_w=720');
INSERT INTO IMAGE (IMAGE_ID, ACCOMODATION_ID, IMAGE_URL) VALUES (84, 6, 'https://a0.muscache.com/im/pictures/miso/Hosting-43565146/original/4113ca32-27c1-4e97-a419-395bf44ecb44.jpeg?im_w=720');
INSERT INTO IMAGE (IMAGE_ID, ACCOMODATION_ID, IMAGE_URL) VALUES (85, 6, 'https://a0.muscache.com/im/pictures/miso/Hosting-43565146/original/18e4ccd2-c64a-4428-8a88-d4f814931484.jpeg?im_w=720');
INSERT INTO IMAGE (IMAGE_ID, ACCOMODATION_ID, IMAGE_URL) VALUES (86, 6, 'https://a0.muscache.com/im/pictures/miso/Hosting-43565146/original/9fcbfa7a-177b-4bc6-b0a2-33fb6de8f15a.jpeg?im_w=720');
INSERT INTO IMAGE (IMAGE_ID, ACCOMODATION_ID, IMAGE_URL) VALUES (87, 6, 'https://a0.muscache.com/im/pictures/e99d7e97-940e-4764-a7b6-aa2730482445.jpg?im_w=720');

INSERT INTO LOCATION (LOCATION_ID, LOCATION_NAME, COUNTRY, REGION, CITY, LATITUDE, LONGITUDE) VALUES (7, '지명7', ' 한국', ' 서울', '성북구', 37.58825, 127.03134);
INSERT INTO ACCOMODATION (`ACCOMODATION_ID`, `LOCATION_ID`, `ACCOMODATION_NAME`, `HOST_NAME`, `DISCRIPTION`, `ACCOMODATION_TYPE`, `PRICE`, `MAXIMUM_OCCUPANCY`, `AVERAGE_POINT`, `BED_ROOM`, `BATH_ROOM`, `BED_COUNT`,`OPTION`) VALUES (7, 7, 'One- Room Low Price', '호스트7', '설명7', '집 전체', 713521, 1, 6.3, 1, 1,1, '주방,무선 인터넷,에어컨,헤어드라이어');
INSERT INTO IMAGE (IMAGE_ID, ACCOMODATION_ID, IMAGE_URL) VALUES (88, 7, 'https://a0.muscache.com/im/pictures/49ab015f-9110-4bba-818a-e8b9e0412a3e.jpg?im_w=720');
INSERT INTO IMAGE (IMAGE_ID, ACCOMODATION_ID, IMAGE_URL) VALUES (89, 7, 'https://a0.muscache.com/im/pictures/db283f51-c4e1-4858-9833-92ae05753cc4.jpg?im_w=720');
INSERT INTO IMAGE (IMAGE_ID, ACCOMODATION_ID, IMAGE_URL) VALUES (90, 7, 'https://a0.muscache.com/im/pictures/58f7e528-2a59-4e4d-976c-0361d9b6ab9b.jpg?im_w=720');

INSERT INTO LOCATION (LOCATION_ID, LOCATION_NAME, COUNTRY, REGION, CITY, LATITUDE, LONGITUDE) VALUES (8, '지명8', ' 서울', ' Jongno-gu', 'Sungin 2(i)-dong', 37.57415, 127.02111);
INSERT INTO ACCOMODATION (`ACCOMODATION_ID`, `LOCATION_ID`, `ACCOMODATION_NAME`, `HOST_NAME`, `DISCRIPTION`, `ACCOMODATION_TYPE`, `PRICE`, `MAXIMUM_OCCUPANCY`, `AVERAGE_POINT`, `BED_ROOM`, `BATH_ROOM`, `BED_COUNT`,`OPTION`) VALUES (8, 8, '오픈 세일!! 포근하고 깨끗한 방 402☆ 단독화장실 멋진 테라스#매일 소독♡동대문 종로', '호스트8', '설명8', '개인실', 738077, 1, 1.9, 1, 4,1, '주방,무선 인터넷,에어컨,헤어드라이어');
INSERT INTO IMAGE (IMAGE_ID, ACCOMODATION_ID, IMAGE_URL) VALUES (91, 8, 'https://a0.muscache.com/im/pictures/e7e7e9e8-35d8-4bdf-8f19-1de51b228692.jpg?im_w=720');
INSERT INTO IMAGE (IMAGE_ID, ACCOMODATION_ID, IMAGE_URL) VALUES (92, 8, 'https://a0.muscache.com/im/pictures/2eab6619-1a66-42f9-bf74-c06e211ea3d0.jpg?im_w=720');
INSERT INTO IMAGE (IMAGE_ID, ACCOMODATION_ID, IMAGE_URL) VALUES (93, 8, 'https://a0.muscache.com/im/pictures/6353d17b-bd41-48f5-b42e-2525c1c377ab.jpg?im_w=720');
INSERT INTO IMAGE (IMAGE_ID, ACCOMODATION_ID, IMAGE_URL) VALUES (94, 8, 'https://a0.muscache.com/im/pictures/e4e0d5a2-11a8-4fea-b42c-2dbe5c6dc47e.jpg?im_w=720');
INSERT INTO IMAGE (IMAGE_ID, ACCOMODATION_ID, IMAGE_URL) VALUES (95, 8, 'https://a0.muscache.com/im/pictures/a8e7abd6-3533-4dcc-ad39-b91e5265ac29.jpg?im_w=720');
INSERT INTO IMAGE (IMAGE_ID, ACCOMODATION_ID, IMAGE_URL) VALUES (96, 8, 'https://a0.muscache.com/im/pictures/acb6ac41-d6ff-4536-8e7a-0d00fff1d634.jpg?im_w=720');
INSERT INTO IMAGE (IMAGE_ID, ACCOMODATION_ID, IMAGE_URL) VALUES (97, 8, 'https://a0.muscache.com/im/pictures/de92c65a-7984-4f74-b340-79d0e26cdb4f.jpg?im_w=720');
INSERT INTO IMAGE (IMAGE_ID, ACCOMODATION_ID, IMAGE_URL) VALUES (98, 8, 'https://a0.muscache.com/im/pictures/20e3eaa2-de51-4294-a8cd-c85db1417fd7.jpg?im_w=720');
INSERT INTO IMAGE (IMAGE_ID, ACCOMODATION_ID, IMAGE_URL) VALUES (99, 8, 'https://a0.muscache.com/im/pictures/0c235061-dcfc-489e-be3a-4c9a561ef257.jpg?im_w=720');
INSERT INTO IMAGE (IMAGE_ID, ACCOMODATION_ID, IMAGE_URL) VALUES (100, 8, 'https://a0.muscache.com/im/pictures/3405a8ad-db2f-43c1-8555-f0d835a3fc8b.jpg?im_w=720');
INSERT INTO IMAGE (IMAGE_ID, ACCOMODATION_ID, IMAGE_URL) VALUES (101, 8, 'https://a0.muscache.com/im/pictures/06e665f4-ce7e-4071-a9a7-0761f3ae2db4.jpg?im_w=720');
INSERT INTO IMAGE (IMAGE_ID, ACCOMODATION_ID, IMAGE_URL) VALUES (102, 8, 'https://a0.muscache.com/im/pictures/a96a8051-bf15-4fda-95da-e75174c847de.jpg?im_w=720');
INSERT INTO IMAGE (IMAGE_ID, ACCOMODATION_ID, IMAGE_URL) VALUES (103, 8, 'https://a0.muscache.com/im/pictures/74bfa3a5-6094-4dba-aa91-a4cea49d2f9d.jpg?im_w=720');
INSERT INTO IMAGE (IMAGE_ID, ACCOMODATION_ID, IMAGE_URL) VALUES (104, 8, 'https://a0.muscache.com/im/pictures/d76a15d2-e6b3-4731-a8f2-a673e7115df8.jpg?im_w=720');
INSERT INTO IMAGE (IMAGE_ID, ACCOMODATION_ID, IMAGE_URL) VALUES (105, 8, 'https://a0.muscache.com/im/pictures/9bb8f829-2d87-4ce8-bafd-939d265d12af.jpg?im_w=720');
INSERT INTO IMAGE (IMAGE_ID, ACCOMODATION_ID, IMAGE_URL) VALUES (106, 8, 'https://a0.muscache.com/im/pictures/3f27dc28-3b3e-4453-b79c-e90103bc0eeb.jpg?im_w=720');
INSERT INTO IMAGE (IMAGE_ID, ACCOMODATION_ID, IMAGE_URL) VALUES (107, 8, 'https://a0.muscache.com/im/pictures/4bc3dda8-da5e-4bb3-9b45-588893a44b13.jpg?im_w=720');
INSERT INTO IMAGE (IMAGE_ID, ACCOMODATION_ID, IMAGE_URL) VALUES (108, 8, 'https://a0.muscache.com/im/pictures/dd22b483-7890-4f96-9867-05433c2463de.jpg?im_w=720');
INSERT INTO IMAGE (IMAGE_ID, ACCOMODATION_ID, IMAGE_URL) VALUES (109, 8, 'https://a0.muscache.com/im/pictures/b31e4462-38a3-4011-ac9a-564bee1ae860.jpg?im_w=720');
INSERT INTO IMAGE (IMAGE_ID, ACCOMODATION_ID, IMAGE_URL) VALUES (110, 8, 'https://a0.muscache.com/im/pictures/6d279460-4581-4ac7-852d-39d2bcaa88e9.jpg?im_w=720');
INSERT INTO IMAGE (IMAGE_ID, ACCOMODATION_ID, IMAGE_URL) VALUES (111, 8, 'https://a0.muscache.com/im/pictures/bef27aea-80d0-4e67-9283-7a9242a183fb.jpg?im_w=720');
INSERT INTO IMAGE (IMAGE_ID, ACCOMODATION_ID, IMAGE_URL) VALUES (112, 8, 'https://a0.muscache.com/im/pictures/a9048e89-fdd6-49c4-91a7-f490bc30f979.jpg?im_w=720');
INSERT INTO IMAGE (IMAGE_ID, ACCOMODATION_ID, IMAGE_URL) VALUES (113, 8, 'https://a0.muscache.com/im/pictures/af3f2c86-76bd-4367-b01c-3c1fd8025043.jpg?im_w=720');
INSERT INTO IMAGE (IMAGE_ID, ACCOMODATION_ID, IMAGE_URL) VALUES (114, 8, 'https://a0.muscache.com/im/pictures/ab746528-6238-4267-bbe1-4846cf515987.jpg?im_w=720');
INSERT INTO IMAGE (IMAGE_ID, ACCOMODATION_ID, IMAGE_URL) VALUES (115, 8, 'https://a0.muscache.com/im/pictures/0ad2bb27-74df-49e8-8ea0-887c4aff86d0.jpg?im_w=720');
INSERT INTO IMAGE (IMAGE_ID, ACCOMODATION_ID, IMAGE_URL) VALUES (116, 8, 'https://a0.muscache.com/im/pictures/b85da05d-7ade-4b8d-a0f2-01cb37bde4a8.jpg?im_w=720');
INSERT INTO IMAGE (IMAGE_ID, ACCOMODATION_ID, IMAGE_URL) VALUES (117, 8, 'https://a0.muscache.com/im/pictures/11a84548-8380-4fbd-b626-00da8934a560.jpg?im_w=720');
INSERT INTO IMAGE (IMAGE_ID, ACCOMODATION_ID, IMAGE_URL) VALUES (118, 8, 'https://a0.muscache.com/im/pictures/d7af5dd2-271e-4c00-8bf4-5879c5f7d9d0.jpg?im_w=720');
INSERT INTO IMAGE (IMAGE_ID, ACCOMODATION_ID, IMAGE_URL) VALUES (119, 8, 'https://a0.muscache.com/im/pictures/0fdd7727-ec97-42a3-af9d-ad9ffcf6605c.jpg?im_w=720');
INSERT INTO IMAGE (IMAGE_ID, ACCOMODATION_ID, IMAGE_URL) VALUES (120, 8, 'https://a0.muscache.com/im/pictures/cc2bea6b-a3ca-4db8-adf6-a1477f0ef160.jpg?im_w=720');

INSERT INTO LOCATION (LOCATION_ID, LOCATION_NAME, COUNTRY, REGION, CITY, LATITUDE, LONGITUDE) VALUES (9, '지명9', ' 한국', ' 서울특별시', 'Hwigyeong 1(il)-dong', 37.59212, 127.05532);
INSERT INTO ACCOMODATION (`ACCOMODATION_ID`, `LOCATION_ID`, `ACCOMODATION_NAME`, `HOST_NAME`, `DISCRIPTION`, `ACCOMODATION_TYPE`, `PRICE`, `MAXIMUM_OCCUPANCY`, `AVERAGE_POINT`, `BED_ROOM`, `BATH_ROOM`, `BED_COUNT`,`OPTION`) VALUES (9, 9, '**clean&cozy room/경희대 도보 5분, 개인실(다락방)**', '호스트9', '설명9', '개인실', 822940, 1, 0.9, 1, 1,1, '주방,무선 인터넷,에어컨,헤어드라이어');
INSERT INTO IMAGE (IMAGE_ID, ACCOMODATION_ID, IMAGE_URL) VALUES (121, 9, 'https://a0.muscache.com/im/pictures/6042c3ea-fdc1-458b-af30-bb427d19b3e5.jpg?im_w=720');
INSERT INTO IMAGE (IMAGE_ID, ACCOMODATION_ID, IMAGE_URL) VALUES (122, 9, 'https://a0.muscache.com/im/pictures/1c390ffd-536e-4580-a572-ecb4d81b7b66.jpg?im_w=720');
INSERT INTO IMAGE (IMAGE_ID, ACCOMODATION_ID, IMAGE_URL) VALUES (123, 9, 'https://a0.muscache.com/im/pictures/9d5b40b0-d67c-4d06-b0a7-e73b3149d236.jpg?im_w=720');
INSERT INTO IMAGE (IMAGE_ID, ACCOMODATION_ID, IMAGE_URL) VALUES (124, 9, 'https://a0.muscache.com/im/pictures/149653b7-5818-4572-a5ce-b01b40ff54e5.jpg?im_w=720');
INSERT INTO IMAGE (IMAGE_ID, ACCOMODATION_ID, IMAGE_URL) VALUES (125, 9, 'https://a0.muscache.com/im/pictures/25e91df7-a146-470b-a1f7-1c15626fa4c8.jpg?im_w=720');
INSERT INTO IMAGE (IMAGE_ID, ACCOMODATION_ID, IMAGE_URL) VALUES (126, 9, 'https://a0.muscache.com/im/pictures/e83c72c6-c366-4e49-ac33-28fbb503b702.jpg?im_w=720');

INSERT INTO LOCATION (LOCATION_ID, LOCATION_NAME, COUNTRY, REGION, CITY, LATITUDE, LONGITUDE) VALUES (10, '지명10', ' 한국', ' 서울', 'Seongdong-gu', 37.56070540762793, 127.030323319165);
INSERT INTO ACCOMODATION (`ACCOMODATION_ID`, `LOCATION_ID`, `ACCOMODATION_NAME`, `HOST_NAME`, `DISCRIPTION`, `ACCOMODATION_TYPE`, `PRICE`, `MAXIMUM_OCCUPANCY`, `AVERAGE_POINT`, `BED_ROOM`, `BATH_ROOM`, `BED_COUNT`,`OPTION`) VALUES (10, 10, 'WOW▶[2A] only woman(family) hanyang/왕십리/종로/강남/홍대', '호스트10', '설명10', '개인실', 871081, 2, 2.0, 1, 1,1, '무선 인터넷,에어컨,헤어드라이어');
INSERT INTO IMAGE (IMAGE_ID, ACCOMODATION_ID, IMAGE_URL) VALUES (127, 10, 'https://a0.muscache.com/im/pictures/fcdcfe91-4936-4c2a-b7bd-a7b71da7f667.jpg?im_w=720');
INSERT INTO IMAGE (IMAGE_ID, ACCOMODATION_ID, IMAGE_URL) VALUES (128, 10, 'https://a0.muscache.com/im/pictures/5b71c0b7-c34a-4fbe-9b44-1a151ded2cce.jpg?im_w=720');
INSERT INTO IMAGE (IMAGE_ID, ACCOMODATION_ID, IMAGE_URL) VALUES (129, 10, 'https://a0.muscache.com/im/pictures/9c7a6557-e40b-4560-85e1-0e661c81605a.jpg?im_w=720');
INSERT INTO IMAGE (IMAGE_ID, ACCOMODATION_ID, IMAGE_URL) VALUES (130, 10, 'https://a0.muscache.com/im/pictures/89a2e102-9e19-427e-b3bd-855897a6d42f.jpg?im_w=720');
INSERT INTO IMAGE (IMAGE_ID, ACCOMODATION_ID, IMAGE_URL) VALUES (131, 10, 'https://a0.muscache.com/im/pictures/26794def-60dc-4f9e-8054-341a4e83811c.jpg?im_w=720');
INSERT INTO IMAGE (IMAGE_ID, ACCOMODATION_ID, IMAGE_URL) VALUES (132, 10, 'https://a0.muscache.com/im/pictures/346059f1-58e5-4c61-9364-9a4e0c7df802.jpg?im_w=720');
INSERT INTO IMAGE (IMAGE_ID, ACCOMODATION_ID, IMAGE_URL) VALUES (133, 10, 'https://a0.muscache.com/im/pictures/76969afe-5972-45f4-8165-e302e663e315.jpg?im_w=720');
INSERT INTO IMAGE (IMAGE_ID, ACCOMODATION_ID, IMAGE_URL) VALUES (134, 10, 'https://a0.muscache.com/im/pictures/85a3c105-b6e6-43e5-8ea3-c06106c8ddf9.jpg?im_w=720');
INSERT INTO IMAGE (IMAGE_ID, ACCOMODATION_ID, IMAGE_URL) VALUES (135, 10, 'https://a0.muscache.com/im/pictures/b2cf87a5-5fd0-466a-993c-37f434aea3a3.jpg?im_w=720');
INSERT INTO IMAGE (IMAGE_ID, ACCOMODATION_ID, IMAGE_URL) VALUES (136, 10, 'https://a0.muscache.com/im/pictures/4bfc3e7b-59d1-48fe-b1e4-8cce63b5dd5d.jpg?im_w=720');
INSERT INTO IMAGE (IMAGE_ID, ACCOMODATION_ID, IMAGE_URL) VALUES (137, 10, 'https://a0.muscache.com/im/pictures/6ede4e44-72fd-493c-b28c-eacd2249770a.jpg?im_w=720');
INSERT INTO IMAGE (IMAGE_ID, ACCOMODATION_ID, IMAGE_URL) VALUES (138, 10, 'https://a0.muscache.com/im/pictures/f02fb326-9817-4e85-a2c8-c8cf9c97a7fb.jpg?im_w=720');
INSERT INTO IMAGE (IMAGE_ID, ACCOMODATION_ID, IMAGE_URL) VALUES (139, 10, 'https://a0.muscache.com/im/pictures/cf7e6e53-4ab4-40e8-8634-f103b6ae1261.jpg?im_w=720');
INSERT INTO IMAGE (IMAGE_ID, ACCOMODATION_ID, IMAGE_URL) VALUES (140, 10, 'https://a0.muscache.com/im/pictures/431024c9-14e7-4dc3-97f2-24a015948a36.jpg?im_w=720');
INSERT INTO IMAGE (IMAGE_ID, ACCOMODATION_ID, IMAGE_URL) VALUES (141, 10, 'https://a0.muscache.com/im/pictures/04763299-918b-4485-a233-3f977f0b161f.jpg?im_w=720');
INSERT INTO IMAGE (IMAGE_ID, ACCOMODATION_ID, IMAGE_URL) VALUES (142, 10, 'https://a0.muscache.com/im/pictures/36bab44b-e829-4b20-9a82-8b72de3d2a4f.jpg?im_w=720');
INSERT INTO IMAGE (IMAGE_ID, ACCOMODATION_ID, IMAGE_URL) VALUES (143, 10, 'https://a0.muscache.com/im/pictures/d6493d3b-08b2-4782-84b7-a7549021bb90.jpg?im_w=720');
INSERT INTO IMAGE (IMAGE_ID, ACCOMODATION_ID, IMAGE_URL) VALUES (144, 10, 'https://a0.muscache.com/im/pictures/888a7dbb-b2d7-4b97-8ab6-4efdb8c1f04e.jpg?im_w=720');
INSERT INTO IMAGE (IMAGE_ID, ACCOMODATION_ID, IMAGE_URL) VALUES (145, 10, 'https://a0.muscache.com/im/pictures/ba22d94d-92a0-4263-8ca0-b52a83895c88.jpg?im_w=720');
INSERT INTO IMAGE (IMAGE_ID, ACCOMODATION_ID, IMAGE_URL) VALUES (146, 10, 'https://a0.muscache.com/im/pictures/4ba9c5a2-a9bc-4a8e-80b5-c5cdb079cc6b.jpg?im_w=720');
INSERT INTO IMAGE (IMAGE_ID, ACCOMODATION_ID, IMAGE_URL) VALUES (147, 10, 'https://a0.muscache.com/im/pictures/2a688bed-1134-4bcf-866b-be2c0168513e.jpg?im_w=720');
INSERT INTO IMAGE (IMAGE_ID, ACCOMODATION_ID, IMAGE_URL) VALUES (148, 10, 'https://a0.muscache.com/im/pictures/15c56f50-5999-47cd-81ba-ae0479c11d6c.jpg?im_w=720');
INSERT INTO IMAGE (IMAGE_ID, ACCOMODATION_ID, IMAGE_URL) VALUES (149, 10, 'https://a0.muscache.com/im/pictures/da908348-976e-4073-8a0e-0267b0a1e8df.jpg?im_w=720');
INSERT INTO IMAGE (IMAGE_ID, ACCOMODATION_ID, IMAGE_URL) VALUES (150, 10, 'https://a0.muscache.com/im/pictures/a880bec5-0b11-40fd-a04d-500fd426d879.jpg?im_w=720');
INSERT INTO IMAGE (IMAGE_ID, ACCOMODATION_ID, IMAGE_URL) VALUES (151, 10, 'https://a0.muscache.com/im/pictures/b403f019-de45-4960-a6f3-73a1f1660438.jpg?im_w=720');
INSERT INTO IMAGE (IMAGE_ID, ACCOMODATION_ID, IMAGE_URL) VALUES (152, 10, 'https://a0.muscache.com/im/pictures/7954a240-e905-4c74-b5a8-6db0faf7fd77.jpg?im_w=720');
INSERT INTO IMAGE (IMAGE_ID, ACCOMODATION_ID, IMAGE_URL) VALUES (153, 10, 'https://a0.muscache.com/im/pictures/153861bd-aa34-42fc-9141-2b01d3902685.jpg?im_w=720');
INSERT INTO IMAGE (IMAGE_ID, ACCOMODATION_ID, IMAGE_URL) VALUES (154, 10, 'https://a0.muscache.com/im/pictures/1a71e96f-18e2-48f4-acff-12cd6f9ec461.jpg?im_w=720');
INSERT INTO IMAGE (IMAGE_ID, ACCOMODATION_ID, IMAGE_URL) VALUES (155, 10, 'https://a0.muscache.com/im/pictures/c825dd99-4442-417b-a8a1-f1c82b1b2cd0.jpg?im_w=720');
INSERT INTO IMAGE (IMAGE_ID, ACCOMODATION_ID, IMAGE_URL) VALUES (156, 10, 'https://a0.muscache.com/im/pictures/2bcf77a2-ab03-4e61-b38c-b46e86c3c6fe.jpg?im_w=720');

INSERT INTO LOCATION (LOCATION_ID, LOCATION_NAME, COUNTRY, REGION, CITY, LATITUDE, LONGITUDE) VALUES (11, '지명11', ' 한국', ' 서울특별시', '서울특별시', 37.59347, 127.05344);
INSERT INTO ACCOMODATION (`ACCOMODATION_ID`, `LOCATION_ID`, `ACCOMODATION_NAME`, `HOST_NAME`, `DISCRIPTION`, `ACCOMODATION_TYPE`, `PRICE`, `MAXIMUM_OCCUPANCY`, `AVERAGE_POINT`, `BED_ROOM`, `BATH_ROOM`, `BED_COUNT`,`OPTION`) VALUES (11, 11, '*clean&cozy room/경희대 도보 5분, 개인실**', '호스트11', '설명11', '개인실', 806100, 1, 3.8, 1, 1,1, '주방,무선 인터넷,에어컨,헤어드라이어');
INSERT INTO IMAGE (IMAGE_ID, ACCOMODATION_ID, IMAGE_URL) VALUES (157, 11, 'https://a0.muscache.com/im/pictures/a92a4ce0-44d8-47af-b60b-6ca2ad08c6e3.jpg?im_w=720');
INSERT INTO IMAGE (IMAGE_ID, ACCOMODATION_ID, IMAGE_URL) VALUES (158, 11, 'https://a0.muscache.com/im/pictures/33ac38e2-ccab-4eb8-b915-ab457ce3c9df.jpg?im_w=720');
INSERT INTO IMAGE (IMAGE_ID, ACCOMODATION_ID, IMAGE_URL) VALUES (159, 11, 'https://a0.muscache.com/im/pictures/42709b7a-fd84-484e-bb27-3f2e77c6fe91.jpg?im_w=720');
INSERT INTO IMAGE (IMAGE_ID, ACCOMODATION_ID, IMAGE_URL) VALUES (160, 11, 'https://a0.muscache.com/im/pictures/74fb40c3-8830-4c87-a55c-42ba9f3d2c77.jpg?im_w=720');
INSERT INTO IMAGE (IMAGE_ID, ACCOMODATION_ID, IMAGE_URL) VALUES (161, 11, 'https://a0.muscache.com/im/pictures/e10063d4-1ae9-44a7-9253-dc87a272a9f6.jpg?im_w=720');
INSERT INTO IMAGE (IMAGE_ID, ACCOMODATION_ID, IMAGE_URL) VALUES (162, 11, 'https://a0.muscache.com/im/pictures/b2177dfe-b0b9-404c-9611-e77ad4296689.jpg?im_w=720');
INSERT INTO IMAGE (IMAGE_ID, ACCOMODATION_ID, IMAGE_URL) VALUES (163, 11, 'https://a0.muscache.com/im/pictures/9ddee81f-1bd9-4974-81a5-808678db22c2.jpg?im_w=720');
INSERT INTO IMAGE (IMAGE_ID, ACCOMODATION_ID, IMAGE_URL) VALUES (164, 11, 'https://a0.muscache.com/im/pictures/cbdb1964-090b-4956-a683-89e92dae73f1.jpg?im_w=720');

INSERT INTO LOCATION (LOCATION_ID, LOCATION_NAME, COUNTRY, REGION, CITY, LATITUDE, LONGITUDE) VALUES (12, '지명12', ' 한국', ' 서울', '성북구', 37.58438, 127.01867);
INSERT INTO ACCOMODATION (`ACCOMODATION_ID`, `LOCATION_ID`, `ACCOMODATION_NAME`, `HOST_NAME`, `DISCRIPTION`, `ACCOMODATION_TYPE`, `PRICE`, `MAXIMUM_OCCUPANCY`, `AVERAGE_POINT`, `BED_ROOM`, `BATH_ROOM`, `BED_COUNT`,`OPTION`) VALUES (12, 12, 'Bomun station, Korea University', '호스트12', '설명12', '집 전체', 304471, 1, 7.3, 1, 1,1, '주방,무선 인터넷,에어컨,헤어드라이어');
INSERT INTO IMAGE (IMAGE_ID, ACCOMODATION_ID, IMAGE_URL) VALUES (165, 12, 'https://a0.muscache.com/im/pictures/c7e471d9-d2f7-46ad-bb1f-ae3e36be0d62.jpg?im_w=720');
INSERT INTO IMAGE (IMAGE_ID, ACCOMODATION_ID, IMAGE_URL) VALUES (166, 12, 'https://a0.muscache.com/im/pictures/c64a2a22-c2c2-49c7-b353-c3b645703026.jpg?im_w=720');
INSERT INTO IMAGE (IMAGE_ID, ACCOMODATION_ID, IMAGE_URL) VALUES (167, 12, 'https://a0.muscache.com/im/pictures/106255402/a52c600e_original.jpg?im_w=720');
INSERT INTO IMAGE (IMAGE_ID, ACCOMODATION_ID, IMAGE_URL) VALUES (168, 12, 'https://a0.muscache.com/im/pictures/790c670f-28eb-43f3-b14e-d54b83b16e9b.jpg?im_w=720');
INSERT INTO IMAGE (IMAGE_ID, ACCOMODATION_ID, IMAGE_URL) VALUES (169, 12, 'https://a0.muscache.com/im/pictures/106255369/ea2b0b7d_original.jpg?im_w=720');
INSERT INTO IMAGE (IMAGE_ID, ACCOMODATION_ID, IMAGE_URL) VALUES (170, 12, 'https://a0.muscache.com/im/pictures/163d3925-36fe-47d5-9576-cf0399b8781a.jpg?im_w=720');
INSERT INTO IMAGE (IMAGE_ID, ACCOMODATION_ID, IMAGE_URL) VALUES (171, 12, 'https://a0.muscache.com/im/pictures/66407170-1ccf-4c0a-b3b3-1cddbb9448ab.jpg?im_w=720');
INSERT INTO IMAGE (IMAGE_ID, ACCOMODATION_ID, IMAGE_URL) VALUES (172, 12, 'https://a0.muscache.com/im/pictures/106255455/59dc9b7b_original.jpg?im_w=720');
INSERT INTO IMAGE (IMAGE_ID, ACCOMODATION_ID, IMAGE_URL) VALUES (173, 12, 'https://a0.muscache.com/im/pictures/106255541/244f147b_original.jpg?im_w=720');
INSERT INTO IMAGE (IMAGE_ID, ACCOMODATION_ID, IMAGE_URL) VALUES (174, 12, 'https://a0.muscache.com/im/pictures/106255585/18697ee8_original.jpg?im_w=720');
INSERT INTO IMAGE (IMAGE_ID, ACCOMODATION_ID, IMAGE_URL) VALUES (175, 12, 'https://a0.muscache.com/im/pictures/ef140b11-7d69-470b-9a6d-130487634747.jpg?im_w=720');
INSERT INTO IMAGE (IMAGE_ID, ACCOMODATION_ID, IMAGE_URL) VALUES (176, 12, 'https://a0.muscache.com/im/pictures/5c5e2978-e6bf-49db-ac15-b126c1fd1b98.jpg?im_w=720');
INSERT INTO IMAGE (IMAGE_ID, ACCOMODATION_ID, IMAGE_URL) VALUES (177, 12, 'https://a0.muscache.com/im/pictures/60329e3f-f593-4dc8-9c70-b7c48b49c93f.jpg?im_w=720');
INSERT INTO IMAGE (IMAGE_ID, ACCOMODATION_ID, IMAGE_URL) VALUES (178, 12, 'https://a0.muscache.com/im/pictures/3b9eaa2e-acfb-43ef-a202-3ec49ba9913c.jpg?im_w=720');
INSERT INTO IMAGE (IMAGE_ID, ACCOMODATION_ID, IMAGE_URL) VALUES (179, 12, 'https://a0.muscache.com/im/pictures/28591fa0-e3b3-480c-9e61-62bf352eadeb.jpg?im_w=720');
INSERT INTO IMAGE (IMAGE_ID, ACCOMODATION_ID, IMAGE_URL) VALUES (180, 12, 'https://a0.muscache.com/im/pictures/ba012493-634f-4dd5-93b1-6332be75889d.jpg?im_w=720');
INSERT INTO IMAGE (IMAGE_ID, ACCOMODATION_ID, IMAGE_URL) VALUES (181, 12, 'https://a0.muscache.com/im/pictures/106255755/7785fd60_original.jpg?im_w=720');
INSERT INTO IMAGE (IMAGE_ID, ACCOMODATION_ID, IMAGE_URL) VALUES (182, 12, 'https://a0.muscache.com/im/pictures/106255725/d879fa8f_original.jpg?im_w=720');
INSERT INTO IMAGE (IMAGE_ID, ACCOMODATION_ID, IMAGE_URL) VALUES (183, 12, 'https://a0.muscache.com/im/pictures/cdd81ef6-85bf-4cac-aa2e-54cd0c72dd7c.jpg?im_w=720');
INSERT INTO IMAGE (IMAGE_ID, ACCOMODATION_ID, IMAGE_URL) VALUES (184, 12, 'https://a0.muscache.com/im/pictures/106255490/a0a60ff3_original.jpg?im_w=720');
INSERT INTO IMAGE (IMAGE_ID, ACCOMODATION_ID, IMAGE_URL) VALUES (185, 12, 'https://a0.muscache.com/im/pictures/106255631/8593b29b_original.jpg?im_w=720');
INSERT INTO IMAGE (IMAGE_ID, ACCOMODATION_ID, IMAGE_URL) VALUES (186, 12, 'https://a0.muscache.com/im/pictures/106255654/21df6b08_original.jpg?im_w=720');
INSERT INTO IMAGE (IMAGE_ID, ACCOMODATION_ID, IMAGE_URL) VALUES (187, 12, 'https://a0.muscache.com/im/pictures/106255318/caae9520_original.jpg?im_w=720');
INSERT INTO IMAGE (IMAGE_ID, ACCOMODATION_ID, IMAGE_URL) VALUES (188, 12, 'https://a0.muscache.com/im/pictures/106255218/c31d2ef6_original.jpg?im_w=720');
INSERT INTO IMAGE (IMAGE_ID, ACCOMODATION_ID, IMAGE_URL) VALUES (189, 12, 'https://a0.muscache.com/im/pictures/106255252/fd785866_original.jpg?im_w=720');
INSERT INTO IMAGE (IMAGE_ID, ACCOMODATION_ID, IMAGE_URL) VALUES (190, 12, 'https://a0.muscache.com/im/pictures/106255774/e68295ea_original.jpg?im_w=720');
INSERT INTO IMAGE (IMAGE_ID, ACCOMODATION_ID, IMAGE_URL) VALUES (191, 12, 'https://a0.muscache.com/im/pictures/106255785/af766b7f_original.jpg?im_w=720');
INSERT INTO IMAGE (IMAGE_ID, ACCOMODATION_ID, IMAGE_URL) VALUES (192, 12, 'https://a0.muscache.com/im/pictures/106255802/4711e30e_original.jpg?im_w=720');
INSERT INTO IMAGE (IMAGE_ID, ACCOMODATION_ID, IMAGE_URL) VALUES (193, 12, 'https://a0.muscache.com/im/pictures/106255699/fbaf4879_original.jpg?im_w=720');
INSERT INTO IMAGE (IMAGE_ID, ACCOMODATION_ID, IMAGE_URL) VALUES (194, 12, 'https://a0.muscache.com/im/pictures/106255814/037e7b08_original.jpg?im_w=720');

INSERT INTO LOCATION (LOCATION_ID, LOCATION_NAME, COUNTRY, REGION, CITY, LATITUDE, LONGITUDE) VALUES (13, '지명13', ' 서울', ' Dongdaemun-gu', 'Yongdu-dong', 37.5787, 127.03501);
INSERT INTO ACCOMODATION (`ACCOMODATION_ID`, `LOCATION_ID`, `ACCOMODATION_NAME`, `HOST_NAME`, `DISCRIPTION`, `ACCOMODATION_TYPE`, `PRICE`, `MAXIMUM_OCCUPANCY`, `AVERAGE_POINT`, `BED_ROOM`, `BATH_ROOM`, `BED_COUNT`,`OPTION`) VALUES (13, 13, '[상시소독,  장기 고객 초저가 할인중 ] ATLIER 21', '호스트13', '설명13', '집 전체', 439980, 3, 9.5, 1, 1,1, '주방,무선 인터넷,에어컨,헤어드라이어');
INSERT INTO IMAGE (IMAGE_ID, ACCOMODATION_ID, IMAGE_URL) VALUES (195, 13, 'https://a0.muscache.com/im/pictures/f8bff32b-8d16-4fd7-90d4-58fd6573d9ff.jpg?im_w=720');
INSERT INTO IMAGE (IMAGE_ID, ACCOMODATION_ID, IMAGE_URL) VALUES (196, 13, 'https://a0.muscache.com/im/pictures/f6fbb488-746a-47f3-851d-bde516d9e8e6.jpg?im_w=720');
INSERT INTO IMAGE (IMAGE_ID, ACCOMODATION_ID, IMAGE_URL) VALUES (197, 13, 'https://a0.muscache.com/im/pictures/6ad16fdf-af2b-44a0-8329-06345d9610cb.jpg?im_w=720');
INSERT INTO IMAGE (IMAGE_ID, ACCOMODATION_ID, IMAGE_URL) VALUES (198, 13, 'https://a0.muscache.com/im/pictures/b3c7b7e7-4da2-42ba-bdb7-3eba160f2654.jpg?im_w=720');
INSERT INTO IMAGE (IMAGE_ID, ACCOMODATION_ID, IMAGE_URL) VALUES (199, 13, 'https://a0.muscache.com/im/pictures/60d4f294-9637-473e-81b3-47dc8b63fca7.jpg?im_w=720');
INSERT INTO IMAGE (IMAGE_ID, ACCOMODATION_ID, IMAGE_URL) VALUES (200, 13, 'https://a0.muscache.com/im/pictures/633b4713-d5d0-4aa6-8d0d-9f5e65544c16.jpg?im_w=720');
INSERT INTO IMAGE (IMAGE_ID, ACCOMODATION_ID, IMAGE_URL) VALUES (201, 13, 'https://a0.muscache.com/im/pictures/9fffdfbf-1295-4916-ac7c-a720c73be4b0.jpg?im_w=720');
INSERT INTO IMAGE (IMAGE_ID, ACCOMODATION_ID, IMAGE_URL) VALUES (202, 13, 'https://a0.muscache.com/im/pictures/bd3811f1-c682-4fb5-b5c9-673fc7083358.jpg?im_w=720');
INSERT INTO IMAGE (IMAGE_ID, ACCOMODATION_ID, IMAGE_URL) VALUES (203, 13, 'https://a0.muscache.com/im/pictures/f5c48ebb-1c01-42d1-bbd6-8f9f1caeac9a.jpg?im_w=720');
INSERT INTO IMAGE (IMAGE_ID, ACCOMODATION_ID, IMAGE_URL) VALUES (204, 13, 'https://a0.muscache.com/im/pictures/cbca60b7-33e6-4e2d-a193-c78e8e9fa703.jpg?im_w=720');
INSERT INTO IMAGE (IMAGE_ID, ACCOMODATION_ID, IMAGE_URL) VALUES (205, 13, 'https://a0.muscache.com/im/pictures/0714bdbc-3f78-42f4-9e40-ac346d540819.jpg?im_w=720');
INSERT INTO IMAGE (IMAGE_ID, ACCOMODATION_ID, IMAGE_URL) VALUES (206, 13, 'https://a0.muscache.com/im/pictures/979982a8-821b-4e1a-9478-9299b3ad940f.jpg?im_w=720');
INSERT INTO IMAGE (IMAGE_ID, ACCOMODATION_ID, IMAGE_URL) VALUES (207, 13, 'https://a0.muscache.com/im/pictures/a0736ab4-d270-4216-a26e-57f1200f08e3.jpg?im_w=720');
INSERT INTO IMAGE (IMAGE_ID, ACCOMODATION_ID, IMAGE_URL) VALUES (208, 13, 'https://a0.muscache.com/im/pictures/0f573419-d6fb-465b-b770-c5994ef6bb69.jpg?im_w=720');
INSERT INTO IMAGE (IMAGE_ID, ACCOMODATION_ID, IMAGE_URL) VALUES (209, 13, 'https://a0.muscache.com/im/pictures/2e0fde77-63f9-4c8c-b33c-930fba75ace6.jpg?im_w=720');
INSERT INTO IMAGE (IMAGE_ID, ACCOMODATION_ID, IMAGE_URL) VALUES (210, 13, 'https://a0.muscache.com/im/pictures/72931aa1-0cc5-40cc-b8ca-4b5532797430.jpg?im_w=720');
INSERT INTO IMAGE (IMAGE_ID, ACCOMODATION_ID, IMAGE_URL) VALUES (211, 13, 'https://a0.muscache.com/im/pictures/1ce50bdc-bfb7-4ff6-9332-19e7d344b54f.jpg?im_w=720');
INSERT INTO IMAGE (IMAGE_ID, ACCOMODATION_ID, IMAGE_URL) VALUES (212, 13, 'https://a0.muscache.com/im/pictures/9d07ef63-a5cd-40da-9f42-35401149bf86.jpg?im_w=720');
INSERT INTO IMAGE (IMAGE_ID, ACCOMODATION_ID, IMAGE_URL) VALUES (213, 13, 'https://a0.muscache.com/im/pictures/791d56ae-a68e-4eb4-9ee5-a25635787596.jpg?im_w=720');
INSERT INTO IMAGE (IMAGE_ID, ACCOMODATION_ID, IMAGE_URL) VALUES (214, 13, 'https://a0.muscache.com/im/pictures/169819e5-d33a-48b4-a29d-ecf24db27c6b.jpg?im_w=720');
INSERT INTO IMAGE (IMAGE_ID, ACCOMODATION_ID, IMAGE_URL) VALUES (215, 13, 'https://a0.muscache.com/im/pictures/b19840bf-8821-4a02-aad6-8e919a7ad819.jpg?im_w=720');
INSERT INTO IMAGE (IMAGE_ID, ACCOMODATION_ID, IMAGE_URL) VALUES (216, 13, 'https://a0.muscache.com/im/pictures/e9e07d12-9287-4ec1-9fe1-06d896dd761b.jpg?im_w=720');
INSERT INTO IMAGE (IMAGE_ID, ACCOMODATION_ID, IMAGE_URL) VALUES (217, 13, 'https://a0.muscache.com/im/pictures/ec7312d6-d035-4289-8e4e-89882d27928b.jpg?im_w=720');
INSERT INTO IMAGE (IMAGE_ID, ACCOMODATION_ID, IMAGE_URL) VALUES (218, 13, 'https://a0.muscache.com/im/pictures/8e9d1859-3823-43ab-9243-e6a10c6113b1.jpg?im_w=720');
INSERT INTO IMAGE (IMAGE_ID, ACCOMODATION_ID, IMAGE_URL) VALUES (219, 13, 'https://a0.muscache.com/im/pictures/06ccf8da-87f8-4041-afd8-996731c559bc.jpg?im_w=720');

INSERT INTO LOCATION (LOCATION_ID, LOCATION_NAME, COUNTRY, REGION, CITY, LATITUDE, LONGITUDE) VALUES (14, '지명14', ' 서울', ' Dongdaemun-gu', 'Jeonnong 1(il)-dong', 37.57798, 127.04604);
INSERT INTO ACCOMODATION (`ACCOMODATION_ID`, `LOCATION_ID`, `ACCOMODATION_NAME`, `HOST_NAME`, `DISCRIPTION`, `ACCOMODATION_TYPE`, `PRICE`, `MAXIMUM_OCCUPANCY`, `AVERAGE_POINT`, `BED_ROOM`, `BATH_ROOM`, `BED_COUNT`,`OPTION`) VALUES (14, 14, 'Jelly House - Private Big Single Room', '호스트14', '설명14', '개인실', 142257, 1, 7.7, 1, 2,1, '주방,무선 인터넷,에어컨,헤어드라이어');
INSERT INTO IMAGE (IMAGE_ID, ACCOMODATION_ID, IMAGE_URL) VALUES (220, 14, 'https://a0.muscache.com/im/pictures/miso/Hosting-40745973/original/83305a0c-e8d1-4ddd-b30c-ca7d7c53b461.jpeg?im_w=720');
INSERT INTO IMAGE (IMAGE_ID, ACCOMODATION_ID, IMAGE_URL) VALUES (221, 14, 'https://a0.muscache.com/im/pictures/miso/Hosting-40745973/original/5cb7650e-7b78-4b20-ae7c-65f9defbbfe8.jpeg?im_w=720');
INSERT INTO IMAGE (IMAGE_ID, ACCOMODATION_ID, IMAGE_URL) VALUES (222, 14, 'https://a0.muscache.com/im/pictures/miso/Hosting-40745973/original/53c961b6-6b0b-4ec5-a0c9-58c546b0ab3f.jpeg?im_w=720');
INSERT INTO IMAGE (IMAGE_ID, ACCOMODATION_ID, IMAGE_URL) VALUES (223, 14, 'https://a0.muscache.com/im/pictures/miso/Hosting-40745973/original/400bf439-601b-4029-bf25-16f8336a3dfa.jpeg?im_w=720');
INSERT INTO IMAGE (IMAGE_ID, ACCOMODATION_ID, IMAGE_URL) VALUES (224, 14, 'https://a0.muscache.com/im/pictures/miso/Hosting-40745973/original/a8751204-6eb8-4dc3-a467-2931ad0b5c1b.jpeg?im_w=720');
INSERT INTO IMAGE (IMAGE_ID, ACCOMODATION_ID, IMAGE_URL) VALUES (225, 14, 'https://a0.muscache.com/im/pictures/miso/Hosting-40745973/original/ae0e3a0a-bce3-4d79-9329-8aecb94f4fa6.jpeg?im_w=720');
INSERT INTO IMAGE (IMAGE_ID, ACCOMODATION_ID, IMAGE_URL) VALUES (226, 14, 'https://a0.muscache.com/im/pictures/miso/Hosting-40745973/original/d49a913d-2461-4064-92a1-d1fa8d0f1470.jpeg?im_w=720');
INSERT INTO IMAGE (IMAGE_ID, ACCOMODATION_ID, IMAGE_URL) VALUES (227, 14, 'https://a0.muscache.com/im/pictures/miso/Hosting-40745973/original/75539205-669b-4418-829c-4d7ab5c274fd.jpeg?im_w=720');
INSERT INTO IMAGE (IMAGE_ID, ACCOMODATION_ID, IMAGE_URL) VALUES (228, 14, 'https://a0.muscache.com/im/pictures/miso/Hosting-40745973/original/8fd44866-494e-46e2-8c67-a8cc55180087.jpeg?im_w=720');
INSERT INTO IMAGE (IMAGE_ID, ACCOMODATION_ID, IMAGE_URL) VALUES (229, 14, 'https://a0.muscache.com/im/pictures/miso/Hosting-40745973/original/02e1e636-1a9c-4992-8182-55df8359daed.jpeg?im_w=720');
INSERT INTO IMAGE (IMAGE_ID, ACCOMODATION_ID, IMAGE_URL) VALUES (230, 14, 'https://a0.muscache.com/im/pictures/miso/Hosting-40745973/original/9415db46-728f-4d02-8f2c-723172c2a2da.jpeg?im_w=720');
INSERT INTO IMAGE (IMAGE_ID, ACCOMODATION_ID, IMAGE_URL) VALUES (231, 14, 'https://a0.muscache.com/im/pictures/98990621-d697-4f60-97ef-f5d8c34c9c7d.jpg?im_w=720');
INSERT INTO IMAGE (IMAGE_ID, ACCOMODATION_ID, IMAGE_URL) VALUES (232, 14, 'https://a0.muscache.com/im/pictures/c6b474d3-b23c-49df-8eb6-7331b690b8c4.jpg?im_w=720');
INSERT INTO IMAGE (IMAGE_ID, ACCOMODATION_ID, IMAGE_URL) VALUES (233, 14, 'https://a0.muscache.com/im/pictures/miso/Hosting-40745973/original/48684548-e2a4-457f-ad49-9d86574a288f.jpeg?im_w=720');
INSERT INTO IMAGE (IMAGE_ID, ACCOMODATION_ID, IMAGE_URL) VALUES (234, 14, 'https://a0.muscache.com/im/pictures/miso/Hosting-40745973/original/a0a4dc5a-221d-45de-bcdd-e1ba9c6a29d7.jpeg?im_w=720');
INSERT INTO IMAGE (IMAGE_ID, ACCOMODATION_ID, IMAGE_URL) VALUES (235, 14, 'https://a0.muscache.com/im/pictures/c43fb815-5eb5-448b-b0fc-c836110a635b.jpg?im_w=720');
INSERT INTO IMAGE (IMAGE_ID, ACCOMODATION_ID, IMAGE_URL) VALUES (236, 14, 'https://a0.muscache.com/im/pictures/1877ff06-bb12-4e9e-beed-afd78c4079a4.jpg?im_w=720');
INSERT INTO IMAGE (IMAGE_ID, ACCOMODATION_ID, IMAGE_URL) VALUES (237, 14, 'https://a0.muscache.com/im/pictures/miso/Hosting-40745973/original/1b3139fb-9fc2-436d-a160-fab78054f830.jpeg?im_w=720');
INSERT INTO IMAGE (IMAGE_ID, ACCOMODATION_ID, IMAGE_URL) VALUES (238, 14, 'https://a0.muscache.com/im/pictures/miso/Hosting-40745973/original/a5cdb9b0-5e6c-45e4-a31a-754f6da15009.jpeg?im_w=720');
INSERT INTO IMAGE (IMAGE_ID, ACCOMODATION_ID, IMAGE_URL) VALUES (239, 14, 'https://a0.muscache.com/im/pictures/miso/Hosting-40745973/original/3f712c56-df0d-484f-ac91-c508d5886bec.jpeg?im_w=720');
INSERT INTO IMAGE (IMAGE_ID, ACCOMODATION_ID, IMAGE_URL) VALUES (240, 14, 'https://a0.muscache.com/im/pictures/1488d6ea-5b7d-4571-9374-0eb79c97a50b.jpg?im_w=720');
INSERT INTO IMAGE (IMAGE_ID, ACCOMODATION_ID, IMAGE_URL) VALUES (241, 14, 'https://a0.muscache.com/im/pictures/miso/Hosting-40745973/original/bf61083d-431f-4a76-b1fa-b184f3fa6f8d.jpeg?im_w=720');
INSERT INTO IMAGE (IMAGE_ID, ACCOMODATION_ID, IMAGE_URL) VALUES (242, 14, 'https://a0.muscache.com/im/pictures/miso/Hosting-40745973/original/fe790409-fae2-4239-8320-91070dc7ed0d.jpeg?im_w=720');
INSERT INTO IMAGE (IMAGE_ID, ACCOMODATION_ID, IMAGE_URL) VALUES (243, 14, 'https://a0.muscache.com/im/pictures/1a0fa0ac-d1c9-40cb-b3ed-398a94bf6a61.jpg?im_w=720');
INSERT INTO IMAGE (IMAGE_ID, ACCOMODATION_ID, IMAGE_URL) VALUES (244, 14, 'https://a0.muscache.com/im/pictures/miso/Hosting-40745973/original/6b012151-c02d-42dc-90a3-fd20315bc0c6.jpeg?im_w=720');
INSERT INTO IMAGE (IMAGE_ID, ACCOMODATION_ID, IMAGE_URL) VALUES (245, 14, 'https://a0.muscache.com/im/pictures/miso/Hosting-40745973/original/0824fce7-b424-488b-bd43-83ae6a2bbad4.jpeg?im_w=720');

INSERT INTO LOCATION (LOCATION_ID, LOCATION_NAME, COUNTRY, REGION, CITY, LATITUDE, LONGITUDE) VALUES (15, '지명15', ' 한국', ' 서울', '성북구', 37.59067, 127.01221);
INSERT INTO ACCOMODATION (`ACCOMODATION_ID`, `LOCATION_ID`, `ACCOMODATION_NAME`, `HOST_NAME`, `DISCRIPTION`, `ACCOMODATION_TYPE`, `PRICE`, `MAXIMUM_OCCUPANCY`, `AVERAGE_POINT`, `BED_ROOM`, `BATH_ROOM`, `BED_COUNT`,`OPTION`) VALUES (15, 15, 'Kevins home 3 (For one person.)', '호스트15', '설명15', '집 전체', 329474, 1, 2.6, 1, 1,1, '주방,무선 인터넷,에어컨,헤어드라이어');
INSERT INTO IMAGE (IMAGE_ID, ACCOMODATION_ID, IMAGE_URL) VALUES (246, 15, 'https://a0.muscache.com/im/pictures/2afd6b49-159e-436b-893d-498bcaa4350e.jpg?im_w=720');
INSERT INTO IMAGE (IMAGE_ID, ACCOMODATION_ID, IMAGE_URL) VALUES (247, 15, 'https://a0.muscache.com/im/pictures/56ac81ff-433c-4e95-92d2-9ebd859af4e3.jpg?im_w=720');
INSERT INTO IMAGE (IMAGE_ID, ACCOMODATION_ID, IMAGE_URL) VALUES (248, 15, 'https://a0.muscache.com/im/pictures/82aa0743-2720-44b2-be4f-0f8aec95dfa3.jpg?im_w=720');
INSERT INTO IMAGE (IMAGE_ID, ACCOMODATION_ID, IMAGE_URL) VALUES (249, 15, 'https://a0.muscache.com/im/pictures/113f6534-22a5-4923-845f-2e8a609e51ee.jpg?im_w=720');
INSERT INTO IMAGE (IMAGE_ID, ACCOMODATION_ID, IMAGE_URL) VALUES (250, 15, 'https://a0.muscache.com/im/pictures/a56d3dfd-df88-40c6-acab-f3826ea49c0c.jpg?im_w=720');
INSERT INTO IMAGE (IMAGE_ID, ACCOMODATION_ID, IMAGE_URL) VALUES (251, 15, 'https://a0.muscache.com/im/pictures/2515f275-0e7d-49fe-a911-20c205b2588b.jpg?im_w=720');
INSERT INTO IMAGE (IMAGE_ID, ACCOMODATION_ID, IMAGE_URL) VALUES (252, 15, 'https://a0.muscache.com/im/pictures/c10829b3-73ef-4528-b505-f587d8db3415.jpg?im_w=720');
INSERT INTO IMAGE (IMAGE_ID, ACCOMODATION_ID, IMAGE_URL) VALUES (253, 15, 'https://a0.muscache.com/im/pictures/90dc666c-0fe2-42bc-9000-6ea143b860a1.jpg?im_w=720');
INSERT INTO IMAGE (IMAGE_ID, ACCOMODATION_ID, IMAGE_URL) VALUES (254, 15, 'https://a0.muscache.com/im/pictures/9356effc-805a-4490-ad11-0e84ae8986ba.jpg?im_w=720');
INSERT INTO IMAGE (IMAGE_ID, ACCOMODATION_ID, IMAGE_URL) VALUES (255, 15, 'https://a0.muscache.com/im/pictures/1c0b32de-1888-43df-b560-e90a7bc7600f.jpg?im_w=720');
INSERT INTO IMAGE (IMAGE_ID, ACCOMODATION_ID, IMAGE_URL) VALUES (256, 15, 'https://a0.muscache.com/im/pictures/4af05440-2e74-49b9-9317-c9bbab66eea8.jpg?im_w=720');
INSERT INTO IMAGE (IMAGE_ID, ACCOMODATION_ID, IMAGE_URL) VALUES (257, 15, 'https://a0.muscache.com/im/pictures/a082282d-7d68-4690-b2cf-4487acbbcd26.jpg?im_w=720');
INSERT INTO IMAGE (IMAGE_ID, ACCOMODATION_ID, IMAGE_URL) VALUES (258, 15, 'https://a0.muscache.com/im/pictures/e503002a-c016-446a-b97d-dee33ee57f56.jpg?im_w=720');
INSERT INTO IMAGE (IMAGE_ID, ACCOMODATION_ID, IMAGE_URL) VALUES (259, 15, 'https://a0.muscache.com/im/pictures/6c4e2cc4-d943-447d-a701-a31d82178548.jpg?im_w=720');
INSERT INTO IMAGE (IMAGE_ID, ACCOMODATION_ID, IMAGE_URL) VALUES (260, 15, 'https://a0.muscache.com/im/pictures/b2855b7d-b5b2-43d8-9dc2-afa2b7717303.jpg?im_w=720');
INSERT INTO IMAGE (IMAGE_ID, ACCOMODATION_ID, IMAGE_URL) VALUES (261, 15, 'https://a0.muscache.com/im/pictures/f724c446-6e0d-49cd-8a0f-dc11851b8c8e.jpg?im_w=720');
INSERT INTO IMAGE (IMAGE_ID, ACCOMODATION_ID, IMAGE_URL) VALUES (262, 15, 'https://a0.muscache.com/im/pictures/d829dc41-9a33-4fa2-99bc-1ee87884112e.jpg?im_w=720');
INSERT INTO IMAGE (IMAGE_ID, ACCOMODATION_ID, IMAGE_URL) VALUES (263, 15, 'https://a0.muscache.com/im/pictures/5b6af1cc-39c1-4875-b511-70c1cbd8b939.jpg?im_w=720');
INSERT INTO IMAGE (IMAGE_ID, ACCOMODATION_ID, IMAGE_URL) VALUES (264, 15, 'https://a0.muscache.com/im/pictures/61e44bb3-0981-4f1e-97d4-4362faf45941.jpg?im_w=720');
INSERT INTO IMAGE (IMAGE_ID, ACCOMODATION_ID, IMAGE_URL) VALUES (265, 15, 'https://a0.muscache.com/im/pictures/6272a8c3-6c90-4ba4-bcb6-62dba2a3804c.jpg?im_w=720');
INSERT INTO IMAGE (IMAGE_ID, ACCOMODATION_ID, IMAGE_URL) VALUES (266, 15, 'https://a0.muscache.com/im/pictures/d8bcf637-0e48-4c98-a569-8ba7e0638cd6.jpg?im_w=720');
INSERT INTO IMAGE (IMAGE_ID, ACCOMODATION_ID, IMAGE_URL) VALUES (267, 15, 'https://a0.muscache.com/im/pictures/437ac739-1b25-4df8-bd49-395345e1bf66.jpg?im_w=720');
INSERT INTO IMAGE (IMAGE_ID, ACCOMODATION_ID, IMAGE_URL) VALUES (268, 15, 'https://a0.muscache.com/im/pictures/9916b53f-61f6-464b-bf2b-6e0c15c7f44d.jpg?im_w=720');
INSERT INTO IMAGE (IMAGE_ID, ACCOMODATION_ID, IMAGE_URL) VALUES (269, 15, 'https://a0.muscache.com/im/pictures/b1cec547-4a36-4636-ad53-01bd796efe6f.jpg?im_w=720');
INSERT INTO IMAGE (IMAGE_ID, ACCOMODATION_ID, IMAGE_URL) VALUES (270, 15, 'https://a0.muscache.com/im/pictures/42d5bba2-a30b-47fb-a3c5-c2e4a1700d2a.jpg?im_w=720');

INSERT INTO LOCATION (LOCATION_ID, LOCATION_NAME, COUNTRY, REGION, CITY, LATITUDE, LONGITUDE) VALUES (16, '지명16', ' 서울', ' Dongdaemun-gu', 'Jeonnong 1(il)-dong', 37.58231, 127.04903);
INSERT INTO ACCOMODATION (`ACCOMODATION_ID`, `LOCATION_ID`, `ACCOMODATION_NAME`, `HOST_NAME`, `DISCRIPTION`, `ACCOMODATION_TYPE`, `PRICE`, `MAXIMUM_OCCUPANCY`, `AVERAGE_POINT`, `BED_ROOM`, `BATH_ROOM`, `BED_COUNT`,`OPTION`) VALUES (16, 16, '[여성 전용] 청량리역 도보3분 예쁜 공간 / 자가격리 이용 불가', '호스트16', '설명16', '개인실', 384516, 2, 3.1, 1, 1,1, '주방,무선 인터넷,에어컨,헤어드라이어');
INSERT INTO IMAGE (IMAGE_ID, ACCOMODATION_ID, IMAGE_URL) VALUES (271, 16, 'https://a0.muscache.com/im/pictures/8ac26180-80b3-4e8d-9cf5-9e015f37d36a.jpg?im_w=720');
INSERT INTO IMAGE (IMAGE_ID, ACCOMODATION_ID, IMAGE_URL) VALUES (272, 16, 'https://a0.muscache.com/im/pictures/61a1e42e-bf84-462b-8217-f249a82d4c69.jpg?im_w=720');
INSERT INTO IMAGE (IMAGE_ID, ACCOMODATION_ID, IMAGE_URL) VALUES (273, 16, 'https://a0.muscache.com/im/pictures/039944c0-e0ae-48ea-b133-4ce533827d3f.jpg?im_w=720');
INSERT INTO IMAGE (IMAGE_ID, ACCOMODATION_ID, IMAGE_URL) VALUES (274, 16, 'https://a0.muscache.com/im/pictures/f08af1e0-31d7-4c97-ae99-14b6b8f99e37.jpg?im_w=720');
INSERT INTO IMAGE (IMAGE_ID, ACCOMODATION_ID, IMAGE_URL) VALUES (275, 16, 'https://a0.muscache.com/im/pictures/b50478dd-1704-4dbe-aece-ad2e2ef606f3.jpg?im_w=720');
INSERT INTO IMAGE (IMAGE_ID, ACCOMODATION_ID, IMAGE_URL) VALUES (276, 16, 'https://a0.muscache.com/im/pictures/33cd6988-591f-4ef7-bee9-1ed1cf83cf78.jpg?im_w=720');
INSERT INTO IMAGE (IMAGE_ID, ACCOMODATION_ID, IMAGE_URL) VALUES (277, 16, 'https://a0.muscache.com/im/pictures/3ecca16f-b7f3-4a46-8283-6a91ac502d75.jpg?im_w=720');
INSERT INTO IMAGE (IMAGE_ID, ACCOMODATION_ID, IMAGE_URL) VALUES (278, 16, 'https://a0.muscache.com/im/pictures/e943328c-1a2a-4291-8163-3dc38c187b70.jpg?im_w=720');
INSERT INTO IMAGE (IMAGE_ID, ACCOMODATION_ID, IMAGE_URL) VALUES (279, 16, 'https://a0.muscache.com/im/pictures/51df5598-dca8-48fb-8c3d-9c60c4ee1fc6.jpg?im_w=720');
INSERT INTO IMAGE (IMAGE_ID, ACCOMODATION_ID, IMAGE_URL) VALUES (280, 16, 'https://a0.muscache.com/im/pictures/cdb421f5-1db7-4418-a744-d571c235360f.jpg?im_w=720');
INSERT INTO IMAGE (IMAGE_ID, ACCOMODATION_ID, IMAGE_URL) VALUES (281, 16, 'https://a0.muscache.com/im/pictures/d8195e8c-99bb-4238-9be8-11a086a0d7b9.jpg?im_w=720');
INSERT INTO IMAGE (IMAGE_ID, ACCOMODATION_ID, IMAGE_URL) VALUES (282, 16, 'https://a0.muscache.com/im/pictures/a974d3ec-88bc-44f2-812d-b8980170a932.jpg?im_w=720');
INSERT INTO IMAGE (IMAGE_ID, ACCOMODATION_ID, IMAGE_URL) VALUES (283, 16, 'https://a0.muscache.com/im/pictures/ae5d7b60-ba44-4986-97a8-ae2db60bd3ce.jpg?im_w=720');
INSERT INTO IMAGE (IMAGE_ID, ACCOMODATION_ID, IMAGE_URL) VALUES (284, 16, 'https://a0.muscache.com/im/pictures/f10a0818-643f-43c2-9eee-e946e9487b8c.jpg?im_w=720');
INSERT INTO IMAGE (IMAGE_ID, ACCOMODATION_ID, IMAGE_URL) VALUES (285, 16, 'https://a0.muscache.com/im/pictures/16eb6003-d766-4815-9481-21a1e75fdf3e.jpg?im_w=720');

INSERT INTO LOCATION (LOCATION_ID, LOCATION_NAME, COUNTRY, REGION, CITY, LATITUDE, LONGITUDE) VALUES (17, '지명17', ' 한국', ' 서울', '동대문구', 37.57014, 127.0295);
INSERT INTO ACCOMODATION (`ACCOMODATION_ID`, `LOCATION_ID`, `ACCOMODATION_NAME`, `HOST_NAME`, `DISCRIPTION`, `ACCOMODATION_TYPE`, `PRICE`, `MAXIMUM_OCCUPANCY`, `AVERAGE_POINT`, `BED_ROOM`, `BATH_ROOM`, `BED_COUNT`,`OPTION`) VALUES (17, 17, 'NEW OPEN #빔프로젝터#넷플릭스#청계천#뷰 #특별한추억 #봄햇살 #신설동역,용두역', '호스트17', '설명17', '집 전체', 693437, 2, 4.9, 0, 1,0, '주방,무선 인터넷,에어컨,헤어드라이어');
INSERT INTO IMAGE (IMAGE_ID, ACCOMODATION_ID, IMAGE_URL) VALUES (286, 17, 'https://a0.muscache.com/im/pictures/093257cf-c521-46a9-8601-bcc7341a59ec.jpg?im_w=720');
INSERT INTO IMAGE (IMAGE_ID, ACCOMODATION_ID, IMAGE_URL) VALUES (287, 17, 'https://a0.muscache.com/im/pictures/0bc20d8a-6302-4ddf-9ba3-30ab61642fed.jpg?im_w=720');
INSERT INTO IMAGE (IMAGE_ID, ACCOMODATION_ID, IMAGE_URL) VALUES (288, 17, 'https://a0.muscache.com/im/pictures/223b28e1-ac3d-4cad-a15d-1ea9a0d09acb.jpg?im_w=720');
INSERT INTO IMAGE (IMAGE_ID, ACCOMODATION_ID, IMAGE_URL) VALUES (289, 17, 'https://a0.muscache.com/im/pictures/96e010a9-772f-4f62-8753-293d8c71db47.jpg?im_w=720');
INSERT INTO IMAGE (IMAGE_ID, ACCOMODATION_ID, IMAGE_URL) VALUES (290, 17, 'https://a0.muscache.com/im/pictures/927aeb2a-94b4-46f5-aa00-0340d2dd58d3.jpg?im_w=720');
INSERT INTO IMAGE (IMAGE_ID, ACCOMODATION_ID, IMAGE_URL) VALUES (291, 17, 'https://a0.muscache.com/im/pictures/b692a865-5e0b-4b00-a1e2-7aaf79e6d9a5.jpg?im_w=720');
INSERT INTO IMAGE (IMAGE_ID, ACCOMODATION_ID, IMAGE_URL) VALUES (292, 17, 'https://a0.muscache.com/im/pictures/f0c54c22-a8fa-4cae-8c80-cb8ffc283158.jpg?im_w=720');
INSERT INTO IMAGE (IMAGE_ID, ACCOMODATION_ID, IMAGE_URL) VALUES (293, 17, 'https://a0.muscache.com/im/pictures/57b60a1f-16db-49b6-8f85-304990c31b95.jpg?im_w=720');
INSERT INTO IMAGE (IMAGE_ID, ACCOMODATION_ID, IMAGE_URL) VALUES (294, 17, 'https://a0.muscache.com/im/pictures/99bb3898-bd7a-4f5f-9185-c6c4243ca004.jpg?im_w=720');
INSERT INTO IMAGE (IMAGE_ID, ACCOMODATION_ID, IMAGE_URL) VALUES (295, 17, 'https://a0.muscache.com/im/pictures/e3008744-bbd8-4dc6-b5b2-cc31ce911791.jpg?im_w=720');
INSERT INTO IMAGE (IMAGE_ID, ACCOMODATION_ID, IMAGE_URL) VALUES (296, 17, 'https://a0.muscache.com/im/pictures/38c3cc10-ba47-46ff-9b10-73189f573474.jpg?im_w=720');
INSERT INTO IMAGE (IMAGE_ID, ACCOMODATION_ID, IMAGE_URL) VALUES (297, 17, 'https://a0.muscache.com/im/pictures/b8e553f1-cc16-494d-8bf8-5517264088cc.jpg?im_w=720');
INSERT INTO IMAGE (IMAGE_ID, ACCOMODATION_ID, IMAGE_URL) VALUES (298, 17, 'https://a0.muscache.com/im/pictures/a0ec86ff-230e-4174-bc4b-572f499989d6.jpg?im_w=720');
INSERT INTO IMAGE (IMAGE_ID, ACCOMODATION_ID, IMAGE_URL) VALUES (299, 17, 'https://a0.muscache.com/im/pictures/6516f236-b842-4281-86f8-863b2721514f.jpg?im_w=720');
INSERT INTO IMAGE (IMAGE_ID, ACCOMODATION_ID, IMAGE_URL) VALUES (300, 17, 'https://a0.muscache.com/im/pictures/c72ebcef-c25c-411e-9a29-606694f6d1c4.jpg?im_w=720');
INSERT INTO IMAGE (IMAGE_ID, ACCOMODATION_ID, IMAGE_URL) VALUES (301, 17, 'https://a0.muscache.com/im/pictures/32eca492-ca36-4588-b107-e522b5c99f0c.jpg?im_w=720');
INSERT INTO IMAGE (IMAGE_ID, ACCOMODATION_ID, IMAGE_URL) VALUES (302, 17, 'https://a0.muscache.com/im/pictures/e82f7b76-eba8-4112-abc7-3cfee0476c80.jpg?im_w=720');
INSERT INTO IMAGE (IMAGE_ID, ACCOMODATION_ID, IMAGE_URL) VALUES (303, 17, 'https://a0.muscache.com/im/pictures/72eace6f-dd8b-465a-9018-9db6278f6c80.jpg?im_w=720');
INSERT INTO IMAGE (IMAGE_ID, ACCOMODATION_ID, IMAGE_URL) VALUES (304, 17, 'https://a0.muscache.com/im/pictures/7ae8316d-7e1c-4a21-aefc-5a490283d461.jpg?im_w=720');
INSERT INTO IMAGE (IMAGE_ID, ACCOMODATION_ID, IMAGE_URL) VALUES (305, 17, 'https://a0.muscache.com/im/pictures/10064fdf-b8f8-4d2e-a996-102cc5035a31.jpg?im_w=720');
INSERT INTO IMAGE (IMAGE_ID, ACCOMODATION_ID, IMAGE_URL) VALUES (306, 17, 'https://a0.muscache.com/im/pictures/915f7988-1afe-4e35-8485-b2da9423e5c2.jpg?im_w=720');
INSERT INTO IMAGE (IMAGE_ID, ACCOMODATION_ID, IMAGE_URL) VALUES (307, 17, 'https://a0.muscache.com/im/pictures/b7d3bc31-7d64-4769-bcc0-d8aa88d20548.jpg?im_w=720');
INSERT INTO IMAGE (IMAGE_ID, ACCOMODATION_ID, IMAGE_URL) VALUES (308, 17, 'https://a0.muscache.com/im/pictures/ad9266bc-01f1-4592-bc2b-16d2b6b06f81.jpg?im_w=720');
INSERT INTO IMAGE (IMAGE_ID, ACCOMODATION_ID, IMAGE_URL) VALUES (309, 17, 'https://a0.muscache.com/im/pictures/48f8297c-9945-46bb-8339-8929e02cf4dc.jpg?im_w=720');
INSERT INTO IMAGE (IMAGE_ID, ACCOMODATION_ID, IMAGE_URL) VALUES (310, 17, 'https://a0.muscache.com/im/pictures/3ee6af6c-87a3-4df0-bfe8-9a116280a25b.jpg?im_w=720');
INSERT INTO IMAGE (IMAGE_ID, ACCOMODATION_ID, IMAGE_URL) VALUES (311, 17, 'https://a0.muscache.com/im/pictures/d6c7b822-96ca-4ccb-93e8-168aa5a7b663.jpg?im_w=720');
INSERT INTO IMAGE (IMAGE_ID, ACCOMODATION_ID, IMAGE_URL) VALUES (312, 17, 'https://a0.muscache.com/im/pictures/d5889c4c-2412-4051-8e9c-8245d14d7b19.jpg?im_w=720');
INSERT INTO IMAGE (IMAGE_ID, ACCOMODATION_ID, IMAGE_URL) VALUES (313, 17, 'https://a0.muscache.com/im/pictures/e1a37a81-2121-4be7-85d6-6784a8ef8f53.jpg?im_w=720');
INSERT INTO IMAGE (IMAGE_ID, ACCOMODATION_ID, IMAGE_URL) VALUES (314, 17, 'https://a0.muscache.com/im/pictures/ea082465-2280-4e13-a3b0-e90c842e874d.jpg?im_w=720');
INSERT INTO IMAGE (IMAGE_ID, ACCOMODATION_ID, IMAGE_URL) VALUES (315, 17, 'https://a0.muscache.com/im/pictures/b231339a-89e8-4208-9233-f85d6f9f2d5a.jpg?im_w=720');

INSERT INTO LOCATION (LOCATION_ID, LOCATION_NAME, COUNTRY, REGION, CITY, LATITUDE, LONGITUDE) VALUES (18, '지명18', ' 서울', ' Jung-gu', 'Gwanghui-dong', 37.56266, 127.00026);
INSERT INTO ACCOMODATION (`ACCOMODATION_ID`, `LOCATION_ID`, `ACCOMODATION_NAME`, `HOST_NAME`, `DISCRIPTION`, `ACCOMODATION_TYPE`, `PRICE`, `MAXIMUM_OCCUPANCY`, `AVERAGE_POINT`, `BED_ROOM`, `BATH_ROOM`, `BED_COUNT`,`OPTION`) VALUES (18, 18, '현대 레지던스 (Hyundai Residence) 장기 숙박 플랜 트윈룸[2인]', '호스트18', '설명18', '집 전체', 904346, 2, 1.7, 1, 1,1, '주방,무선 인터넷,에어컨,헤어드라이어');
INSERT INTO IMAGE (IMAGE_ID, ACCOMODATION_ID, IMAGE_URL) VALUES (316, 18, 'https://a0.muscache.com/im/pictures/miso/Hosting-47321627/original/89a788df-cb72-44e4-96a4-f2c5fab02950.jpeg?im_w=720');
INSERT INTO IMAGE (IMAGE_ID, ACCOMODATION_ID, IMAGE_URL) VALUES (317, 18, 'https://a0.muscache.com/im/pictures/5b25820d-3dcc-43e6-a124-8a0448751158.jpg?im_w=720');
INSERT INTO IMAGE (IMAGE_ID, ACCOMODATION_ID, IMAGE_URL) VALUES (318, 18, 'https://a0.muscache.com/im/pictures/4f8e9347-49d2-425b-a679-44208aee96e2.jpg?im_w=720');
INSERT INTO IMAGE (IMAGE_ID, ACCOMODATION_ID, IMAGE_URL) VALUES (319, 18, 'https://a0.muscache.com/im/pictures/01b18efb-0996-4c58-994c-2f101ee4d332.jpg?im_w=720');
INSERT INTO IMAGE (IMAGE_ID, ACCOMODATION_ID, IMAGE_URL) VALUES (320, 18, 'https://a0.muscache.com/im/pictures/4be0f0c8-6e69-43e9-a4f0-7566e082dd75.jpg?im_w=720');
INSERT INTO IMAGE (IMAGE_ID, ACCOMODATION_ID, IMAGE_URL) VALUES (321, 18, 'https://a0.muscache.com/im/pictures/8e9b2e6d-ea9e-427d-9fd5-1f200e38c797.jpg?im_w=720');
INSERT INTO IMAGE (IMAGE_ID, ACCOMODATION_ID, IMAGE_URL) VALUES (322, 18, 'https://a0.muscache.com/im/pictures/546cf9a2-6018-44d7-ad31-6b08e690f899.jpg?im_w=720');
INSERT INTO IMAGE (IMAGE_ID, ACCOMODATION_ID, IMAGE_URL) VALUES (323, 18, 'https://a0.muscache.com/im/pictures/904e1845-b1c5-4a50-9893-36ba5f723190.jpg?im_w=720');
INSERT INTO IMAGE (IMAGE_ID, ACCOMODATION_ID, IMAGE_URL) VALUES (324, 18, 'https://a0.muscache.com/im/pictures/a14b788c-957f-4fe1-ac38-d2eab0150ebf.jpg?im_w=720');
INSERT INTO IMAGE (IMAGE_ID, ACCOMODATION_ID, IMAGE_URL) VALUES (325, 18, 'https://a0.muscache.com/im/pictures/2b1d5500-2f75-4040-b604-6f9fe2a4a0da.jpg?im_w=720');
INSERT INTO IMAGE (IMAGE_ID, ACCOMODATION_ID, IMAGE_URL) VALUES (326, 18, 'https://a0.muscache.com/im/pictures/cad71293-46eb-401b-8831-a253b81494ee.jpg?im_w=720');
INSERT INTO IMAGE (IMAGE_ID, ACCOMODATION_ID, IMAGE_URL) VALUES (327, 18, 'https://a0.muscache.com/im/pictures/bbcd87c5-3a37-48d2-9c88-5c875741815a.jpg?im_w=720');
INSERT INTO IMAGE (IMAGE_ID, ACCOMODATION_ID, IMAGE_URL) VALUES (328, 18, 'https://a0.muscache.com/im/pictures/851b44d6-6f33-48e9-8196-debdd5b59154.jpg?im_w=720');
INSERT INTO IMAGE (IMAGE_ID, ACCOMODATION_ID, IMAGE_URL) VALUES (329, 18, 'https://a0.muscache.com/im/pictures/1c8da5fd-0bb0-42a2-abd9-acb25539d504.jpg?im_w=720');
INSERT INTO IMAGE (IMAGE_ID, ACCOMODATION_ID, IMAGE_URL) VALUES (330, 18, 'https://a0.muscache.com/im/pictures/9a0d086c-599e-4dd0-bbe5-e6d38a22d671.jpg?im_w=720');
INSERT INTO IMAGE (IMAGE_ID, ACCOMODATION_ID, IMAGE_URL) VALUES (331, 18, 'https://a0.muscache.com/im/pictures/miso/Hosting-47321627/original/7aa8e731-f184-48c8-8703-968d6aec858a.jpeg?im_w=720');

INSERT INTO LOCATION (LOCATION_ID, LOCATION_NAME, COUNTRY, REGION, CITY, LATITUDE, LONGITUDE) VALUES (19, '지명19', ' 서울', ' Dongdaemun-gu', 'Sinseol-dong', 37.57454, 127.02779);
INSERT INTO ACCOMODATION (`ACCOMODATION_ID`, `LOCATION_ID`, `ACCOMODATION_NAME`, `HOST_NAME`, `DISCRIPTION`, `ACCOMODATION_TYPE`, `PRICE`, `MAXIMUM_OCCUPANCY`, `AVERAGE_POINT`, `BED_ROOM`, `BATH_ROOM`, `BED_COUNT`,`OPTION`) VALUES (19, 19, 'MOSI MOSI Dongdaemun 3', '호스트19', '설명19', '개인실', 642537, 3, 2.3, 1, 1,1, '무선 인터넷,에어컨,헤어드라이어');
INSERT INTO IMAGE (IMAGE_ID, ACCOMODATION_ID, IMAGE_URL) VALUES (332, 19, 'https://a0.muscache.com/im/pictures/e03062a9-f76e-4619-a0e6-70d7e1750beb.jpg?im_w=720');
INSERT INTO IMAGE (IMAGE_ID, ACCOMODATION_ID, IMAGE_URL) VALUES (333, 19, 'https://a0.muscache.com/im/pictures/a9fe176d-27e8-4ced-8fe8-ae49abfe247f.jpg?im_w=720');
INSERT INTO IMAGE (IMAGE_ID, ACCOMODATION_ID, IMAGE_URL) VALUES (334, 19, 'https://a0.muscache.com/im/pictures/746d59c9-29ff-493d-abc2-43e9746ae4a1.jpg?im_w=720');
INSERT INTO IMAGE (IMAGE_ID, ACCOMODATION_ID, IMAGE_URL) VALUES (335, 19, 'https://a0.muscache.com/im/pictures/34b1c5a8-246a-44ac-8542-d33b0f720569.jpg?im_w=720');
INSERT INTO IMAGE (IMAGE_ID, ACCOMODATION_ID, IMAGE_URL) VALUES (336, 19, 'https://a0.muscache.com/im/pictures/41ce8a32-930c-412e-b698-808f6ed281de.jpg?im_w=720');
INSERT INTO IMAGE (IMAGE_ID, ACCOMODATION_ID, IMAGE_URL) VALUES (337, 19, 'https://a0.muscache.com/im/pictures/3d79cbb5-6f7b-45ed-b9be-181dac90d624.jpg?im_w=720');
INSERT INTO IMAGE (IMAGE_ID, ACCOMODATION_ID, IMAGE_URL) VALUES (338, 19, 'https://a0.muscache.com/im/pictures/36dde9e6-8b34-4be2-96ff-af7746012c92.jpg?im_w=720');
INSERT INTO IMAGE (IMAGE_ID, ACCOMODATION_ID, IMAGE_URL) VALUES (339, 19, 'https://a0.muscache.com/im/pictures/cd8def62-a053-48bf-83e7-d5e17cc5a5c0.jpg?im_w=720');
INSERT INTO IMAGE (IMAGE_ID, ACCOMODATION_ID, IMAGE_URL) VALUES (340, 19, 'https://a0.muscache.com/im/pictures/b5f04237-a663-4e3a-a5b4-8bef63f7f123.jpg?im_w=720');

INSERT INTO LOCATION (LOCATION_ID, LOCATION_NAME, COUNTRY, REGION, CITY, LATITUDE, LONGITUDE) VALUES (20, '지명20', ' 서울', ' Jongno-gu', 'Sungin-dong', 37.57729, 127.01676);
INSERT INTO ACCOMODATION (`ACCOMODATION_ID`, `LOCATION_ID`, `ACCOMODATION_NAME`, `HOST_NAME`, `DISCRIPTION`, `ACCOMODATION_TYPE`, `PRICE`, `MAXIMUM_OCCUPANCY`, `AVERAGE_POINT`, `BED_ROOM`, `BATH_ROOM`, `BED_COUNT`,`OPTION`) VALUES (20, 20, 'Dongdaemoon Olive house 21(outdoor window)', '호스트20', '설명20', '개인실', 224950, 1, 9.5, 1, 1,1, '주방,무선 인터넷,에어컨,헤어드라이어');
INSERT INTO IMAGE (IMAGE_ID, ACCOMODATION_ID, IMAGE_URL) VALUES (341, 20, 'https://a0.muscache.com/im/pictures/90f12199-0199-43c7-a06a-96742c0a7635.jpg?im_w=720');
INSERT INTO IMAGE (IMAGE_ID, ACCOMODATION_ID, IMAGE_URL) VALUES (342, 20, 'https://a0.muscache.com/im/pictures/ea93c087-91b9-49d5-8227-d649286f25ee.jpg?im_w=720');
INSERT INTO IMAGE (IMAGE_ID, ACCOMODATION_ID, IMAGE_URL) VALUES (343, 20, 'https://a0.muscache.com/im/pictures/54f934ee-5364-4fbd-b368-0b1a3a344b7a.jpg?im_w=720');
INSERT INTO IMAGE (IMAGE_ID, ACCOMODATION_ID, IMAGE_URL) VALUES (344, 20, 'https://a0.muscache.com/im/pictures/c45a905d-c085-4ba8-9f57-2037d6c8581a.jpg?im_w=720');
INSERT INTO IMAGE (IMAGE_ID, ACCOMODATION_ID, IMAGE_URL) VALUES (345, 20, 'https://a0.muscache.com/im/pictures/6dfb3553-fbd4-4bcc-9148-740431a7500d.jpg?im_w=720');
INSERT INTO IMAGE (IMAGE_ID, ACCOMODATION_ID, IMAGE_URL) VALUES (346, 20, 'https://a0.muscache.com/im/pictures/9ae81bdb-4751-432e-bda9-b29ad92842a0.jpg?im_w=720');
INSERT INTO IMAGE (IMAGE_ID, ACCOMODATION_ID, IMAGE_URL) VALUES (347, 20, 'https://a0.muscache.com/im/pictures/2454b159-6948-4d8e-a287-993d18a9c2e7.jpg?im_w=720');
INSERT INTO IMAGE (IMAGE_ID, ACCOMODATION_ID, IMAGE_URL) VALUES (348, 20, 'https://a0.muscache.com/im/pictures/61a3a0f8-2217-475b-8c7c-f4229548c27d.jpg?im_w=720');
INSERT INTO IMAGE (IMAGE_ID, ACCOMODATION_ID, IMAGE_URL) VALUES (349, 20, 'https://a0.muscache.com/im/pictures/58a2627d-b32d-4b64-8c7a-851a3c99c82d.jpg?im_w=720');
INSERT INTO IMAGE (IMAGE_ID, ACCOMODATION_ID, IMAGE_URL) VALUES (350, 20, 'https://a0.muscache.com/im/pictures/828ede23-e09b-42c4-852f-eb7aa7867dc0.jpg?im_w=720');
INSERT INTO IMAGE (IMAGE_ID, ACCOMODATION_ID, IMAGE_URL) VALUES (351, 20, 'https://a0.muscache.com/im/pictures/d183a887-bddd-43b0-9625-4f9e1e725695.jpg?im_w=720');
INSERT INTO IMAGE (IMAGE_ID, ACCOMODATION_ID, IMAGE_URL) VALUES (352, 20, 'https://a0.muscache.com/im/pictures/443a241c-b096-48e1-a5c0-097877392275.jpg?im_w=720');
INSERT INTO IMAGE (IMAGE_ID, ACCOMODATION_ID, IMAGE_URL) VALUES (353, 20, 'https://a0.muscache.com/im/pictures/e0a2d39e-9706-41ee-8404-5bf7340bd776.jpg?im_w=720');
INSERT INTO IMAGE (IMAGE_ID, ACCOMODATION_ID, IMAGE_URL) VALUES (354, 20, 'https://a0.muscache.com/im/pictures/72e5266d-c146-49f1-aab8-302abada32d4.jpg?im_w=720');
INSERT INTO IMAGE (IMAGE_ID, ACCOMODATION_ID, IMAGE_URL) VALUES (355, 20, 'https://a0.muscache.com/im/pictures/c48826d2-92ec-4c0a-bff3-4a95675ba17c.jpg?im_w=720');
INSERT INTO IMAGE (IMAGE_ID, ACCOMODATION_ID, IMAGE_URL) VALUES (356, 20, 'https://a0.muscache.com/im/pictures/d1720e23-1b0d-4853-b21f-cb4532fef78b.jpg?im_w=720');

INSERT INTO LOCATION (LOCATION_ID, LOCATION_NAME, COUNTRY, REGION, CITY, LATITUDE, LONGITUDE) VALUES (21, '지명21', ' 서울', ' Jongno-gu', 'Myeongnyun 3(sam)ga-dong', 37.58419, 126.99862);
INSERT INTO ACCOMODATION (`ACCOMODATION_ID`, `LOCATION_ID`, `ACCOMODATION_NAME`, `HOST_NAME`, `DISCRIPTION`, `ACCOMODATION_TYPE`, `PRICE`, `MAXIMUM_OCCUPANCY`, `AVERAGE_POINT`, `BED_ROOM`, `BATH_ROOM`, `BED_COUNT`,`OPTION`) VALUES (21, 21, '깨끗한 방 1인실(1인 추가가능) ❗️여성전용 /서울대병원/성균관대정문/혜화역/장기할인', '호스트21', '설명21', '개인실', 591272, 2, 1.1, 1, 1,1, '주방,무선 인터넷,에어컨,헤어드라이어');
INSERT INTO IMAGE (IMAGE_ID, ACCOMODATION_ID, IMAGE_URL) VALUES (357, 21, 'https://a0.muscache.com/im/pictures/d906152e-c00d-4e7b-bba8-40620fdef685.jpg?im_w=720');
INSERT INTO IMAGE (IMAGE_ID, ACCOMODATION_ID, IMAGE_URL) VALUES (358, 21, 'https://a0.muscache.com/im/pictures/05a67c5b-28c2-4c73-9971-a88a73634f6d.jpg?im_w=720');
INSERT INTO IMAGE (IMAGE_ID, ACCOMODATION_ID, IMAGE_URL) VALUES (359, 21, 'https://a0.muscache.com/im/pictures/01ffa560-3faf-4c2a-b754-fe89b687fc17.jpg?im_w=720');
INSERT INTO IMAGE (IMAGE_ID, ACCOMODATION_ID, IMAGE_URL) VALUES (360, 21, 'https://a0.muscache.com/im/pictures/6e6f48ab-7678-4c7e-bcc5-5a3f43d0bcba.jpg?im_w=720');
INSERT INTO IMAGE (IMAGE_ID, ACCOMODATION_ID, IMAGE_URL) VALUES (361, 21, 'https://a0.muscache.com/im/pictures/8a3e6743-1c18-4a0e-ad40-4d5b36039ecd.jpg?im_w=720');
INSERT INTO IMAGE (IMAGE_ID, ACCOMODATION_ID, IMAGE_URL) VALUES (362, 21, 'https://a0.muscache.com/im/pictures/5037be8a-6fa8-4a6d-bb56-3eaa009c6292.jpg?im_w=720');
INSERT INTO IMAGE (IMAGE_ID, ACCOMODATION_ID, IMAGE_URL) VALUES (363, 21, 'https://a0.muscache.com/im/pictures/8fa43f32-7ca3-4da3-b457-ae8e9f1707b0.jpg?im_w=720');
INSERT INTO IMAGE (IMAGE_ID, ACCOMODATION_ID, IMAGE_URL) VALUES (364, 21, 'https://a0.muscache.com/im/pictures/cc820517-1b28-4e8c-81f6-677b5f09b18a.jpg?im_w=720');
INSERT INTO IMAGE (IMAGE_ID, ACCOMODATION_ID, IMAGE_URL) VALUES (365, 21, 'https://a0.muscache.com/im/pictures/2ce751fb-2716-447a-871b-8f7571c4dd14.jpg?im_w=720');
INSERT INTO IMAGE (IMAGE_ID, ACCOMODATION_ID, IMAGE_URL) VALUES (366, 21, 'https://a0.muscache.com/im/pictures/75d21ccc-6985-48ef-9474-2f1f71ba390b.jpg?im_w=720');
INSERT INTO IMAGE (IMAGE_ID, ACCOMODATION_ID, IMAGE_URL) VALUES (367, 21, 'https://a0.muscache.com/im/pictures/072ba480-cc9d-420e-ae1d-e85babf22928.jpg?im_w=720');
INSERT INTO IMAGE (IMAGE_ID, ACCOMODATION_ID, IMAGE_URL) VALUES (368, 21, 'https://a0.muscache.com/im/pictures/da8acf2b-1d68-463b-b86f-232a465c1fe5.jpg?im_w=720');
INSERT INTO IMAGE (IMAGE_ID, ACCOMODATION_ID, IMAGE_URL) VALUES (369, 21, 'https://a0.muscache.com/im/pictures/e141b888-d95e-4fe9-81bf-d7dc747eeace.jpg?im_w=720');
INSERT INTO IMAGE (IMAGE_ID, ACCOMODATION_ID, IMAGE_URL) VALUES (370, 21, 'https://a0.muscache.com/im/pictures/faf7c18c-a3f3-4c33-a004-2400bba68ccd.jpg?im_w=720');
INSERT INTO IMAGE (IMAGE_ID, ACCOMODATION_ID, IMAGE_URL) VALUES (371, 21, 'https://a0.muscache.com/im/pictures/baf080ed-62d5-4c7b-9b41-965e833d1fbe.jpg?im_w=720');
INSERT INTO IMAGE (IMAGE_ID, ACCOMODATION_ID, IMAGE_URL) VALUES (372, 21, 'https://a0.muscache.com/im/pictures/160b21d0-fd45-488e-92b6-1db2d92a202e.jpg?im_w=720');
INSERT INTO IMAGE (IMAGE_ID, ACCOMODATION_ID, IMAGE_URL) VALUES (373, 21, 'https://a0.muscache.com/im/pictures/d51ac5c1-f457-4f00-ad02-b280f9634af6.jpg?im_w=720');
INSERT INTO IMAGE (IMAGE_ID, ACCOMODATION_ID, IMAGE_URL) VALUES (374, 21, 'https://a0.muscache.com/im/pictures/1ff55153-4e99-4366-a842-10df1f745b40.jpg?im_w=720');
INSERT INTO IMAGE (IMAGE_ID, ACCOMODATION_ID, IMAGE_URL) VALUES (375, 21, 'https://a0.muscache.com/im/pictures/c5bf3bc3-9511-45e6-9df3-65b130f6e481.jpg?im_w=720');
INSERT INTO IMAGE (IMAGE_ID, ACCOMODATION_ID, IMAGE_URL) VALUES (376, 21, 'https://a0.muscache.com/im/pictures/3075b7b6-37b5-40be-8bf2-6406b182ee65.jpg?im_w=720');
INSERT INTO IMAGE (IMAGE_ID, ACCOMODATION_ID, IMAGE_URL) VALUES (377, 21, 'https://a0.muscache.com/im/pictures/d6cbff00-f4fb-4b8b-8cc9-deda7a4a99a4.jpg?im_w=720');
INSERT INTO IMAGE (IMAGE_ID, ACCOMODATION_ID, IMAGE_URL) VALUES (378, 21, 'https://a0.muscache.com/im/pictures/63f6fabe-3224-484a-8cc7-dddaf7bfa1fe.jpg?im_w=720');
INSERT INTO IMAGE (IMAGE_ID, ACCOMODATION_ID, IMAGE_URL) VALUES (379, 21, 'https://a0.muscache.com/im/pictures/9aca8ae8-aad6-4428-8016-c06d86f30fbf.jpg?im_w=720');
INSERT INTO IMAGE (IMAGE_ID, ACCOMODATION_ID, IMAGE_URL) VALUES (380, 21, 'https://a0.muscache.com/im/pictures/c7f840d8-6f8d-4ce7-847a-672b577df92e.jpg?im_w=720');
INSERT INTO IMAGE (IMAGE_ID, ACCOMODATION_ID, IMAGE_URL) VALUES (381, 21, 'https://a0.muscache.com/im/pictures/fed849a0-8217-40a5-a3a4-3c1a368e65fa.jpg?im_w=720');
INSERT INTO IMAGE (IMAGE_ID, ACCOMODATION_ID, IMAGE_URL) VALUES (382, 21, 'https://a0.muscache.com/im/pictures/07ef3b8a-3d45-4ab2-b163-49cf21a6848b.jpg?im_w=720');
INSERT INTO IMAGE (IMAGE_ID, ACCOMODATION_ID, IMAGE_URL) VALUES (383, 21, 'https://a0.muscache.com/im/pictures/fbcf8abd-ad7a-43c7-bfe2-be765187c131.jpg?im_w=720');
INSERT INTO IMAGE (IMAGE_ID, ACCOMODATION_ID, IMAGE_URL) VALUES (384, 21, 'https://a0.muscache.com/im/pictures/f96f1c97-c9c1-4ab9-a918-1366abe6aef2.jpg?im_w=720');
INSERT INTO IMAGE (IMAGE_ID, ACCOMODATION_ID, IMAGE_URL) VALUES (385, 21, 'https://a0.muscache.com/im/pictures/91f78b24-02e0-4c77-a3dc-a716b2468b03.jpg?im_w=720');
INSERT INTO IMAGE (IMAGE_ID, ACCOMODATION_ID, IMAGE_URL) VALUES (386, 21, 'https://a0.muscache.com/im/pictures/2d91fc4f-c3e0-432c-8779-5d9c06d19413.jpg?im_w=720');

INSERT INTO LOCATION (LOCATION_ID, LOCATION_NAME, COUNTRY, REGION, CITY, LATITUDE, LONGITUDE) VALUES (22, '지명22', ' 한국', ' 서울', '종로구', 37.57603, 127.02161);
INSERT INTO ACCOMODATION (`ACCOMODATION_ID`, `LOCATION_ID`, `ACCOMODATION_NAME`, `HOST_NAME`, `DISCRIPTION`, `ACCOMODATION_TYPE`, `PRICE`, `MAXIMUM_OCCUPANCY`, `AVERAGE_POINT`, `BED_ROOM`, `BATH_ROOM`, `BED_COUNT`,`OPTION`) VALUES (22, 22, 'dmyk_"Carré"', '호스트22', '설명22', '집 전체', 196068, 2, 6.2, 0, 1,0, '무선 인터넷,에어컨,헤어드라이어');
INSERT INTO IMAGE (IMAGE_ID, ACCOMODATION_ID, IMAGE_URL) VALUES (387, 22, 'https://a0.muscache.com/im/pictures/35ecadd2-da5d-4db1-92bd-867ec152921d.jpg?im_w=720');
INSERT INTO IMAGE (IMAGE_ID, ACCOMODATION_ID, IMAGE_URL) VALUES (388, 22, 'https://a0.muscache.com/im/pictures/5e1185eb-f9fc-43fe-a398-0ed7c49bfdbd.jpg?im_w=720');
INSERT INTO IMAGE (IMAGE_ID, ACCOMODATION_ID, IMAGE_URL) VALUES (389, 22, 'https://a0.muscache.com/im/pictures/3ac4c49b-f4b0-4c37-b99f-420ff88f0292.jpg?im_w=720');
INSERT INTO IMAGE (IMAGE_ID, ACCOMODATION_ID, IMAGE_URL) VALUES (390, 22, 'https://a0.muscache.com/im/pictures/a530684f-96f3-4116-a3c4-cd3bf7806d1f.jpg?im_w=720');
INSERT INTO IMAGE (IMAGE_ID, ACCOMODATION_ID, IMAGE_URL) VALUES (391, 22, 'https://a0.muscache.com/im/pictures/332e7ca4-9318-4511-9b44-b4b54ef1250c.jpg?im_w=720');
INSERT INTO IMAGE (IMAGE_ID, ACCOMODATION_ID, IMAGE_URL) VALUES (392, 22, 'https://a0.muscache.com/im/pictures/51fe9399-c4a2-4f2c-a5b6-c820b0535ebe.jpg?im_w=720');
INSERT INTO IMAGE (IMAGE_ID, ACCOMODATION_ID, IMAGE_URL) VALUES (393, 22, 'https://a0.muscache.com/im/pictures/d1f6561f-ed8c-4b50-a0d0-1650e7a2a44d.jpg?im_w=720');
INSERT INTO IMAGE (IMAGE_ID, ACCOMODATION_ID, IMAGE_URL) VALUES (394, 22, 'https://a0.muscache.com/im/pictures/015724ab-56d9-4336-a7dd-34920d3f89a7.jpg?im_w=720');
INSERT INTO IMAGE (IMAGE_ID, ACCOMODATION_ID, IMAGE_URL) VALUES (395, 22, 'https://a0.muscache.com/im/pictures/47864437-e142-4d74-aba9-42770d949a80.jpg?im_w=720');
INSERT INTO IMAGE (IMAGE_ID, ACCOMODATION_ID, IMAGE_URL) VALUES (396, 22, 'https://a0.muscache.com/im/pictures/d7f59f60-4752-4c43-9225-793095ba8638.jpg?im_w=720');
INSERT INTO IMAGE (IMAGE_ID, ACCOMODATION_ID, IMAGE_URL) VALUES (397, 22, 'https://a0.muscache.com/im/pictures/858f355f-e9e9-4467-b193-8cea445381eb.jpg?im_w=720');

INSERT INTO LOCATION (LOCATION_ID, LOCATION_NAME, COUNTRY, REGION, CITY, LATITUDE, LONGITUDE) VALUES (23, '지명23', ' 한국', ' 서울', '종로구', 37.57426, 127.0204);
INSERT INTO ACCOMODATION (`ACCOMODATION_ID`, `LOCATION_ID`, `ACCOMODATION_NAME`, `HOST_NAME`, `DISCRIPTION`, `ACCOMODATION_TYPE`, `PRICE`, `MAXIMUM_OCCUPANCY`, `AVERAGE_POINT`, `BED_ROOM`, `BATH_ROOM`, `BED_COUNT`,`OPTION`) VALUES (23, 23, 'dmyk_"Hachure"', '호스트23', '설명23', '집 전체', 729547, 2, 4.8, 0, 1,0, '무선 인터넷,에어컨,헤어드라이어');
INSERT INTO IMAGE (IMAGE_ID, ACCOMODATION_ID, IMAGE_URL) VALUES (398, 23, 'https://a0.muscache.com/im/pictures/3428dcfb-ca43-45d5-aeec-5c0f11f7c39b.jpg?im_w=720');
INSERT INTO IMAGE (IMAGE_ID, ACCOMODATION_ID, IMAGE_URL) VALUES (399, 23, 'https://a0.muscache.com/im/pictures/fbad6a88-fe0e-410d-a827-0ea865d9a186.jpg?im_w=720');
INSERT INTO IMAGE (IMAGE_ID, ACCOMODATION_ID, IMAGE_URL) VALUES (400, 23, 'https://a0.muscache.com/im/pictures/6f014ffd-c1e8-4626-b98d-762b7148119f.jpg?im_w=720');
INSERT INTO IMAGE (IMAGE_ID, ACCOMODATION_ID, IMAGE_URL) VALUES (401, 23, 'https://a0.muscache.com/im/pictures/9580d656-346c-4184-9b0d-1a2b5833f1a2.jpg?im_w=720');
INSERT INTO IMAGE (IMAGE_ID, ACCOMODATION_ID, IMAGE_URL) VALUES (402, 23, 'https://a0.muscache.com/im/pictures/da1e3bb9-0f89-48a8-85e8-10c854d96284.jpg?im_w=720');
INSERT INTO IMAGE (IMAGE_ID, ACCOMODATION_ID, IMAGE_URL) VALUES (403, 23, 'https://a0.muscache.com/im/pictures/e0122193-b343-47d8-9191-28f7bc1e7c16.jpg?im_w=720');
INSERT INTO IMAGE (IMAGE_ID, ACCOMODATION_ID, IMAGE_URL) VALUES (404, 23, 'https://a0.muscache.com/im/pictures/db179a3e-0836-4283-93b6-1258ef7db2c1.jpg?im_w=720');
INSERT INTO IMAGE (IMAGE_ID, ACCOMODATION_ID, IMAGE_URL) VALUES (405, 23, 'https://a0.muscache.com/im/pictures/5b79fb8c-77b3-4d40-9dc0-ce37a9c2a335.jpg?im_w=720');
INSERT INTO IMAGE (IMAGE_ID, ACCOMODATION_ID, IMAGE_URL) VALUES (406, 23, 'https://a0.muscache.com/im/pictures/e84d91a5-8b2e-4e08-b6ac-52f3edd947ab.jpg?im_w=720');
INSERT INTO IMAGE (IMAGE_ID, ACCOMODATION_ID, IMAGE_URL) VALUES (407, 23, 'https://a0.muscache.com/im/pictures/d7db13b0-b19e-4932-b2fc-0ea7ae5828cd.jpg?im_w=720');
INSERT INTO IMAGE (IMAGE_ID, ACCOMODATION_ID, IMAGE_URL) VALUES (408, 23, 'https://a0.muscache.com/im/pictures/1d2afd83-464d-4c30-9734-9d993fd41068.jpg?im_w=720');

INSERT INTO LOCATION (LOCATION_ID, LOCATION_NAME, COUNTRY, REGION, CITY, LATITUDE, LONGITUDE) VALUES (24, '지명24', ' 서울', ' Jongno-gu', 'Sungin 2(i)-dong', 37.57932, 127.02258);
INSERT INTO ACCOMODATION (`ACCOMODATION_ID`, `LOCATION_ID`, `ACCOMODATION_NAME`, `HOST_NAME`, `DISCRIPTION`, `ACCOMODATION_TYPE`, `PRICE`, `MAXIMUM_OCCUPANCY`, `AVERAGE_POINT`, `BED_ROOM`, `BATH_ROOM`, `BED_COUNT`,`OPTION`) VALUES (24, 24, 'HOSTEL SEOUL - Double room with a bathroom', '호스트24', '설명24', '개인실', 242802, 2, 5.9, 1, 1,1, '주방,무선 인터넷,에어컨,헤어드라이어');
INSERT INTO IMAGE (IMAGE_ID, ACCOMODATION_ID, IMAGE_URL) VALUES (409, 24, 'https://a0.muscache.com/im/pictures/miso/Hosting-49131805/original/cc1399a4-e57a-45fe-a889-f46fb51e9089.jpeg?im_w=720');
INSERT INTO IMAGE (IMAGE_ID, ACCOMODATION_ID, IMAGE_URL) VALUES (410, 24, 'https://a0.muscache.com/im/pictures/miso/Hosting-49131805/original/f40b5394-42b9-4e71-ab39-7593dee4d5aa.jpeg?im_w=720');
INSERT INTO IMAGE (IMAGE_ID, ACCOMODATION_ID, IMAGE_URL) VALUES (411, 24, 'https://a0.muscache.com/im/pictures/8012bdbf-e281-4fc8-b645-ef663143135d.jpg?im_w=720');
INSERT INTO IMAGE (IMAGE_ID, ACCOMODATION_ID, IMAGE_URL) VALUES (412, 24, 'https://a0.muscache.com/im/pictures/46bf7e9a-23dc-4174-864f-8967b7859175.jpg?im_w=720');
INSERT INTO IMAGE (IMAGE_ID, ACCOMODATION_ID, IMAGE_URL) VALUES (413, 24, 'https://a0.muscache.com/im/pictures/daf17c3d-3520-4103-8135-38fc6e6865aa.jpg?im_w=720');
INSERT INTO IMAGE (IMAGE_ID, ACCOMODATION_ID, IMAGE_URL) VALUES (414, 24, 'https://a0.muscache.com/im/pictures/9f52c84f-e648-4208-916e-194e64ec48fa.jpg?im_w=720');
INSERT INTO IMAGE (IMAGE_ID, ACCOMODATION_ID, IMAGE_URL) VALUES (415, 24, 'https://a0.muscache.com/im/pictures/ed01fcd7-a882-41e7-a5b2-662ba2a36938.jpg?im_w=720');
INSERT INTO IMAGE (IMAGE_ID, ACCOMODATION_ID, IMAGE_URL) VALUES (416, 24, 'https://a0.muscache.com/im/pictures/a0528d71-018f-45c1-bee9-d38b5dcf29a6.jpg?im_w=720');
INSERT INTO IMAGE (IMAGE_ID, ACCOMODATION_ID, IMAGE_URL) VALUES (417, 24, 'https://a0.muscache.com/im/pictures/c5264df5-f483-4021-96dd-ef85f184a7c2.jpg?im_w=720');
INSERT INTO IMAGE (IMAGE_ID, ACCOMODATION_ID, IMAGE_URL) VALUES (418, 24, 'https://a0.muscache.com/im/pictures/45d9e8ca-1d15-4dda-b4a7-02696cbce714.jpg?im_w=720');
INSERT INTO IMAGE (IMAGE_ID, ACCOMODATION_ID, IMAGE_URL) VALUES (419, 24, 'https://a0.muscache.com/im/pictures/miso/Hosting-49131805/original/cd93726e-f0f6-4bf9-9095-02398c5c2d4b.jpeg?im_w=720');
INSERT INTO IMAGE (IMAGE_ID, ACCOMODATION_ID, IMAGE_URL) VALUES (420, 24, 'https://a0.muscache.com/im/pictures/miso/Hosting-49131805/original/8e435b9c-0119-4242-8619-468efcde62b8.jpeg?im_w=720');
INSERT INTO IMAGE (IMAGE_ID, ACCOMODATION_ID, IMAGE_URL) VALUES (421, 24, 'https://a0.muscache.com/im/pictures/miso/Hosting-49131805/original/9371e6b6-c713-4195-943f-55219160e19d.jpeg?im_w=720');
INSERT INTO IMAGE (IMAGE_ID, ACCOMODATION_ID, IMAGE_URL) VALUES (422, 24, 'https://a0.muscache.com/im/pictures/miso/Hosting-49131805/original/e4401327-34c5-4e9d-9dcc-aaf3629d1045.jpeg?im_w=720');
INSERT INTO IMAGE (IMAGE_ID, ACCOMODATION_ID, IMAGE_URL) VALUES (423, 24, 'https://a0.muscache.com/im/pictures/miso/Hosting-49131805/original/13505471-f261-4ded-b590-7b52ad414bca.jpeg?im_w=720');
INSERT INTO IMAGE (IMAGE_ID, ACCOMODATION_ID, IMAGE_URL) VALUES (424, 24, 'https://a0.muscache.com/im/pictures/miso/Hosting-49131805/original/3b8593cd-a293-4bf1-adf0-2ba72359727a.jpeg?im_w=720');
INSERT INTO IMAGE (IMAGE_ID, ACCOMODATION_ID, IMAGE_URL) VALUES (425, 24, 'https://a0.muscache.com/im/pictures/miso/Hosting-49131805/original/01535e0a-3c2b-4519-9beb-3a145bf316d7.jpeg?im_w=720');
INSERT INTO IMAGE (IMAGE_ID, ACCOMODATION_ID, IMAGE_URL) VALUES (426, 24, 'https://a0.muscache.com/im/pictures/miso/Hosting-49131805/original/7ca6c8ef-2e87-4fba-82a2-bae7b2a14d0a.jpeg?im_w=720');

INSERT INTO LOCATION (LOCATION_ID, LOCATION_NAME, COUNTRY, REGION, CITY, LATITUDE, LONGITUDE) VALUES (25, '지명25', ' 서울', ' Jongno-gu', 'Ihwa-dong', 37.57816, 127.00468);
INSERT INTO ACCOMODATION (`ACCOMODATION_ID`, `LOCATION_ID`, `ACCOMODATION_NAME`, `HOST_NAME`, `DISCRIPTION`, `ACCOMODATION_TYPE`, `PRICE`, `MAXIMUM_OCCUPANCY`, `AVERAGE_POINT`, `BED_ROOM`, `BATH_ROOM`, `BED_COUNT`,`OPTION`) VALUES (25, 25, '대학로 Mins House!!406', '호스트25', '설명25', '집 전체', 775908, 2, 4.7, 1, 0,1, '주방,무선 인터넷,에어컨,헤어드라이어');
INSERT INTO IMAGE (IMAGE_ID, ACCOMODATION_ID, IMAGE_URL) VALUES (427, 25, 'https://a0.muscache.com/im/pictures/4ae9672c-39e2-475a-adaa-1dd4d138e7e1.jpg?im_w=720');
INSERT INTO IMAGE (IMAGE_ID, ACCOMODATION_ID, IMAGE_URL) VALUES (428, 25, 'https://a0.muscache.com/im/pictures/99ccdbff-cd8f-4b77-ba5f-06c6a1daf879.jpg?im_w=720');
INSERT INTO IMAGE (IMAGE_ID, ACCOMODATION_ID, IMAGE_URL) VALUES (429, 25, 'https://a0.muscache.com/im/pictures/3733f800-6281-42e2-93b2-302635f689ad.jpg?im_w=720');
INSERT INTO IMAGE (IMAGE_ID, ACCOMODATION_ID, IMAGE_URL) VALUES (430, 25, 'https://a0.muscache.com/im/pictures/12bffabd-a3d6-451e-bc98-24a8c0fcd60f.jpg?im_w=720');
INSERT INTO IMAGE (IMAGE_ID, ACCOMODATION_ID, IMAGE_URL) VALUES (431, 25, 'https://a0.muscache.com/im/pictures/f38108b9-5bea-4fca-99cd-f4cc1f78b5e9.jpg?im_w=720');
INSERT INTO IMAGE (IMAGE_ID, ACCOMODATION_ID, IMAGE_URL) VALUES (432, 25, 'https://a0.muscache.com/im/pictures/0af5e835-9dc5-4bc1-bdc8-cf71499273fe.jpg?im_w=720');
INSERT INTO IMAGE (IMAGE_ID, ACCOMODATION_ID, IMAGE_URL) VALUES (433, 25, 'https://a0.muscache.com/im/pictures/4e3cd960-cf67-4e88-957c-b562415f24b0.jpg?im_w=720');
INSERT INTO IMAGE (IMAGE_ID, ACCOMODATION_ID, IMAGE_URL) VALUES (434, 25, 'https://a0.muscache.com/im/pictures/a9cc3902-ddde-4a38-9eac-170d8e20e8d8.jpg?im_w=720');
INSERT INTO IMAGE (IMAGE_ID, ACCOMODATION_ID, IMAGE_URL) VALUES (435, 25, 'https://a0.muscache.com/im/pictures/046e6956-9c85-4e88-b0cc-a36dcc3dfe60.jpg?im_w=720');
INSERT INTO IMAGE (IMAGE_ID, ACCOMODATION_ID, IMAGE_URL) VALUES (436, 25, 'https://a0.muscache.com/im/pictures/9b4f732f-8af3-479a-9317-d482c6d3bd05.jpg?im_w=720');
INSERT INTO IMAGE (IMAGE_ID, ACCOMODATION_ID, IMAGE_URL) VALUES (437, 25, 'https://a0.muscache.com/im/pictures/66eee562-adb3-459e-8c21-9a34973679ab.jpg?im_w=720');

INSERT INTO LOCATION (LOCATION_ID, LOCATION_NAME, COUNTRY, REGION, CITY, LATITUDE, LONGITUDE) VALUES (26, '지명26', ' 서울', ' Seongbuk-gu', 'Anam-dong', 37.58279, 127.0287);
INSERT INTO ACCOMODATION (`ACCOMODATION_ID`, `LOCATION_ID`, `ACCOMODATION_NAME`, `HOST_NAME`, `DISCRIPTION`, `ACCOMODATION_TYPE`, `PRICE`, `MAXIMUM_OCCUPANCY`, `AVERAGE_POINT`, `BED_ROOM`, `BATH_ROOM`, `BED_COUNT`,`OPTION`) VALUES (26, 26, 'Anam dong Korea University, New, Quiet and clean.', '호스트26', '설명26', '개인실', 159657, 16, 3.3, 1, 1,1, '주방,무선 인터넷,에어컨,헤어드라이어');
INSERT INTO IMAGE (IMAGE_ID, ACCOMODATION_ID, IMAGE_URL) VALUES (438, 26, 'https://a0.muscache.com/im/pictures/b2e79696-12d3-46ec-bcd5-613a8af65df6.jpg?im_w=720');
INSERT INTO IMAGE (IMAGE_ID, ACCOMODATION_ID, IMAGE_URL) VALUES (439, 26, 'https://a0.muscache.com/im/pictures/c1704e3d-7a21-408b-a0a1-2445d470ce36.jpg?im_w=720');
INSERT INTO IMAGE (IMAGE_ID, ACCOMODATION_ID, IMAGE_URL) VALUES (440, 26, 'https://a0.muscache.com/im/pictures/6f14f279-46f5-4944-8505-e8a460d7301e.jpg?im_w=720');
INSERT INTO IMAGE (IMAGE_ID, ACCOMODATION_ID, IMAGE_URL) VALUES (441, 26, 'https://a0.muscache.com/im/pictures/cdf90fd7-e683-426d-b818-8b18892cb3c5.jpg?im_w=720');
INSERT INTO IMAGE (IMAGE_ID, ACCOMODATION_ID, IMAGE_URL) VALUES (442, 26, 'https://a0.muscache.com/im/pictures/6951394e-9d3f-482d-b6b5-ca946def6e90.jpg?im_w=720');
INSERT INTO IMAGE (IMAGE_ID, ACCOMODATION_ID, IMAGE_URL) VALUES (443, 26, 'https://a0.muscache.com/im/pictures/c3a9327e-b771-4026-b6b7-3f00a8b76d9b.jpg?im_w=720');
INSERT INTO IMAGE (IMAGE_ID, ACCOMODATION_ID, IMAGE_URL) VALUES (444, 26, 'https://a0.muscache.com/im/pictures/1be90635-9ffd-43b9-94a4-b93313d6f96b.jpg?im_w=720');
INSERT INTO IMAGE (IMAGE_ID, ACCOMODATION_ID, IMAGE_URL) VALUES (445, 26, 'https://a0.muscache.com/im/pictures/6d3626b7-0bc6-44dd-aa4b-635bc9eb3d2a.jpg?im_w=720');

INSERT INTO LOCATION (LOCATION_ID, LOCATION_NAME, COUNTRY, REGION, CITY, LATITUDE, LONGITUDE) VALUES (27, '지명27', ' 서울', ' Jongno-gu', 'Ikseon-dong', 37.59219, 127.01067);
INSERT INTO ACCOMODATION (`ACCOMODATION_ID`, `LOCATION_ID`, `ACCOMODATION_NAME`, `HOST_NAME`, `DISCRIPTION`, `ACCOMODATION_TYPE`, `PRICE`, `MAXIMUM_OCCUPANCY`, `AVERAGE_POINT`, `BED_ROOM`, `BATH_ROOM`, `BED_COUNT`,`OPTION`) VALUES (27, 27, '#코로나대비 #완전방역 #무균실도전 깔끔한 신축 숙소 한성대입구역 성신여대입구역 도보 5분', '호스트27', '설명27', '집 전체', 679284, 4, 0.2, 1, 1,1, '주방,무선 인터넷,에어컨,헤어드라이어');
INSERT INTO IMAGE (IMAGE_ID, ACCOMODATION_ID, IMAGE_URL) VALUES (446, 27, 'https://a0.muscache.com/im/pictures/e8367361-7f9a-4a49-a5f8-8fb4bfd66dba.jpg?im_w=720');
INSERT INTO IMAGE (IMAGE_ID, ACCOMODATION_ID, IMAGE_URL) VALUES (447, 27, 'https://a0.muscache.com/im/pictures/793657b1-e78b-461e-bbb1-efea5993c94a.jpg?im_w=720');
INSERT INTO IMAGE (IMAGE_ID, ACCOMODATION_ID, IMAGE_URL) VALUES (448, 27, 'https://a0.muscache.com/im/pictures/bc6e9597-de36-4f31-b1d0-6400f72fa5f7.jpg?im_w=720');
INSERT INTO IMAGE (IMAGE_ID, ACCOMODATION_ID, IMAGE_URL) VALUES (449, 27, 'https://a0.muscache.com/im/pictures/d33aaf67-378d-4803-aed5-769b9014d9a2.jpg?im_w=720');
INSERT INTO IMAGE (IMAGE_ID, ACCOMODATION_ID, IMAGE_URL) VALUES (450, 27, 'https://a0.muscache.com/im/pictures/1f29e0a5-c35b-4c4b-91d5-0f568bfa51de.jpg?im_w=720');
INSERT INTO IMAGE (IMAGE_ID, ACCOMODATION_ID, IMAGE_URL) VALUES (451, 27, 'https://a0.muscache.com/im/pictures/b2cc7e5c-e467-4d39-b15d-91248be99be4.jpg?im_w=720');
INSERT INTO IMAGE (IMAGE_ID, ACCOMODATION_ID, IMAGE_URL) VALUES (452, 27, 'https://a0.muscache.com/im/pictures/639c8b29-b0f5-4d6a-9fff-70a6ad9004cb.jpg?im_w=720');
INSERT INTO IMAGE (IMAGE_ID, ACCOMODATION_ID, IMAGE_URL) VALUES (453, 27, 'https://a0.muscache.com/im/pictures/c3b4b213-613f-4e36-b984-c8030b0c2b4d.jpg?im_w=720');
INSERT INTO IMAGE (IMAGE_ID, ACCOMODATION_ID, IMAGE_URL) VALUES (454, 27, 'https://a0.muscache.com/im/pictures/9f6a0108-3549-4d48-9ca5-0e4b279f8bcf.jpg?im_w=720');
INSERT INTO IMAGE (IMAGE_ID, ACCOMODATION_ID, IMAGE_URL) VALUES (455, 27, 'https://a0.muscache.com/im/pictures/1a28aa20-457f-4a33-b67c-4ae7deea1617.jpg?im_w=720');
INSERT INTO IMAGE (IMAGE_ID, ACCOMODATION_ID, IMAGE_URL) VALUES (456, 27, 'https://a0.muscache.com/im/pictures/0010277c-a7fa-4699-9e25-337520da49d2.jpg?im_w=720');
INSERT INTO IMAGE (IMAGE_ID, ACCOMODATION_ID, IMAGE_URL) VALUES (457, 27, 'https://a0.muscache.com/im/pictures/20097471-10c3-4761-96a5-77af4ce48740.jpg?im_w=720');
INSERT INTO IMAGE (IMAGE_ID, ACCOMODATION_ID, IMAGE_URL) VALUES (458, 27, 'https://a0.muscache.com/im/pictures/3ddc297b-c234-451e-8a08-1e6e23dc01cd.jpg?im_w=720');
INSERT INTO IMAGE (IMAGE_ID, ACCOMODATION_ID, IMAGE_URL) VALUES (459, 27, 'https://a0.muscache.com/im/pictures/9810ecd1-7959-419d-a917-6c20adbcf53e.jpg?im_w=720');
INSERT INTO IMAGE (IMAGE_ID, ACCOMODATION_ID, IMAGE_URL) VALUES (460, 27, 'https://a0.muscache.com/im/pictures/7a281d99-811c-4477-a4a2-7c1297716bbb.jpg?im_w=720');
INSERT INTO IMAGE (IMAGE_ID, ACCOMODATION_ID, IMAGE_URL) VALUES (461, 27, 'https://a0.muscache.com/im/pictures/65591ceb-a23e-47e6-8b18-bed4f941d4d0.jpg?im_w=720');
INSERT INTO IMAGE (IMAGE_ID, ACCOMODATION_ID, IMAGE_URL) VALUES (462, 27, 'https://a0.muscache.com/im/pictures/13069756-70ae-4217-ad7d-ecfa767823d7.jpg?im_w=720');
INSERT INTO IMAGE (IMAGE_ID, ACCOMODATION_ID, IMAGE_URL) VALUES (463, 27, 'https://a0.muscache.com/im/pictures/0d9d94c1-32ef-4a7f-9f21-4e19af89375c.jpg?im_w=720');
INSERT INTO IMAGE (IMAGE_ID, ACCOMODATION_ID, IMAGE_URL) VALUES (464, 27, 'https://a0.muscache.com/im/pictures/c93ee496-b657-4db4-a8f2-4a6d196595f5.jpg?im_w=720');

INSERT INTO LOCATION (LOCATION_ID, LOCATION_NAME, COUNTRY, REGION, CITY, LATITUDE, LONGITUDE) VALUES (28, '지명28', ' 서울', ' Jongno-gu', 'Sungin 2(i)-dong', 37.57287, 127.02311);
INSERT INTO ACCOMODATION (`ACCOMODATION_ID`, `LOCATION_ID`, `ACCOMODATION_NAME`, `HOST_NAME`, `DISCRIPTION`, `ACCOMODATION_TYPE`, `PRICE`, `MAXIMUM_OCCUPANCY`, `AVERAGE_POINT`, `BED_ROOM`, `BATH_ROOM`, `BED_COUNT`,`OPTION`) VALUES (28, 28, '[신설동역 10번출구] NEW OPEN 안락한 숙소 동묘시장,동대문,명동 다양한 문화거리', '호스트28', '설명28', '집 전체', 832694, 2, 8.8, 1, 1,1, '주방,무선 인터넷,에어컨,헤어드라이어');
INSERT INTO IMAGE (IMAGE_ID, ACCOMODATION_ID, IMAGE_URL) VALUES (465, 28, 'https://a0.muscache.com/im/pictures/176ae570-74b5-4784-887e-64daa988b8a9.jpg?im_w=720');
INSERT INTO IMAGE (IMAGE_ID, ACCOMODATION_ID, IMAGE_URL) VALUES (466, 28, 'https://a0.muscache.com/im/pictures/870830d7-0182-469e-8dd3-56d0124d0b52.jpg?im_w=720');
INSERT INTO IMAGE (IMAGE_ID, ACCOMODATION_ID, IMAGE_URL) VALUES (467, 28, 'https://a0.muscache.com/im/pictures/f15a2faf-0e1a-48be-ac94-9381aff51980.jpg?im_w=720');
INSERT INTO IMAGE (IMAGE_ID, ACCOMODATION_ID, IMAGE_URL) VALUES (468, 28, 'https://a0.muscache.com/im/pictures/372065cd-f1f6-4625-885d-e5a946977c7b.jpg?im_w=720');
INSERT INTO IMAGE (IMAGE_ID, ACCOMODATION_ID, IMAGE_URL) VALUES (469, 28, 'https://a0.muscache.com/im/pictures/cb3e4297-cb17-4a0c-9416-229e39cf23cb.jpg?im_w=720');
INSERT INTO IMAGE (IMAGE_ID, ACCOMODATION_ID, IMAGE_URL) VALUES (470, 28, 'https://a0.muscache.com/im/pictures/871613ab-7746-48bc-b023-d96110f4c1f8.jpg?im_w=720');
INSERT INTO IMAGE (IMAGE_ID, ACCOMODATION_ID, IMAGE_URL) VALUES (471, 28, 'https://a0.muscache.com/im/pictures/2be8cb3b-bd39-40dc-80ec-2e4beec2b1ce.jpg?im_w=720');
INSERT INTO IMAGE (IMAGE_ID, ACCOMODATION_ID, IMAGE_URL) VALUES (472, 28, 'https://a0.muscache.com/im/pictures/bc49dea3-d5af-4c0d-8c54-6fbaa496d888.jpg?im_w=720');
INSERT INTO IMAGE (IMAGE_ID, ACCOMODATION_ID, IMAGE_URL) VALUES (473, 28, 'https://a0.muscache.com/im/pictures/47a0d5e5-311b-432d-9481-5572b2aa59d8.jpg?im_w=720');
INSERT INTO IMAGE (IMAGE_ID, ACCOMODATION_ID, IMAGE_URL) VALUES (474, 28, 'https://a0.muscache.com/im/pictures/813a856f-9660-4270-8572-c94430a19194.jpg?im_w=720');
INSERT INTO IMAGE (IMAGE_ID, ACCOMODATION_ID, IMAGE_URL) VALUES (475, 28, 'https://a0.muscache.com/im/pictures/905a6f09-869c-4b5c-9a08-4a675b7b0622.jpg?im_w=720');
INSERT INTO IMAGE (IMAGE_ID, ACCOMODATION_ID, IMAGE_URL) VALUES (476, 28, 'https://a0.muscache.com/im/pictures/2d7140e8-6841-400c-9cdb-c40c7e2f77fd.jpg?im_w=720');
INSERT INTO IMAGE (IMAGE_ID, ACCOMODATION_ID, IMAGE_URL) VALUES (477, 28, 'https://a0.muscache.com/im/pictures/bfec7b2e-3824-463f-afc4-9e1cae002c16.jpg?im_w=720');
INSERT INTO IMAGE (IMAGE_ID, ACCOMODATION_ID, IMAGE_URL) VALUES (478, 28, 'https://a0.muscache.com/im/pictures/0431b8fb-0193-4f4d-bc3d-086ad56f6188.jpg?im_w=720');
INSERT INTO IMAGE (IMAGE_ID, ACCOMODATION_ID, IMAGE_URL) VALUES (479, 28, 'https://a0.muscache.com/im/pictures/d9cfdcdc-91b3-4b7f-9d31-e60cc4cd7ad8.jpg?im_w=720');
INSERT INTO IMAGE (IMAGE_ID, ACCOMODATION_ID, IMAGE_URL) VALUES (480, 28, 'https://a0.muscache.com/im/pictures/97bdcc76-1162-4be2-bbd1-880300bf91f1.jpg?im_w=720');
INSERT INTO IMAGE (IMAGE_ID, ACCOMODATION_ID, IMAGE_URL) VALUES (481, 28, 'https://a0.muscache.com/im/pictures/b7d1f551-7818-4b44-8830-7145cb617b48.jpg?im_w=720');
INSERT INTO IMAGE (IMAGE_ID, ACCOMODATION_ID, IMAGE_URL) VALUES (482, 28, 'https://a0.muscache.com/im/pictures/a8a278c7-69d5-4069-873f-0d4e10786a74.jpg?im_w=720');
INSERT INTO IMAGE (IMAGE_ID, ACCOMODATION_ID, IMAGE_URL) VALUES (483, 28, 'https://a0.muscache.com/im/pictures/57ce210a-d6e1-4a2c-bc22-ea829fa9c94e.jpg?im_w=720');
INSERT INTO IMAGE (IMAGE_ID, ACCOMODATION_ID, IMAGE_URL) VALUES (484, 28, 'https://a0.muscache.com/im/pictures/676f0413-62aa-4dd3-81a6-b5bb055b5715.jpg?im_w=720');

INSERT INTO LOCATION (LOCATION_ID, LOCATION_NAME, COUNTRY, REGION, CITY, LATITUDE, LONGITUDE) VALUES (29, '지명29', ' 서울', ' Jongno-gu', 'Ihwa-dong', 37.57859, 127.00572);
INSERT INTO ACCOMODATION (`ACCOMODATION_ID`, `LOCATION_ID`, `ACCOMODATION_NAME`, `HOST_NAME`, `DISCRIPTION`, `ACCOMODATION_TYPE`, `PRICE`, `MAXIMUM_OCCUPANCY`, `AVERAGE_POINT`, `BED_ROOM`, `BATH_ROOM`, `BED_COUNT`,`OPTION`) VALUES (29, 29, '대학로 Mins House!! 301', '호스트29', '설명29', '집 전체', 250884, 4, 3.5, 1, 0,1, '주방,무선 인터넷,에어컨,헤어드라이어');
INSERT INTO IMAGE (IMAGE_ID, ACCOMODATION_ID, IMAGE_URL) VALUES (485, 29, 'https://a0.muscache.com/im/pictures/49df23ac-cb9e-4d22-9b26-a7d573d78d2f.jpg?im_w=720');
INSERT INTO IMAGE (IMAGE_ID, ACCOMODATION_ID, IMAGE_URL) VALUES (486, 29, 'https://a0.muscache.com/im/pictures/efdcd216-ead8-4d4d-82b9-143dc040b682.jpg?im_w=720');
INSERT INTO IMAGE (IMAGE_ID, ACCOMODATION_ID, IMAGE_URL) VALUES (487, 29, 'https://a0.muscache.com/im/pictures/3c0890ed-7316-4875-b474-0bcc3933918f.jpg?im_w=720');
INSERT INTO IMAGE (IMAGE_ID, ACCOMODATION_ID, IMAGE_URL) VALUES (488, 29, 'https://a0.muscache.com/im/pictures/ddb7ac2a-0612-49b1-ba13-219e172f0f2f.jpg?im_w=720');
INSERT INTO IMAGE (IMAGE_ID, ACCOMODATION_ID, IMAGE_URL) VALUES (489, 29, 'https://a0.muscache.com/im/pictures/a47b809e-baff-41e1-b954-5f31342d143f.jpg?im_w=720');
INSERT INTO IMAGE (IMAGE_ID, ACCOMODATION_ID, IMAGE_URL) VALUES (490, 29, 'https://a0.muscache.com/im/pictures/7357974f-adc5-4df5-830a-08c8588d25a1.jpg?im_w=720');
INSERT INTO IMAGE (IMAGE_ID, ACCOMODATION_ID, IMAGE_URL) VALUES (491, 29, 'https://a0.muscache.com/im/pictures/1e527104-5796-403f-ab41-96bf35ccacd9.jpg?im_w=720');
INSERT INTO IMAGE (IMAGE_ID, ACCOMODATION_ID, IMAGE_URL) VALUES (492, 29, 'https://a0.muscache.com/im/pictures/caea0a21-068e-42da-847f-4503e62f5e29.jpg?im_w=720');
INSERT INTO IMAGE (IMAGE_ID, ACCOMODATION_ID, IMAGE_URL) VALUES (493, 29, 'https://a0.muscache.com/im/pictures/f773dd62-49d6-465d-b482-57a6d06b1ab6.jpg?im_w=720');
INSERT INTO IMAGE (IMAGE_ID, ACCOMODATION_ID, IMAGE_URL) VALUES (494, 29, 'https://a0.muscache.com/im/pictures/c2a2b40b-9522-4280-a1ec-f16ed25972a6.jpg?im_w=720');
INSERT INTO IMAGE (IMAGE_ID, ACCOMODATION_ID, IMAGE_URL) VALUES (495, 29, 'https://a0.muscache.com/im/pictures/4fbdac4e-23d2-4c51-86ed-0a1adcdbea1d.jpg?im_w=720');
INSERT INTO IMAGE (IMAGE_ID, ACCOMODATION_ID, IMAGE_URL) VALUES (496, 29, 'https://a0.muscache.com/im/pictures/a32e7125-3d55-4a26-83a8-9ee2d38b1929.jpg?im_w=720');
INSERT INTO IMAGE (IMAGE_ID, ACCOMODATION_ID, IMAGE_URL) VALUES (497, 29, 'https://a0.muscache.com/im/pictures/80918fc5-0ecb-4cb7-bac9-86d1d0da8c42.jpg?im_w=720');
INSERT INTO IMAGE (IMAGE_ID, ACCOMODATION_ID, IMAGE_URL) VALUES (498, 29, 'https://a0.muscache.com/im/pictures/dc3308f7-c435-4636-90c0-0189f6881e96.jpg?im_w=720');

INSERT INTO LOCATION (LOCATION_ID, LOCATION_NAME, COUNTRY, REGION, CITY, LATITUDE, LONGITUDE) VALUES (30, '지명30', ' 서울', ' Jongno-gu', 'Myeongnyun 4(sa)ga', 37.58034, 126.99924);
INSERT INTO ACCOMODATION (`ACCOMODATION_ID`, `LOCATION_ID`, `ACCOMODATION_NAME`, `HOST_NAME`, `DISCRIPTION`, `ACCOMODATION_TYPE`, `PRICE`, `MAXIMUM_OCCUPANCY`, `AVERAGE_POINT`, `BED_ROOM`, `BATH_ROOM`, `BED_COUNT`,`OPTION`) VALUES (30, 30, '[서울대병원5분,혜화역3분]조용하고 편안한 Cozy Room2 (살균소독청소)', '호스트30', '설명30', '집 전체', 950574, 2, 0.9, 1, 1,1, '주방,무선 인터넷,에어컨,헤어드라이어');
INSERT INTO IMAGE (IMAGE_ID, ACCOMODATION_ID, IMAGE_URL) VALUES (499, 30, 'https://a0.muscache.com/im/pictures/64292bcb-a434-4432-a095-59457d221b2f.jpg?im_w=720');
INSERT INTO IMAGE (IMAGE_ID, ACCOMODATION_ID, IMAGE_URL) VALUES (500, 30, 'https://a0.muscache.com/im/pictures/e46d249d-b169-4adc-8f1e-99cdadb0b62d.jpg?im_w=720');
INSERT INTO IMAGE (IMAGE_ID, ACCOMODATION_ID, IMAGE_URL) VALUES (501, 30, 'https://a0.muscache.com/im/pictures/162240ca-bec7-452f-acff-e1f5fd4906c8.jpg?im_w=720');
INSERT INTO IMAGE (IMAGE_ID, ACCOMODATION_ID, IMAGE_URL) VALUES (502, 30, 'https://a0.muscache.com/im/pictures/d959b1c6-8af4-4bd5-8229-7e16b1b14a56.jpg?im_w=720');
INSERT INTO IMAGE (IMAGE_ID, ACCOMODATION_ID, IMAGE_URL) VALUES (503, 30, 'https://a0.muscache.com/im/pictures/ab5848ec-3330-4c3c-9c80-b24a7a458b2f.jpg?im_w=720');
INSERT INTO IMAGE (IMAGE_ID, ACCOMODATION_ID, IMAGE_URL) VALUES (504, 30, 'https://a0.muscache.com/im/pictures/b24674c1-6da7-476e-aec6-a27e78726cd6.jpg?im_w=720');
INSERT INTO IMAGE (IMAGE_ID, ACCOMODATION_ID, IMAGE_URL) VALUES (505, 30, 'https://a0.muscache.com/im/pictures/304823ad-c1c4-4989-b289-baacd77be934.jpg?im_w=720');
INSERT INTO IMAGE (IMAGE_ID, ACCOMODATION_ID, IMAGE_URL) VALUES (506, 30, 'https://a0.muscache.com/im/pictures/ba65c1be-723a-433b-815a-373c16175068.jpg?im_w=720');
INSERT INTO IMAGE (IMAGE_ID, ACCOMODATION_ID, IMAGE_URL) VALUES (507, 30, 'https://a0.muscache.com/im/pictures/06642309-405b-40c5-8211-b7dbb881be63.jpg?im_w=720');
INSERT INTO IMAGE (IMAGE_ID, ACCOMODATION_ID, IMAGE_URL) VALUES (508, 30, 'https://a0.muscache.com/im/pictures/0c838ce9-7edc-4008-ae94-3e3be01259ab.jpg?im_w=720');

INSERT INTO LOCATION (LOCATION_ID, LOCATION_NAME, COUNTRY, REGION, CITY, LATITUDE, LONGITUDE) VALUES (31, '지명31', ' 서울', ' Jongno-gu', 'Changsin 1(il)-dong', 37.57245, 127.01368);
INSERT INTO ACCOMODATION (`ACCOMODATION_ID`, `LOCATION_ID`, `ACCOMODATION_NAME`, `HOST_NAME`, `DISCRIPTION`, `ACCOMODATION_TYPE`, `PRICE`, `MAXIMUM_OCCUPANCY`, `AVERAGE_POINT`, `BED_ROOM`, `BATH_ROOM`, `BED_COUNT`,`OPTION`) VALUES (31, 31, 'Single room next to Dongdaemun station', '호스트31', '설명31', '집 전체', 776506, 1, 9.5, 1, 1,1, '무선 인터넷,에어컨,헤어드라이어');
INSERT INTO IMAGE (IMAGE_ID, ACCOMODATION_ID, IMAGE_URL) VALUES (509, 31, 'https://a0.muscache.com/im/pictures/227405d8-dbd3-46c0-9a92-c96139f4c852.jpg?im_w=720');
INSERT INTO IMAGE (IMAGE_ID, ACCOMODATION_ID, IMAGE_URL) VALUES (510, 31, 'https://a0.muscache.com/im/pictures/1153a51a-48ba-409e-8696-a5cb0891f9c5.jpg?im_w=720');
INSERT INTO IMAGE (IMAGE_ID, ACCOMODATION_ID, IMAGE_URL) VALUES (511, 31, 'https://a0.muscache.com/im/pictures/a61a6c5f-01cd-41c0-b666-ec07354562cf.jpg?im_w=720');
INSERT INTO IMAGE (IMAGE_ID, ACCOMODATION_ID, IMAGE_URL) VALUES (512, 31, 'https://a0.muscache.com/im/pictures/93d9d85d-7422-48db-9485-7537d0322a7d.jpg?im_w=720');
INSERT INTO IMAGE (IMAGE_ID, ACCOMODATION_ID, IMAGE_URL) VALUES (513, 31, 'https://a0.muscache.com/im/pictures/ad30330f-f8c3-4626-a772-1787b33bb326.jpg?im_w=720');
INSERT INTO IMAGE (IMAGE_ID, ACCOMODATION_ID, IMAGE_URL) VALUES (514, 31, 'https://a0.muscache.com/im/pictures/b03950c0-c80f-43ba-815e-a6df89ae6de1.jpg?im_w=720');
INSERT INTO IMAGE (IMAGE_ID, ACCOMODATION_ID, IMAGE_URL) VALUES (515, 31, 'https://a0.muscache.com/im/pictures/2abae9ab-eb1a-47b4-899e-9170754cee0d.jpg?im_w=720');
INSERT INTO IMAGE (IMAGE_ID, ACCOMODATION_ID, IMAGE_URL) VALUES (516, 31, 'https://a0.muscache.com/im/pictures/ca2d14d6-cc09-41c0-8784-32d63c219f9d.jpg?im_w=720');
INSERT INTO IMAGE (IMAGE_ID, ACCOMODATION_ID, IMAGE_URL) VALUES (517, 31, 'https://a0.muscache.com/im/pictures/bdee4e6b-1257-420f-8528-308672d82c9a.jpg?im_w=720');
INSERT INTO IMAGE (IMAGE_ID, ACCOMODATION_ID, IMAGE_URL) VALUES (518, 31, 'https://a0.muscache.com/im/pictures/7b9355a1-6f73-4a5c-b185-f01fc743da46.jpg?im_w=720');
INSERT INTO IMAGE (IMAGE_ID, ACCOMODATION_ID, IMAGE_URL) VALUES (519, 31, 'https://a0.muscache.com/im/pictures/82d26131-a6ce-4397-b577-2f1e1b723bd1.jpg?im_w=720');
INSERT INTO IMAGE (IMAGE_ID, ACCOMODATION_ID, IMAGE_URL) VALUES (520, 31, 'https://a0.muscache.com/im/pictures/454528e7-a9e6-4a66-9152-ff9a43c08891.jpg?im_w=720');
INSERT INTO IMAGE (IMAGE_ID, ACCOMODATION_ID, IMAGE_URL) VALUES (521, 31, 'https://a0.muscache.com/im/pictures/5bb13ec2-9deb-4d00-8d54-e82053fa3c0a.jpg?im_w=720');
INSERT INTO IMAGE (IMAGE_ID, ACCOMODATION_ID, IMAGE_URL) VALUES (522, 31, 'https://a0.muscache.com/im/pictures/f0955b60-8b6e-4510-b938-77ff3c6420f1.jpg?im_w=720');
INSERT INTO IMAGE (IMAGE_ID, ACCOMODATION_ID, IMAGE_URL) VALUES (523, 31, 'https://a0.muscache.com/im/pictures/20a02231-6d1b-4cd7-9c70-caffb3a9c794.jpg?im_w=720');
INSERT INTO IMAGE (IMAGE_ID, ACCOMODATION_ID, IMAGE_URL) VALUES (524, 31, 'https://a0.muscache.com/im/pictures/94010ac1-f7cd-4af0-b42c-0dcc0ef5f8ff.jpg?im_w=720');
INSERT INTO IMAGE (IMAGE_ID, ACCOMODATION_ID, IMAGE_URL) VALUES (525, 31, 'https://a0.muscache.com/im/pictures/da0affdd-4189-43c6-9067-0c8f330a8f87.jpg?im_w=720');
INSERT INTO IMAGE (IMAGE_ID, ACCOMODATION_ID, IMAGE_URL) VALUES (526, 31, 'https://a0.muscache.com/im/pictures/4d601856-0f97-4dfb-8a23-8fdb4698a558.jpg?im_w=720');
INSERT INTO IMAGE (IMAGE_ID, ACCOMODATION_ID, IMAGE_URL) VALUES (527, 31, 'https://a0.muscache.com/im/pictures/f6acf45d-ac38-4775-a1c2-ac28ba025cb5.jpg?im_w=720');

INSERT INTO LOCATION (LOCATION_ID, LOCATION_NAME, COUNTRY, REGION, CITY, LATITUDE, LONGITUDE) VALUES (32, '지명32', ' 서울', ' Dongdaemun-gu', 'Jegi-dong', 37.5837, 127.0404);
INSERT INTO ACCOMODATION (`ACCOMODATION_ID`, `LOCATION_ID`, `ACCOMODATION_NAME`, `HOST_NAME`, `DISCRIPTION`, `ACCOMODATION_TYPE`, `PRICE`, `MAXIMUM_OCCUPANCY`, `AVERAGE_POINT`, `BED_ROOM`, `BATH_ROOM`, `BED_COUNT`,`OPTION`) VALUES (32, 32, '*new*HIGH/EMERALD 402 Dongdaemun Dist. 7min metro.', '호스트32', '설명32', '집 전체', 704993, 2, 4.1, 1, 1,1, '주방,무선 인터넷,에어컨,헤어드라이어');
INSERT INTO IMAGE (IMAGE_ID, ACCOMODATION_ID, IMAGE_URL) VALUES (528, 32, 'https://a0.muscache.com/im/pictures/e704a6e1-31cb-4087-979c-3efe07eb25c1.jpg?im_w=720');
INSERT INTO IMAGE (IMAGE_ID, ACCOMODATION_ID, IMAGE_URL) VALUES (529, 32, 'https://a0.muscache.com/im/pictures/67307742-51f9-424c-a493-5b2e183298f5.jpg?im_w=720');
INSERT INTO IMAGE (IMAGE_ID, ACCOMODATION_ID, IMAGE_URL) VALUES (530, 32, 'https://a0.muscache.com/im/pictures/f09cfafd-bc7f-460b-85d9-321e0e72f858.jpg?im_w=720');
INSERT INTO IMAGE (IMAGE_ID, ACCOMODATION_ID, IMAGE_URL) VALUES (531, 32, 'https://a0.muscache.com/im/pictures/51bd1c28-a206-416b-888c-82357d7de1de.jpg?im_w=720');
INSERT INTO IMAGE (IMAGE_ID, ACCOMODATION_ID, IMAGE_URL) VALUES (532, 32, 'https://a0.muscache.com/im/pictures/2f8260c7-536e-45cf-b30d-36b9368827b4.jpg?im_w=720');
INSERT INTO IMAGE (IMAGE_ID, ACCOMODATION_ID, IMAGE_URL) VALUES (533, 32, 'https://a0.muscache.com/im/pictures/f7aed0e0-720a-480b-a977-3a1bfea80853.jpg?im_w=720');
INSERT INTO IMAGE (IMAGE_ID, ACCOMODATION_ID, IMAGE_URL) VALUES (534, 32, 'https://a0.muscache.com/im/pictures/f14620b1-e1a0-4e6e-9741-631dbdcd474c.jpg?im_w=720');
INSERT INTO IMAGE (IMAGE_ID, ACCOMODATION_ID, IMAGE_URL) VALUES (535, 32, 'https://a0.muscache.com/im/pictures/325a0b92-29d4-4466-8cff-1180c4cc58d2.jpg?im_w=720');
INSERT INTO IMAGE (IMAGE_ID, ACCOMODATION_ID, IMAGE_URL) VALUES (536, 32, 'https://a0.muscache.com/im/pictures/a248c442-f006-43c8-b352-3262a7314bb4.jpg?im_w=720');
INSERT INTO IMAGE (IMAGE_ID, ACCOMODATION_ID, IMAGE_URL) VALUES (537, 32, 'https://a0.muscache.com/im/pictures/8f83dad0-44eb-4e3b-9cfe-1cead3ca6fe8.jpg?im_w=720');
INSERT INTO IMAGE (IMAGE_ID, ACCOMODATION_ID, IMAGE_URL) VALUES (538, 32, 'https://a0.muscache.com/im/pictures/8858b8f7-2da1-4c01-a491-9caa7f4ad5b4.jpg?im_w=720');
INSERT INTO IMAGE (IMAGE_ID, ACCOMODATION_ID, IMAGE_URL) VALUES (539, 32, 'https://a0.muscache.com/im/pictures/ec3c6038-6778-4686-9f53-efc94758fd9d.jpg?im_w=720');
INSERT INTO IMAGE (IMAGE_ID, ACCOMODATION_ID, IMAGE_URL) VALUES (540, 32, 'https://a0.muscache.com/im/pictures/dee7d286-8522-4e6b-9c44-10ba505685e3.jpg?im_w=720');
INSERT INTO IMAGE (IMAGE_ID, ACCOMODATION_ID, IMAGE_URL) VALUES (541, 32, 'https://a0.muscache.com/im/pictures/aac7dc73-d867-49b4-89df-8d80ff72c8b8.jpg?im_w=720');
INSERT INTO IMAGE (IMAGE_ID, ACCOMODATION_ID, IMAGE_URL) VALUES (542, 32, 'https://a0.muscache.com/im/pictures/7a0ce07f-6df9-4e4c-88e1-fefe65a9c578.jpg?im_w=720');
INSERT INTO IMAGE (IMAGE_ID, ACCOMODATION_ID, IMAGE_URL) VALUES (543, 32, 'https://a0.muscache.com/im/pictures/19ac8c24-09b0-433a-814a-47b569646f61.jpg?im_w=720');
INSERT INTO IMAGE (IMAGE_ID, ACCOMODATION_ID, IMAGE_URL) VALUES (544, 32, 'https://a0.muscache.com/im/pictures/f75ebf12-f635-4e97-96a3-121970b3287d.jpg?im_w=720');
INSERT INTO IMAGE (IMAGE_ID, ACCOMODATION_ID, IMAGE_URL) VALUES (545, 32, 'https://a0.muscache.com/im/pictures/e153fb6d-28bd-46c2-9160-f5458221c58a.jpg?im_w=720');
INSERT INTO IMAGE (IMAGE_ID, ACCOMODATION_ID, IMAGE_URL) VALUES (546, 32, 'https://a0.muscache.com/im/pictures/918fceec-0688-47c5-89de-d600d500e90f.jpg?im_w=720');
INSERT INTO IMAGE (IMAGE_ID, ACCOMODATION_ID, IMAGE_URL) VALUES (547, 32, 'https://a0.muscache.com/im/pictures/53f679f0-d9ac-4672-a12d-10a1dcb6516e.jpg?im_w=720');
INSERT INTO IMAGE (IMAGE_ID, ACCOMODATION_ID, IMAGE_URL) VALUES (548, 32, 'https://a0.muscache.com/im/pictures/a0b54d13-f02c-479c-9d53-70362a14daeb.jpg?im_w=720');
INSERT INTO IMAGE (IMAGE_ID, ACCOMODATION_ID, IMAGE_URL) VALUES (549, 32, 'https://a0.muscache.com/im/pictures/54772add-9c47-4677-8cfa-ca65e21b8251.jpg?im_w=720');
INSERT INTO IMAGE (IMAGE_ID, ACCOMODATION_ID, IMAGE_URL) VALUES (550, 32, 'https://a0.muscache.com/im/pictures/2a382d56-27bd-4865-976d-c33e9bbabb46.jpg?im_w=720');
INSERT INTO IMAGE (IMAGE_ID, ACCOMODATION_ID, IMAGE_URL) VALUES (551, 32, 'https://a0.muscache.com/im/pictures/2e6f35f8-d07e-4961-a7e3-7a01816f80a3.jpg?im_w=720');
INSERT INTO IMAGE (IMAGE_ID, ACCOMODATION_ID, IMAGE_URL) VALUES (552, 32, 'https://a0.muscache.com/im/pictures/ff718bdf-9ede-4945-a67a-21305ac547f6.jpg?im_w=720');
INSERT INTO IMAGE (IMAGE_ID, ACCOMODATION_ID, IMAGE_URL) VALUES (553, 32, 'https://a0.muscache.com/im/pictures/7fe03557-88d3-4780-b918-491163720d14.jpg?im_w=720');
INSERT INTO IMAGE (IMAGE_ID, ACCOMODATION_ID, IMAGE_URL) VALUES (554, 32, 'https://a0.muscache.com/im/pictures/a6f4d263-4ad7-4e41-85c8-33fae542c059.jpg?im_w=720');
INSERT INTO IMAGE (IMAGE_ID, ACCOMODATION_ID, IMAGE_URL) VALUES (555, 32, 'https://a0.muscache.com/im/pictures/61e8df2d-b94a-4f35-8e76-68eeb39263f2.jpg?im_w=720');
INSERT INTO IMAGE (IMAGE_ID, ACCOMODATION_ID, IMAGE_URL) VALUES (556, 32, 'https://a0.muscache.com/im/pictures/39d60200-2e10-4305-a3b2-c76a0ae7a829.jpg?im_w=720');
INSERT INTO IMAGE (IMAGE_ID, ACCOMODATION_ID, IMAGE_URL) VALUES (557, 32, 'https://a0.muscache.com/im/pictures/62ffc966-caff-4c55-9834-c599139e8983.jpg?im_w=720');

INSERT INTO LOCATION (LOCATION_ID, LOCATION_NAME, COUNTRY, REGION, CITY, LATITUDE, LONGITUDE) VALUES (33, '지명33', ' 한국', ' 서울', '성북구', 37.60519, 127.0628);
INSERT INTO ACCOMODATION (`ACCOMODATION_ID`, `LOCATION_ID`, `ACCOMODATION_NAME`, `HOST_NAME`, `DISCRIPTION`, `ACCOMODATION_TYPE`, `PRICE`, `MAXIMUM_OCCUPANCY`, `AVERAGE_POINT`, `BED_ROOM`, `BATH_ROOM`, `BED_COUNT`,`OPTION`) VALUES (33, 33, 'Brick house_Room C', '호스트33', '설명33', '개인실', 995281, 1, 2.7, 1, 1,1, '주방,무선 인터넷,헤어드라이어');
INSERT INTO IMAGE (IMAGE_ID, ACCOMODATION_ID, IMAGE_URL) VALUES (558, 33, 'https://a0.muscache.com/im/pictures/f7dfdc4f-a3dc-4cf5-acc8-5e248cb8e234.jpg?im_w=720');
INSERT INTO IMAGE (IMAGE_ID, ACCOMODATION_ID, IMAGE_URL) VALUES (559, 33, 'https://a0.muscache.com/im/pictures/363e1d31-4f4f-4e6e-be7d-dd82ee5568f3.jpg?im_w=720');
INSERT INTO IMAGE (IMAGE_ID, ACCOMODATION_ID, IMAGE_URL) VALUES (560, 33, 'https://a0.muscache.com/im/pictures/887bb16e-caf4-49e6-a010-4b2ca646528c.jpg?im_w=720');
INSERT INTO IMAGE (IMAGE_ID, ACCOMODATION_ID, IMAGE_URL) VALUES (561, 33, 'https://a0.muscache.com/im/pictures/f2607d0d-2cc2-475f-816d-e7eb2dceb6c1.jpg?im_w=720');
INSERT INTO IMAGE (IMAGE_ID, ACCOMODATION_ID, IMAGE_URL) VALUES (562, 33, 'https://a0.muscache.com/im/pictures/efe38426-a570-4139-9bae-b9a239faa36a.jpg?im_w=720');
INSERT INTO IMAGE (IMAGE_ID, ACCOMODATION_ID, IMAGE_URL) VALUES (563, 33, 'https://a0.muscache.com/im/pictures/0aecc572-7e84-4d87-8c7c-37ea15f08937.jpg?im_w=720');
INSERT INTO IMAGE (IMAGE_ID, ACCOMODATION_ID, IMAGE_URL) VALUES (564, 33, 'https://a0.muscache.com/im/pictures/218b1bac-15ac-4c29-92d6-506aac0955aa.jpg?im_w=720');
INSERT INTO IMAGE (IMAGE_ID, ACCOMODATION_ID, IMAGE_URL) VALUES (565, 33, 'https://a0.muscache.com/im/pictures/e4843ee5-d57d-4284-a4e9-79fd8728ec48.jpg?im_w=720');
INSERT INTO IMAGE (IMAGE_ID, ACCOMODATION_ID, IMAGE_URL) VALUES (566, 33, 'https://a0.muscache.com/im/pictures/68cf3d91-187f-4d98-88f3-dad0be9145c2.jpg?im_w=720');
INSERT INTO IMAGE (IMAGE_ID, ACCOMODATION_ID, IMAGE_URL) VALUES (567, 33, 'https://a0.muscache.com/im/pictures/0e71fbb3-3afb-440e-a9bc-955ddde74827.jpg?im_w=720');
INSERT INTO IMAGE (IMAGE_ID, ACCOMODATION_ID, IMAGE_URL) VALUES (568, 33, 'https://a0.muscache.com/im/pictures/6da2778c-c3e4-4f85-84a2-3b8fc62f0660.jpg?im_w=720');
INSERT INTO IMAGE (IMAGE_ID, ACCOMODATION_ID, IMAGE_URL) VALUES (569, 33, 'https://a0.muscache.com/im/pictures/8ed0bd35-523f-4cf1-ac73-10b0d983b34f.jpg?im_w=720');
INSERT INTO IMAGE (IMAGE_ID, ACCOMODATION_ID, IMAGE_URL) VALUES (570, 33, 'https://a0.muscache.com/im/pictures/086daf7e-89f6-4446-bcdf-508c5a24753b.jpg?im_w=720');
INSERT INTO IMAGE (IMAGE_ID, ACCOMODATION_ID, IMAGE_URL) VALUES (571, 33, 'https://a0.muscache.com/im/pictures/5039f0c8-fd9e-427c-8e4c-31f90431ec3d.jpg?im_w=720');
INSERT INTO IMAGE (IMAGE_ID, ACCOMODATION_ID, IMAGE_URL) VALUES (572, 33, 'https://a0.muscache.com/im/pictures/fecd77dd-1957-411d-b259-a7d360712ed4.jpg?im_w=720');
INSERT INTO IMAGE (IMAGE_ID, ACCOMODATION_ID, IMAGE_URL) VALUES (573, 33, 'https://a0.muscache.com/im/pictures/8965a58c-fe17-496b-98e2-af2219aa6ed1.jpg?im_w=720');
INSERT INTO IMAGE (IMAGE_ID, ACCOMODATION_ID, IMAGE_URL) VALUES (574, 33, 'https://a0.muscache.com/im/pictures/ce0abdb2-2b17-40f4-8415-d9d2967b9ffd.jpg?im_w=720');
INSERT INTO IMAGE (IMAGE_ID, ACCOMODATION_ID, IMAGE_URL) VALUES (575, 33, 'https://a0.muscache.com/im/pictures/c031eed3-b3d6-4658-a11a-3b74018b9847.jpg?im_w=720');
INSERT INTO IMAGE (IMAGE_ID, ACCOMODATION_ID, IMAGE_URL) VALUES (576, 33, 'https://a0.muscache.com/im/pictures/877b6659-e76a-4d31-a761-9e56d3e7d338.jpg?im_w=720');
INSERT INTO IMAGE (IMAGE_ID, ACCOMODATION_ID, IMAGE_URL) VALUES (577, 33, 'https://a0.muscache.com/im/pictures/0c122f8d-49c8-402a-915f-245f9b677abd.jpg?im_w=720');
INSERT INTO IMAGE (IMAGE_ID, ACCOMODATION_ID, IMAGE_URL) VALUES (578, 33, 'https://a0.muscache.com/im/pictures/ec77f005-c3ee-44c1-ba56-59cc0424f424.jpg?im_w=720');
INSERT INTO IMAGE (IMAGE_ID, ACCOMODATION_ID, IMAGE_URL) VALUES (579, 33, 'https://a0.muscache.com/im/pictures/09ac904b-425c-4a8d-8950-3c8f1424c6b5.jpg?im_w=720');
INSERT INTO IMAGE (IMAGE_ID, ACCOMODATION_ID, IMAGE_URL) VALUES (580, 33, 'https://a0.muscache.com/im/pictures/68abf519-0369-4d17-a681-ef187d1c88c2.jpg?im_w=720');
INSERT INTO IMAGE (IMAGE_ID, ACCOMODATION_ID, IMAGE_URL) VALUES (581, 33, 'https://a0.muscache.com/im/pictures/0e972f78-6950-4f49-84c1-f73c7c593c2a.jpg?im_w=720');
INSERT INTO IMAGE (IMAGE_ID, ACCOMODATION_ID, IMAGE_URL) VALUES (582, 33, 'https://a0.muscache.com/im/pictures/69af7c84-1d62-475f-beb3-9bdf08fe242a.jpg?im_w=720');
INSERT INTO IMAGE (IMAGE_ID, ACCOMODATION_ID, IMAGE_URL) VALUES (583, 33, 'https://a0.muscache.com/im/pictures/15acc2e9-208c-4255-ba32-a337e1223af1.jpg?im_w=720');
INSERT INTO IMAGE (IMAGE_ID, ACCOMODATION_ID, IMAGE_URL) VALUES (584, 33, 'https://a0.muscache.com/im/pictures/608651ea-a549-4ed7-bc76-a689d177d285.jpg?im_w=720');
INSERT INTO IMAGE (IMAGE_ID, ACCOMODATION_ID, IMAGE_URL) VALUES (585, 33, 'https://a0.muscache.com/im/pictures/796f019c-7605-45cb-8a95-09192b568693.jpg?im_w=720');
INSERT INTO IMAGE (IMAGE_ID, ACCOMODATION_ID, IMAGE_URL) VALUES (586, 33, 'https://a0.muscache.com/im/pictures/269498a3-c320-4c6b-a8cc-f0c7d7f87856.jpg?im_w=720');
INSERT INTO IMAGE (IMAGE_ID, ACCOMODATION_ID, IMAGE_URL) VALUES (587, 33, 'https://a0.muscache.com/im/pictures/bd072f47-297b-4c07-8f46-a4336ac79146.jpg?im_w=720');

INSERT INTO LOCATION (LOCATION_ID, LOCATION_NAME, COUNTRY, REGION, CITY, LATITUDE, LONGITUDE) VALUES (34, '지명34', ' 한국', ' 서울', '서울특별시', 37.58291, 126.99894);
INSERT INTO ACCOMODATION (`ACCOMODATION_ID`, `LOCATION_ID`, `ACCOMODATION_NAME`, `HOST_NAME`, `DISCRIPTION`, `ACCOMODATION_TYPE`, `PRICE`, `MAXIMUM_OCCUPANCY`, `AVERAGE_POINT`, `BED_ROOM`, `BATH_ROOM`, `BED_COUNT`,`OPTION`) VALUES (34, 34, 'A warm&snug singleroom2@Daehangno', '호스트34', '설명34', '집 전체', 802033, 1, 3.5, 0, 1,0, '주방,무선 인터넷,에어컨,헤어드라이어');
INSERT INTO IMAGE (IMAGE_ID, ACCOMODATION_ID, IMAGE_URL) VALUES (588, 34, 'https://a0.muscache.com/im/pictures/fa6bb356-4c32-467c-9252-842581574d44.jpg?im_w=720');
INSERT INTO IMAGE (IMAGE_ID, ACCOMODATION_ID, IMAGE_URL) VALUES (589, 34, 'https://a0.muscache.com/im/pictures/33dea51e-fba1-4623-b47c-eab8231665e6.jpg?im_w=720');
INSERT INTO IMAGE (IMAGE_ID, ACCOMODATION_ID, IMAGE_URL) VALUES (590, 34, 'https://a0.muscache.com/im/pictures/8f193a9d-5e60-47a3-bed3-17deed56d10d.jpg?im_w=720');
INSERT INTO IMAGE (IMAGE_ID, ACCOMODATION_ID, IMAGE_URL) VALUES (591, 34, 'https://a0.muscache.com/im/pictures/f93fd6ab-8ac2-4c8c-a874-f78ea376b6ab.jpg?im_w=720');
INSERT INTO IMAGE (IMAGE_ID, ACCOMODATION_ID, IMAGE_URL) VALUES (592, 34, 'https://a0.muscache.com/im/pictures/d34e4ea8-9dc9-45aa-aa96-4da4203c9f05.jpg?im_w=720');
INSERT INTO IMAGE (IMAGE_ID, ACCOMODATION_ID, IMAGE_URL) VALUES (593, 34, 'https://a0.muscache.com/im/pictures/be76a5e7-cf98-49f7-9321-d61cc9b7d36b.jpg?im_w=720');
INSERT INTO IMAGE (IMAGE_ID, ACCOMODATION_ID, IMAGE_URL) VALUES (594, 34, 'https://a0.muscache.com/im/pictures/15268383-c79e-4229-b275-e10e0279b5a7.jpg?im_w=720');
INSERT INTO IMAGE (IMAGE_ID, ACCOMODATION_ID, IMAGE_URL) VALUES (595, 34, 'https://a0.muscache.com/im/pictures/906f5d9a-637c-4bab-9a38-909d3f460aa5.jpg?im_w=720');
INSERT INTO IMAGE (IMAGE_ID, ACCOMODATION_ID, IMAGE_URL) VALUES (596, 34, 'https://a0.muscache.com/im/pictures/eee17c57-25eb-4c20-a2cf-7dbe571ba393.jpg?im_w=720');
INSERT INTO IMAGE (IMAGE_ID, ACCOMODATION_ID, IMAGE_URL) VALUES (597, 34, 'https://a0.muscache.com/im/pictures/7773fa3a-5be5-430e-b545-c5a8c9b62923.jpg?im_w=720');
INSERT INTO IMAGE (IMAGE_ID, ACCOMODATION_ID, IMAGE_URL) VALUES (598, 34, 'https://a0.muscache.com/im/pictures/03b3de07-830a-4c77-8377-65883ce912e8.jpg?im_w=720');
INSERT INTO IMAGE (IMAGE_ID, ACCOMODATION_ID, IMAGE_URL) VALUES (599, 34, 'https://a0.muscache.com/im/pictures/fb72d0e5-a826-47da-aa36-9f63f8a85fbd.jpg?im_w=720');
INSERT INTO IMAGE (IMAGE_ID, ACCOMODATION_ID, IMAGE_URL) VALUES (600, 34, 'https://a0.muscache.com/im/pictures/875aad25-2571-487c-826b-7b0767851079.jpg?im_w=720');
INSERT INTO IMAGE (IMAGE_ID, ACCOMODATION_ID, IMAGE_URL) VALUES (601, 34, 'https://a0.muscache.com/im/pictures/49f14bbd-5d3f-45ae-9a16-549b898ef845.jpg?im_w=720');
INSERT INTO IMAGE (IMAGE_ID, ACCOMODATION_ID, IMAGE_URL) VALUES (602, 34, 'https://a0.muscache.com/im/pictures/d080db53-aa61-48b2-b47c-dcd961b84363.jpg?im_w=720');
INSERT INTO IMAGE (IMAGE_ID, ACCOMODATION_ID, IMAGE_URL) VALUES (603, 34, 'https://a0.muscache.com/im/pictures/5774ee3c-c00b-400f-989c-3552ffa9ed57.jpg?im_w=720');
INSERT INTO IMAGE (IMAGE_ID, ACCOMODATION_ID, IMAGE_URL) VALUES (604, 34, 'https://a0.muscache.com/im/pictures/f330069c-bd00-426b-a84b-9f452968eb89.jpg?im_w=720');
INSERT INTO IMAGE (IMAGE_ID, ACCOMODATION_ID, IMAGE_URL) VALUES (605, 34, 'https://a0.muscache.com/im/pictures/a0ea28b9-a4e3-4688-beb8-8e15f0eff068.jpg?im_w=720');
INSERT INTO IMAGE (IMAGE_ID, ACCOMODATION_ID, IMAGE_URL) VALUES (606, 34, 'https://a0.muscache.com/im/pictures/b48eb14a-f18b-4447-abbe-bd22f04d3bcf.jpg?im_w=720');
INSERT INTO IMAGE (IMAGE_ID, ACCOMODATION_ID, IMAGE_URL) VALUES (607, 34, 'https://a0.muscache.com/im/pictures/ce21e551-50e9-4a1f-a745-ea24aa62f658.jpg?im_w=720');
INSERT INTO IMAGE (IMAGE_ID, ACCOMODATION_ID, IMAGE_URL) VALUES (608, 34, 'https://a0.muscache.com/im/pictures/f4b7e5e1-d128-4e91-9dc6-a7772f5f278c.jpg?im_w=720');
INSERT INTO IMAGE (IMAGE_ID, ACCOMODATION_ID, IMAGE_URL) VALUES (609, 34, 'https://a0.muscache.com/im/pictures/e2d4c200-8361-42cb-b0ca-28fc92b64864.jpg?im_w=720');
INSERT INTO IMAGE (IMAGE_ID, ACCOMODATION_ID, IMAGE_URL) VALUES (610, 34, 'https://a0.muscache.com/im/pictures/4f9b9904-02a1-425b-8845-e60136ff753a.jpg?im_w=720');
INSERT INTO IMAGE (IMAGE_ID, ACCOMODATION_ID, IMAGE_URL) VALUES (611, 34, 'https://a0.muscache.com/im/pictures/191742a5-580f-420d-98c7-0410d0e208e1.jpg?im_w=720');
INSERT INTO IMAGE (IMAGE_ID, ACCOMODATION_ID, IMAGE_URL) VALUES (612, 34, 'https://a0.muscache.com/im/pictures/7e0a5e24-d969-410b-914b-a86ffb9218b5.jpg?im_w=720');
INSERT INTO IMAGE (IMAGE_ID, ACCOMODATION_ID, IMAGE_URL) VALUES (613, 34, 'https://a0.muscache.com/im/pictures/87786194-6491-44c7-b48e-327107ef8b19.jpg?im_w=720');
INSERT INTO IMAGE (IMAGE_ID, ACCOMODATION_ID, IMAGE_URL) VALUES (614, 34, 'https://a0.muscache.com/im/pictures/e5ce7c87-6be4-449e-9b06-82e2bb78ceac.jpg?im_w=720');

INSERT INTO LOCATION (LOCATION_ID, LOCATION_NAME, COUNTRY, REGION, CITY, LATITUDE, LONGITUDE) VALUES (35, '지명35', ' 서울', ' Dongdaemun-gu', 'Jegi-dong', 37.57846, 127.03637);
INSERT INTO ACCOMODATION (`ACCOMODATION_ID`, `LOCATION_ID`, `ACCOMODATION_NAME`, `HOST_NAME`, `DISCRIPTION`, `ACCOMODATION_TYPE`, `PRICE`, `MAXIMUM_OCCUPANCY`, `AVERAGE_POINT`, `BED_ROOM`, `BATH_ROOM`, `BED_COUNT`,`OPTION`) VALUES (35, 35, 'privite room in apartment', '호스트35', '설명35', '개인실', 622583, 1, 6.9, 1, 1,1, '주방,무선 인터넷,에어컨,헤어드라이어');
INSERT INTO IMAGE (IMAGE_ID, ACCOMODATION_ID, IMAGE_URL) VALUES (615, 35, 'https://a0.muscache.com/im/pictures/b2f5ba5f-be79-424a-994c-94421f643737.jpg?im_w=720');
INSERT INTO IMAGE (IMAGE_ID, ACCOMODATION_ID, IMAGE_URL) VALUES (616, 35, 'https://a0.muscache.com/im/pictures/62bb739c-8fbc-4c33-a062-b1365661f95d.jpg?im_w=720');
INSERT INTO IMAGE (IMAGE_ID, ACCOMODATION_ID, IMAGE_URL) VALUES (617, 35, 'https://a0.muscache.com/im/pictures/d3751a82-f4ce-4dd9-b20d-5b23a8aa696e.jpg?im_w=720');
INSERT INTO IMAGE (IMAGE_ID, ACCOMODATION_ID, IMAGE_URL) VALUES (618, 35, 'https://a0.muscache.com/im/pictures/27a6c139-b73a-4531-a45d-3304adbef73e.jpg?im_w=720');
INSERT INTO IMAGE (IMAGE_ID, ACCOMODATION_ID, IMAGE_URL) VALUES (619, 35, 'https://a0.muscache.com/im/pictures/44f472f4-c7d4-49ae-9672-045a4db76a54.jpg?im_w=720');
INSERT INTO IMAGE (IMAGE_ID, ACCOMODATION_ID, IMAGE_URL) VALUES (620, 35, 'https://a0.muscache.com/im/pictures/9d794eaa-99c8-41f1-b7b2-4120932b5690.jpg?im_w=720');
INSERT INTO IMAGE (IMAGE_ID, ACCOMODATION_ID, IMAGE_URL) VALUES (621, 35, 'https://a0.muscache.com/im/pictures/86231380-ee8c-4774-ac59-d6ec4432d6f8.jpg?im_w=720');
INSERT INTO IMAGE (IMAGE_ID, ACCOMODATION_ID, IMAGE_URL) VALUES (622, 35, 'https://a0.muscache.com/im/pictures/0b5d2250-c73c-423c-8e65-0e5391be9ae6.jpg?im_w=720');

INSERT INTO LOCATION (LOCATION_ID, LOCATION_NAME, COUNTRY, REGION, CITY, LATITUDE, LONGITUDE) VALUES (36, '지명36', ' 서울', ' Seongbuk-gu', 'Hawolgok-dong', 37.60191188096099, 127.04248038732278);
INSERT INTO ACCOMODATION (`ACCOMODATION_ID`, `LOCATION_ID`, `ACCOMODATION_NAME`, `HOST_NAME`, `DISCRIPTION`, `ACCOMODATION_TYPE`, `PRICE`, `MAXIMUM_OCCUPANCY`, `AVERAGE_POINT`, `BED_ROOM`, `BATH_ROOM`, `BED_COUNT`,`OPTION`) VALUES (36, 36, '1 bedroom rental unit perfect for quarantine', '호스트36', '설명36', '집 전체', 430325, 1, 9.2, 1, 1,1, '주방,무선 인터넷,에어컨');
INSERT INTO IMAGE (IMAGE_ID, ACCOMODATION_ID, IMAGE_URL) VALUES (623, 36, 'https://a0.muscache.com/im/pictures/miso/Hosting-50023495/original/056775ef-82a8-4803-80e7-7cd0bc483876.jpeg?im_w=720');
INSERT INTO IMAGE (IMAGE_ID, ACCOMODATION_ID, IMAGE_URL) VALUES (624, 36, 'https://a0.muscache.com/im/pictures/miso/Hosting-50023495/original/2cdc31f3-62f0-47c6-8105-49a68107287b.jpeg?im_w=720');
INSERT INTO IMAGE (IMAGE_ID, ACCOMODATION_ID, IMAGE_URL) VALUES (625, 36, 'https://a0.muscache.com/im/pictures/miso/Hosting-50023495/original/f0ac63a9-e964-4380-aeeb-fa721d1a2a57.jpeg?im_w=720');
INSERT INTO IMAGE (IMAGE_ID, ACCOMODATION_ID, IMAGE_URL) VALUES (626, 36, 'https://a0.muscache.com/im/pictures/miso/Hosting-50023495/original/e88b4bba-01ac-4da9-8df5-3b522d811068.jpeg?im_w=720');
INSERT INTO IMAGE (IMAGE_ID, ACCOMODATION_ID, IMAGE_URL) VALUES (627, 36, 'https://a0.muscache.com/im/pictures/miso/Hosting-50023495/original/e6d28ca4-686c-4661-bd7a-c25f598b4489.jpeg?im_w=720');
INSERT INTO IMAGE (IMAGE_ID, ACCOMODATION_ID, IMAGE_URL) VALUES (628, 36, 'https://a0.muscache.com/im/pictures/miso/Hosting-50023495/original/9186f486-ea7d-4ac3-9d29-60e4cb829bd6.jpeg?im_w=720');
INSERT INTO IMAGE (IMAGE_ID, ACCOMODATION_ID, IMAGE_URL) VALUES (629, 36, 'https://a0.muscache.com/im/pictures/miso/Hosting-50023495/original/82168288-3aaa-4651-9f77-d0087e6445c6.jpeg?im_w=720');
INSERT INTO IMAGE (IMAGE_ID, ACCOMODATION_ID, IMAGE_URL) VALUES (630, 36, 'https://a0.muscache.com/im/pictures/miso/Hosting-50023495/original/07f36bdf-3ed5-47f7-bff9-f0b4630d404f.jpeg?im_w=720');
INSERT INTO IMAGE (IMAGE_ID, ACCOMODATION_ID, IMAGE_URL) VALUES (631, 36, 'https://a0.muscache.com/im/pictures/miso/Hosting-50023495/original/a51aa3c8-30ee-497e-b327-7b1f94f1f6ca.jpeg?im_w=720');
INSERT INTO IMAGE (IMAGE_ID, ACCOMODATION_ID, IMAGE_URL) VALUES (632, 36, 'https://a0.muscache.com/im/pictures/miso/Hosting-50023495/original/27c9b7e5-1f46-4f97-82fd-8b4423c68d71.jpeg?im_w=720');
INSERT INTO IMAGE (IMAGE_ID, ACCOMODATION_ID, IMAGE_URL) VALUES (633, 36, 'https://a0.muscache.com/im/pictures/miso/Hosting-50023495/original/349e0e06-65b5-4d8a-918e-8e0ce97465a8.jpeg?im_w=720');
INSERT INTO IMAGE (IMAGE_ID, ACCOMODATION_ID, IMAGE_URL) VALUES (634, 36, 'https://a0.muscache.com/im/pictures/miso/Hosting-50023495/original/607f610f-e5cb-43be-aee3-0cc8d5385263.jpeg?im_w=720');
INSERT INTO IMAGE (IMAGE_ID, ACCOMODATION_ID, IMAGE_URL) VALUES (635, 36, 'https://a0.muscache.com/im/pictures/miso/Hosting-50023495/original/68caee0d-c440-49fb-bbf4-16b3200d4c7c.jpeg?im_w=720');
INSERT INTO IMAGE (IMAGE_ID, ACCOMODATION_ID, IMAGE_URL) VALUES (636, 36, 'https://a0.muscache.com/im/pictures/miso/Hosting-50023495/original/291d21f8-d86f-4e50-bf73-21b69812499d.jpeg?im_w=720');
INSERT INTO IMAGE (IMAGE_ID, ACCOMODATION_ID, IMAGE_URL) VALUES (637, 36, 'https://a0.muscache.com/im/pictures/miso/Hosting-50023495/original/9c13d0d5-500c-4ff9-b370-bceb016e4d72.jpeg?im_w=720');
INSERT INTO IMAGE (IMAGE_ID, ACCOMODATION_ID, IMAGE_URL) VALUES (638, 36, 'https://a0.muscache.com/im/pictures/miso/Hosting-50023495/original/99819572-f031-4e3f-8845-f05aa6e8a4ac.jpeg?im_w=720');

INSERT INTO LOCATION (LOCATION_ID, LOCATION_NAME, COUNTRY, REGION, CITY, LATITUDE, LONGITUDE) VALUES (37, '지명37', ' 서울', ' Dongdaemun-gu', 'Imun 1(il)-dong', 37.59759215022896, 127.06102830742412);
INSERT INTO ACCOMODATION (`ACCOMODATION_ID`, `LOCATION_ID`, `ACCOMODATION_NAME`, `HOST_NAME`, `DISCRIPTION`, `ACCOMODATION_TYPE`, `PRICE`, `MAXIMUM_OCCUPANCY`, `AVERAGE_POINT`, `BED_ROOM`, `BATH_ROOM`, `BED_COUNT`,`OPTION`) VALUES (37, 37, '경희대 도보 10분 외대 도보 3분 초역세권 아늑한 집', '호스트37', '설명37', '집 전체', 911200, 2, 9.8, 1, 1,1, '주방,무선 인터넷,에어컨,헤어드라이어');
INSERT INTO IMAGE (IMAGE_ID, ACCOMODATION_ID, IMAGE_URL) VALUES (639, 37, 'https://a0.muscache.com/im/pictures/c4039411-4633-4ca3-b5ae-4ac187ff338b.jpg?im_w=720');
INSERT INTO IMAGE (IMAGE_ID, ACCOMODATION_ID, IMAGE_URL) VALUES (640, 37, 'https://a0.muscache.com/im/pictures/3550402c-8ab2-49fd-8497-648a3032b0ec.jpg?im_w=720');
INSERT INTO IMAGE (IMAGE_ID, ACCOMODATION_ID, IMAGE_URL) VALUES (641, 37, 'https://a0.muscache.com/im/pictures/71b34e32-54b4-4dde-b577-2f0c77524224.jpg?im_w=720');
INSERT INTO IMAGE (IMAGE_ID, ACCOMODATION_ID, IMAGE_URL) VALUES (642, 37, 'https://a0.muscache.com/im/pictures/e1bea731-fe7f-4095-8462-99bcb2ee4365.jpg?im_w=720');

INSERT INTO LOCATION (LOCATION_ID, LOCATION_NAME, COUNTRY, REGION, CITY, LATITUDE, LONGITUDE) VALUES (38, '지명38', ' 서울', ' Seongdong-gu', 'Sageun-dong', 37.55976, 127.04432);
INSERT INTO ACCOMODATION (`ACCOMODATION_ID`, `LOCATION_ID`, `ACCOMODATION_NAME`, `HOST_NAME`, `DISCRIPTION`, `ACCOMODATION_TYPE`, `PRICE`, `MAXIMUM_OCCUPANCY`, `AVERAGE_POINT`, `BED_ROOM`, `BATH_ROOM`, `BED_COUNT`,`OPTION`) VALUES (38, 38, 'Best Single studio☆-8min Wangshimni station', '호스트38', '설명38', '집 전체', 508699, 2, 8.2, 0, 1,0, '주방,무선 인터넷,에어컨,헤어드라이어');
INSERT INTO IMAGE (IMAGE_ID, ACCOMODATION_ID, IMAGE_URL) VALUES (643, 38, 'https://a0.muscache.com/im/pictures/e45c3459-34aa-462f-8b03-3ebc2867cf42.jpg?im_w=720');
INSERT INTO IMAGE (IMAGE_ID, ACCOMODATION_ID, IMAGE_URL) VALUES (644, 38, 'https://a0.muscache.com/im/pictures/18c17139-fe7c-4b28-a4b6-e58f8bdd6bf5.jpg?im_w=720');
INSERT INTO IMAGE (IMAGE_ID, ACCOMODATION_ID, IMAGE_URL) VALUES (645, 38, 'https://a0.muscache.com/im/pictures/baf332c8-eff0-437c-8b5c-456552c4470d.jpg?im_w=720');
INSERT INTO IMAGE (IMAGE_ID, ACCOMODATION_ID, IMAGE_URL) VALUES (646, 38, 'https://a0.muscache.com/im/pictures/888152b3-9449-4f54-90f6-f21638b75121.jpg?im_w=720');
INSERT INTO IMAGE (IMAGE_ID, ACCOMODATION_ID, IMAGE_URL) VALUES (647, 38, 'https://a0.muscache.com/im/pictures/6706d53e-c63f-4d33-b01e-e3c3e740295f.jpg?im_w=720');
INSERT INTO IMAGE (IMAGE_ID, ACCOMODATION_ID, IMAGE_URL) VALUES (648, 38, 'https://a0.muscache.com/im/pictures/bc359a24-cf3c-4a88-ac2a-d70b19acb0f0.jpg?im_w=720');
INSERT INTO IMAGE (IMAGE_ID, ACCOMODATION_ID, IMAGE_URL) VALUES (649, 38, 'https://a0.muscache.com/im/pictures/32e19ee5-4731-421e-970a-b86e1b7ac68b.jpg?im_w=720');
INSERT INTO IMAGE (IMAGE_ID, ACCOMODATION_ID, IMAGE_URL) VALUES (650, 38, 'https://a0.muscache.com/im/pictures/4c5b352e-184f-4b08-851d-30a5d29954f7.jpg?im_w=720');
INSERT INTO IMAGE (IMAGE_ID, ACCOMODATION_ID, IMAGE_URL) VALUES (651, 38, 'https://a0.muscache.com/im/pictures/9d63d2bb-86af-4ba5-9bcc-8faf0f50d7f6.jpg?im_w=720');
INSERT INTO IMAGE (IMAGE_ID, ACCOMODATION_ID, IMAGE_URL) VALUES (652, 38, 'https://a0.muscache.com/im/pictures/56c8cae3-db59-4ec9-b3df-272402cfcfc1.jpg?im_w=720');

INSERT INTO LOCATION (LOCATION_ID, LOCATION_NAME, COUNTRY, REGION, CITY, LATITUDE, LONGITUDE) VALUES (39, '지명39', ' 서울', ' Jongno-gu', 'Jongno 5(o).6(yuk)ga-dong', 37.57101, 126.99893);
INSERT INTO ACCOMODATION (`ACCOMODATION_ID`, `LOCATION_ID`, `ACCOMODATION_NAME`, `HOST_NAME`, `DISCRIPTION`, `ACCOMODATION_TYPE`, `PRICE`, `MAXIMUM_OCCUPANCY`, `AVERAGE_POINT`, `BED_ROOM`, `BATH_ROOM`, `BED_COUNT`,`OPTION`) VALUES (39, 39, '[자가격리전용] #서울안심숙소# 종로구 미니룸 M104', '호스트39', '설명39', '개인실', 755516, 1, 9.9, 1, 1,1, '무선 인터넷,에어컨,헤어드라이어');
INSERT INTO IMAGE (IMAGE_ID, ACCOMODATION_ID, IMAGE_URL) VALUES (653, 39, 'https://a0.muscache.com/im/pictures/miso/Hosting-48549841/original/d2bbbd88-1d87-495c-b5bf-da3b1f2d12c2.jpeg?im_w=720');
INSERT INTO IMAGE (IMAGE_ID, ACCOMODATION_ID, IMAGE_URL) VALUES (654, 39, 'https://a0.muscache.com/im/pictures/miso/Hosting-48549841/original/814d12df-d60c-46d5-ae91-d8aae03ded8a.jpeg?im_w=720');
INSERT INTO IMAGE (IMAGE_ID, ACCOMODATION_ID, IMAGE_URL) VALUES (655, 39, 'https://a0.muscache.com/im/pictures/miso/Hosting-48549841/original/29d41007-20ac-4ce5-8c5a-3e1a4cbfb407.jpeg?im_w=720');
INSERT INTO IMAGE (IMAGE_ID, ACCOMODATION_ID, IMAGE_URL) VALUES (656, 39, 'https://a0.muscache.com/im/pictures/miso/Hosting-48549841/original/6e04a853-8f9f-4d99-b73f-6a31c554ea18.jpeg?im_w=720');
INSERT INTO IMAGE (IMAGE_ID, ACCOMODATION_ID, IMAGE_URL) VALUES (657, 39, 'https://a0.muscache.com/im/pictures/29de32fd-8198-448c-9d84-805dad6802df.jpg?im_w=720');
INSERT INTO IMAGE (IMAGE_ID, ACCOMODATION_ID, IMAGE_URL) VALUES (658, 39, 'https://a0.muscache.com/im/pictures/miso/Hosting-48549841/original/a25c14ba-fbc6-4539-97c3-e0dcf32ccf80.jpeg?im_w=720');
INSERT INTO IMAGE (IMAGE_ID, ACCOMODATION_ID, IMAGE_URL) VALUES (659, 39, 'https://a0.muscache.com/im/pictures/miso/Hosting-48549841/original/f4e6f35c-f5dd-4433-909d-daedf0249cfd.jpeg?im_w=720');
INSERT INTO IMAGE (IMAGE_ID, ACCOMODATION_ID, IMAGE_URL) VALUES (660, 39, 'https://a0.muscache.com/im/pictures/miso/Hosting-48549841/original/e64aa16b-ba2e-410f-a463-f3260dd3280e.jpeg?im_w=720');

INSERT INTO LOCATION (LOCATION_ID, LOCATION_NAME, COUNTRY, REGION, CITY, LATITUDE, LONGITUDE) VALUES (40, '지명40', ' 서울', ' Seongdong-gu', 'Haengdang-dong', 37.56082, 127.03613);
INSERT INTO ACCOMODATION (`ACCOMODATION_ID`, `LOCATION_ID`, `ACCOMODATION_NAME`, `HOST_NAME`, `DISCRIPTION`, `ACCOMODATION_TYPE`, `PRICE`, `MAXIMUM_OCCUPANCY`, `AVERAGE_POINT`, `BED_ROOM`, `BATH_ROOM`, `BED_COUNT`,`OPTION`) VALUES (40, 40, '도시 속 쉼터(왕십리역 1분) 한양대병원3분.', '호스트40', '설명40', '집 전체', 643271, 4, 1.0, 1, 1,1, '주방,무선 인터넷,에어컨,헤어드라이어');
INSERT INTO IMAGE (IMAGE_ID, ACCOMODATION_ID, IMAGE_URL) VALUES (661, 40, 'https://a0.muscache.com/im/pictures/59281a6c-3a08-42d4-817d-69c78a31ac85.jpg?im_w=720');
INSERT INTO IMAGE (IMAGE_ID, ACCOMODATION_ID, IMAGE_URL) VALUES (662, 40, 'https://a0.muscache.com/im/pictures/6890b169-1dd1-4e53-8f93-859f2fcb71e2.jpg?im_w=720');
INSERT INTO IMAGE (IMAGE_ID, ACCOMODATION_ID, IMAGE_URL) VALUES (663, 40, 'https://a0.muscache.com/im/pictures/2f72be74-e34b-4af3-8a65-4841324b3040.jpg?im_w=720');
INSERT INTO IMAGE (IMAGE_ID, ACCOMODATION_ID, IMAGE_URL) VALUES (664, 40, 'https://a0.muscache.com/im/pictures/19b34822-cacb-45cd-abd4-f8941cf6987d.jpg?im_w=720');
INSERT INTO IMAGE (IMAGE_ID, ACCOMODATION_ID, IMAGE_URL) VALUES (665, 40, 'https://a0.muscache.com/im/pictures/defcb2be-2f0b-4b1f-98dc-0b33b4d15167.jpg?im_w=720');
INSERT INTO IMAGE (IMAGE_ID, ACCOMODATION_ID, IMAGE_URL) VALUES (666, 40, 'https://a0.muscache.com/im/pictures/a390844c-dd01-40b8-a4c5-fdb8e1a118c1.jpg?im_w=720');
INSERT INTO IMAGE (IMAGE_ID, ACCOMODATION_ID, IMAGE_URL) VALUES (667, 40, 'https://a0.muscache.com/im/pictures/2fde8a65-906a-4e34-9a9e-4409d9bbc5d1.jpg?im_w=720');
INSERT INTO IMAGE (IMAGE_ID, ACCOMODATION_ID, IMAGE_URL) VALUES (668, 40, 'https://a0.muscache.com/im/pictures/5ed119bf-9a54-4ac5-afdd-28f68403e2de.jpg?im_w=720');
INSERT INTO IMAGE (IMAGE_ID, ACCOMODATION_ID, IMAGE_URL) VALUES (669, 40, 'https://a0.muscache.com/im/pictures/908db0b5-cd77-4da9-abd6-97b800f37ade.jpg?im_w=720');
INSERT INTO IMAGE (IMAGE_ID, ACCOMODATION_ID, IMAGE_URL) VALUES (670, 40, 'https://a0.muscache.com/im/pictures/7d8531b8-63f1-4d1b-853b-cc24ad0fded4.jpg?im_w=720');
INSERT INTO IMAGE (IMAGE_ID, ACCOMODATION_ID, IMAGE_URL) VALUES (671, 40, 'https://a0.muscache.com/im/pictures/d043e536-f0ed-4652-a0a6-a9197ce41ea2.jpg?im_w=720');
INSERT INTO IMAGE (IMAGE_ID, ACCOMODATION_ID, IMAGE_URL) VALUES (672, 40, 'https://a0.muscache.com/im/pictures/e8bc7de3-96d3-4ccd-8bfa-fd5a737c6216.jpg?im_w=720');
INSERT INTO IMAGE (IMAGE_ID, ACCOMODATION_ID, IMAGE_URL) VALUES (673, 40, 'https://a0.muscache.com/im/pictures/78fd5bf0-5d63-488c-80e9-e2a119eace65.jpg?im_w=720');

INSERT INTO LOCATION (LOCATION_ID, LOCATION_NAME, COUNTRY, REGION, CITY, LATITUDE, LONGITUDE) VALUES (41, '지명41', ' 서울', ' Jung-gu', 'Gwanghui-dong', 37.56296, 127.00039);
INSERT INTO ACCOMODATION (`ACCOMODATION_ID`, `LOCATION_ID`, `ACCOMODATION_NAME`, `HOST_NAME`, `DISCRIPTION`, `ACCOMODATION_TYPE`, `PRICE`, `MAXIMUM_OCCUPANCY`, `AVERAGE_POINT`, `BED_ROOM`, `BATH_ROOM`, `BED_COUNT`,`OPTION`) VALUES (41, 41, '현대 레지던스 (Hyundai Residence) 장기 숙박 플랜 더블룸[2인]', '호스트41', '설명41', '집 전체', 205231, 2, 3.0, 1, 1,1, '주방,무선 인터넷,에어컨,헤어드라이어');
INSERT INTO IMAGE (IMAGE_ID, ACCOMODATION_ID, IMAGE_URL) VALUES (674, 41, 'https://a0.muscache.com/im/pictures/8e9b2e6d-ea9e-427d-9fd5-1f200e38c797.jpg?im_w=720');
INSERT INTO IMAGE (IMAGE_ID, ACCOMODATION_ID, IMAGE_URL) VALUES (675, 41, 'https://a0.muscache.com/im/pictures/904e1845-b1c5-4a50-9893-36ba5f723190.jpg?im_w=720');
INSERT INTO IMAGE (IMAGE_ID, ACCOMODATION_ID, IMAGE_URL) VALUES (676, 41, 'https://a0.muscache.com/im/pictures/5b25820d-3dcc-43e6-a124-8a0448751158.jpg?im_w=720');
INSERT INTO IMAGE (IMAGE_ID, ACCOMODATION_ID, IMAGE_URL) VALUES (677, 41, 'https://a0.muscache.com/im/pictures/4f8e9347-49d2-425b-a679-44208aee96e2.jpg?im_w=720');
INSERT INTO IMAGE (IMAGE_ID, ACCOMODATION_ID, IMAGE_URL) VALUES (678, 41, 'https://a0.muscache.com/im/pictures/01b18efb-0996-4c58-994c-2f101ee4d332.jpg?im_w=720');
INSERT INTO IMAGE (IMAGE_ID, ACCOMODATION_ID, IMAGE_URL) VALUES (679, 41, 'https://a0.muscache.com/im/pictures/4be0f0c8-6e69-43e9-a4f0-7566e082dd75.jpg?im_w=720');
INSERT INTO IMAGE (IMAGE_ID, ACCOMODATION_ID, IMAGE_URL) VALUES (680, 41, 'https://a0.muscache.com/im/pictures/546cf9a2-6018-44d7-ad31-6b08e690f899.jpg?im_w=720');
INSERT INTO IMAGE (IMAGE_ID, ACCOMODATION_ID, IMAGE_URL) VALUES (681, 41, 'https://a0.muscache.com/im/pictures/a14b788c-957f-4fe1-ac38-d2eab0150ebf.jpg?im_w=720');
INSERT INTO IMAGE (IMAGE_ID, ACCOMODATION_ID, IMAGE_URL) VALUES (682, 41, 'https://a0.muscache.com/im/pictures/2b1d5500-2f75-4040-b604-6f9fe2a4a0da.jpg?im_w=720');
INSERT INTO IMAGE (IMAGE_ID, ACCOMODATION_ID, IMAGE_URL) VALUES (683, 41, 'https://a0.muscache.com/im/pictures/cad71293-46eb-401b-8831-a253b81494ee.jpg?im_w=720');
INSERT INTO IMAGE (IMAGE_ID, ACCOMODATION_ID, IMAGE_URL) VALUES (684, 41, 'https://a0.muscache.com/im/pictures/bbcd87c5-3a37-48d2-9c88-5c875741815a.jpg?im_w=720');
INSERT INTO IMAGE (IMAGE_ID, ACCOMODATION_ID, IMAGE_URL) VALUES (685, 41, 'https://a0.muscache.com/im/pictures/851b44d6-6f33-48e9-8196-debdd5b59154.jpg?im_w=720');
INSERT INTO IMAGE (IMAGE_ID, ACCOMODATION_ID, IMAGE_URL) VALUES (686, 41, 'https://a0.muscache.com/im/pictures/1c8da5fd-0bb0-42a2-abd9-acb25539d504.jpg?im_w=720');
INSERT INTO IMAGE (IMAGE_ID, ACCOMODATION_ID, IMAGE_URL) VALUES (687, 41, 'https://a0.muscache.com/im/pictures/9a0d086c-599e-4dd0-bbe5-e6d38a22d671.jpg?im_w=720');
INSERT INTO IMAGE (IMAGE_ID, ACCOMODATION_ID, IMAGE_URL) VALUES (688, 41, 'https://a0.muscache.com/im/pictures/miso/Hosting-47321627/original/7aa8e731-f184-48c8-8703-968d6aec858a.jpeg?im_w=720');

INSERT INTO LOCATION (LOCATION_ID, LOCATION_NAME, COUNTRY, REGION, CITY, LATITUDE, LONGITUDE) VALUES (42, '지명42', ' 서울', ' Jongno-gu', 'Sungin 2(i)-dong', 37.57305, 127.01553);
INSERT INTO ACCOMODATION (`ACCOMODATION_ID`, `LOCATION_ID`, `ACCOMODATION_NAME`, `HOST_NAME`, `DISCRIPTION`, `ACCOMODATION_TYPE`, `PRICE`, `MAXIMUM_OCCUPANCY`, `AVERAGE_POINT`, `BED_ROOM`, `BATH_ROOM`, `BED_COUNT`,`OPTION`) VALUES (42, 42, 'Seoul Sunday House (동대문/동묘역 가족 친구여행 2인기준, 주차 불가)', '호스트42', '설명42', '집 전체', 609630, 2, 7.7, 1, 1,1, '주방,무선 인터넷,에어컨,헤어드라이어');
INSERT INTO IMAGE (IMAGE_ID, ACCOMODATION_ID, IMAGE_URL) VALUES (689, 42, 'https://a0.muscache.com/im/pictures/575b1fbb-1622-4473-85c1-e5984544d21f.jpg?im_w=720');
INSERT INTO IMAGE (IMAGE_ID, ACCOMODATION_ID, IMAGE_URL) VALUES (690, 42, 'https://a0.muscache.com/im/pictures/309bc66e-a22e-4aa6-bc3b-aa8e44a20f08.jpg?im_w=720');
INSERT INTO IMAGE (IMAGE_ID, ACCOMODATION_ID, IMAGE_URL) VALUES (691, 42, 'https://a0.muscache.com/im/pictures/a99d0a3c-717a-4662-a00e-51cdf574b102.jpg?im_w=720');
INSERT INTO IMAGE (IMAGE_ID, ACCOMODATION_ID, IMAGE_URL) VALUES (692, 42, 'https://a0.muscache.com/im/pictures/78c7bfd1-706e-4af8-b62d-7acdc753fba0.jpg?im_w=720');
INSERT INTO IMAGE (IMAGE_ID, ACCOMODATION_ID, IMAGE_URL) VALUES (693, 42, 'https://a0.muscache.com/im/pictures/65217235-896b-4b4a-a210-8f9c655901ed.jpg?im_w=720');
INSERT INTO IMAGE (IMAGE_ID, ACCOMODATION_ID, IMAGE_URL) VALUES (694, 42, 'https://a0.muscache.com/im/pictures/1c6e2c3c-311e-40ce-9ed3-8198d01c8829.jpg?im_w=720');
INSERT INTO IMAGE (IMAGE_ID, ACCOMODATION_ID, IMAGE_URL) VALUES (695, 42, 'https://a0.muscache.com/im/pictures/9347017f-16aa-4d31-b2cf-f461c0cd3c66.jpg?im_w=720');
INSERT INTO IMAGE (IMAGE_ID, ACCOMODATION_ID, IMAGE_URL) VALUES (696, 42, 'https://a0.muscache.com/im/pictures/30baea75-59a7-418e-947d-8d676e7c0bd8.jpg?im_w=720');
INSERT INTO IMAGE (IMAGE_ID, ACCOMODATION_ID, IMAGE_URL) VALUES (697, 42, 'https://a0.muscache.com/im/pictures/cc07a030-d5c3-40bb-b50c-a4b771d8c05a.jpg?im_w=720');
INSERT INTO IMAGE (IMAGE_ID, ACCOMODATION_ID, IMAGE_URL) VALUES (698, 42, 'https://a0.muscache.com/im/pictures/f845cd9d-e1ca-42f4-8102-c5cd72e33663.jpg?im_w=720');
INSERT INTO IMAGE (IMAGE_ID, ACCOMODATION_ID, IMAGE_URL) VALUES (699, 42, 'https://a0.muscache.com/im/pictures/b7c3b6ad-93e8-4821-a827-3970f2ba2c42.jpg?im_w=720');
INSERT INTO IMAGE (IMAGE_ID, ACCOMODATION_ID, IMAGE_URL) VALUES (700, 42, 'https://a0.muscache.com/im/pictures/2f0b56cd-1336-4aaa-bedd-fa0be99b3341.jpg?im_w=720');
INSERT INTO IMAGE (IMAGE_ID, ACCOMODATION_ID, IMAGE_URL) VALUES (701, 42, 'https://a0.muscache.com/im/pictures/1a664c17-8588-4ea0-9e11-8d07ccff1973.jpg?im_w=720');
INSERT INTO IMAGE (IMAGE_ID, ACCOMODATION_ID, IMAGE_URL) VALUES (702, 42, 'https://a0.muscache.com/im/pictures/f56eb514-950d-4e4c-a350-2c3c2e8c82f5.jpg?im_w=720');
INSERT INTO IMAGE (IMAGE_ID, ACCOMODATION_ID, IMAGE_URL) VALUES (703, 42, 'https://a0.muscache.com/im/pictures/2d75aa31-204e-4551-8f17-a0e352b25f6a.jpg?im_w=720');
INSERT INTO IMAGE (IMAGE_ID, ACCOMODATION_ID, IMAGE_URL) VALUES (704, 42, 'https://a0.muscache.com/im/pictures/02faf552-25b0-48d0-9a41-b6539dff0a3a.jpg?im_w=720');
INSERT INTO IMAGE (IMAGE_ID, ACCOMODATION_ID, IMAGE_URL) VALUES (705, 42, 'https://a0.muscache.com/im/pictures/111f5d14-7bd6-4024-9b53-896cbff320f4.jpg?im_w=720');
INSERT INTO IMAGE (IMAGE_ID, ACCOMODATION_ID, IMAGE_URL) VALUES (706, 42, 'https://a0.muscache.com/im/pictures/8e92c96d-a700-464b-b623-27690656f10f.jpg?im_w=720');
INSERT INTO IMAGE (IMAGE_ID, ACCOMODATION_ID, IMAGE_URL) VALUES (707, 42, 'https://a0.muscache.com/im/pictures/19c1789c-7035-4135-968a-31db552f1e9b.jpg?im_w=720');
INSERT INTO IMAGE (IMAGE_ID, ACCOMODATION_ID, IMAGE_URL) VALUES (708, 42, 'https://a0.muscache.com/im/pictures/e556ca66-cd82-49ae-aea1-5354d295694a.jpg?im_w=720');
INSERT INTO IMAGE (IMAGE_ID, ACCOMODATION_ID, IMAGE_URL) VALUES (709, 42, 'https://a0.muscache.com/im/pictures/03c349ba-3f83-4bd6-8281-62a3d7fd3fd7.jpg?im_w=720');
INSERT INTO IMAGE (IMAGE_ID, ACCOMODATION_ID, IMAGE_URL) VALUES (710, 42, 'https://a0.muscache.com/im/pictures/2a267492-69f9-4335-92ac-720109d752bf.jpg?im_w=720');
INSERT INTO IMAGE (IMAGE_ID, ACCOMODATION_ID, IMAGE_URL) VALUES (711, 42, 'https://a0.muscache.com/im/pictures/9651ca05-98fe-4512-bfee-9f45461f388c.jpg?im_w=720');
INSERT INTO IMAGE (IMAGE_ID, ACCOMODATION_ID, IMAGE_URL) VALUES (712, 42, 'https://a0.muscache.com/im/pictures/00db6fc8-c432-4b8e-92e2-859224037082.jpg?im_w=720');
INSERT INTO IMAGE (IMAGE_ID, ACCOMODATION_ID, IMAGE_URL) VALUES (713, 42, 'https://a0.muscache.com/im/pictures/0e436b68-24e5-44a2-8d99-c58e74bc5c16.jpg?im_w=720');
INSERT INTO IMAGE (IMAGE_ID, ACCOMODATION_ID, IMAGE_URL) VALUES (714, 42, 'https://a0.muscache.com/im/pictures/75b737ef-19f0-4b0e-b670-a47a00ec4ffe.jpg?im_w=720');
INSERT INTO IMAGE (IMAGE_ID, ACCOMODATION_ID, IMAGE_URL) VALUES (715, 42, 'https://a0.muscache.com/im/pictures/81cf4143-8dc8-4275-82b1-506ad901cc21.jpg?im_w=720');
INSERT INTO IMAGE (IMAGE_ID, ACCOMODATION_ID, IMAGE_URL) VALUES (716, 42, 'https://a0.muscache.com/im/pictures/f5b4eedf-2b6f-4cf0-8b09-b89abe48b7c3.jpg?im_w=720');
INSERT INTO IMAGE (IMAGE_ID, ACCOMODATION_ID, IMAGE_URL) VALUES (717, 42, 'https://a0.muscache.com/im/pictures/773a0f9f-5760-4fab-80f1-21c13b50cdea.jpg?im_w=720');
INSERT INTO IMAGE (IMAGE_ID, ACCOMODATION_ID, IMAGE_URL) VALUES (718, 42, 'https://a0.muscache.com/im/pictures/8055aa63-8e0a-4b63-a6e9-2f0fd29aaef0.jpg?im_w=720');

INSERT INTO LOCATION (LOCATION_ID, LOCATION_NAME, COUNTRY, REGION, CITY, LATITUDE, LONGITUDE) VALUES (43, '지명43', ' 한국', ' 서울', '종로구', 37.57624, 127.02008);
INSERT INTO ACCOMODATION (`ACCOMODATION_ID`, `LOCATION_ID`, `ACCOMODATION_NAME`, `HOST_NAME`, `DISCRIPTION`, `ACCOMODATION_TYPE`, `PRICE`, `MAXIMUM_OCCUPANCY`, `AVERAGE_POINT`, `BED_ROOM`, `BATH_ROOM`, `BED_COUNT`,`OPTION`) VALUES (43, 43, 'dmyk_"Backpacker"', '호스트43', '설명43', '집 전체', 194548, 2, 5.1, 0, 1,0, '무선 인터넷,에어컨,헤어드라이어');
INSERT INTO IMAGE (IMAGE_ID, ACCOMODATION_ID, IMAGE_URL) VALUES (719, 43, 'https://a0.muscache.com/im/pictures/b57066bf-fa72-4a4e-bb51-5f6fc911a4d2.jpg?im_w=720');
INSERT INTO IMAGE (IMAGE_ID, ACCOMODATION_ID, IMAGE_URL) VALUES (720, 43, 'https://a0.muscache.com/im/pictures/49d6005d-dcae-41cf-b2b5-70338d80e3e3.jpg?im_w=720');
INSERT INTO IMAGE (IMAGE_ID, ACCOMODATION_ID, IMAGE_URL) VALUES (721, 43, 'https://a0.muscache.com/im/pictures/b39990da-ccbe-49f5-810f-231138e887dc.jpg?im_w=720');
INSERT INTO IMAGE (IMAGE_ID, ACCOMODATION_ID, IMAGE_URL) VALUES (722, 43, 'https://a0.muscache.com/im/pictures/64b35906-8cd2-42b5-996a-7bc2089b8b4a.jpg?im_w=720');
INSERT INTO IMAGE (IMAGE_ID, ACCOMODATION_ID, IMAGE_URL) VALUES (723, 43, 'https://a0.muscache.com/im/pictures/37648088-ca31-4e8e-9192-111a7acdd695.jpg?im_w=720');
INSERT INTO IMAGE (IMAGE_ID, ACCOMODATION_ID, IMAGE_URL) VALUES (724, 43, 'https://a0.muscache.com/im/pictures/7de521d6-cba1-48a0-85d8-0c6d36d0b278.jpg?im_w=720');
INSERT INTO IMAGE (IMAGE_ID, ACCOMODATION_ID, IMAGE_URL) VALUES (725, 43, 'https://a0.muscache.com/im/pictures/ba22df06-d668-4961-9213-fc686cc5c4af.jpg?im_w=720');
INSERT INTO IMAGE (IMAGE_ID, ACCOMODATION_ID, IMAGE_URL) VALUES (726, 43, 'https://a0.muscache.com/im/pictures/951ae468-9de9-4d29-9f3f-416ffbe79232.jpg?im_w=720');
INSERT INTO IMAGE (IMAGE_ID, ACCOMODATION_ID, IMAGE_URL) VALUES (727, 43, 'https://a0.muscache.com/im/pictures/508e381f-9dbe-4f0f-9987-1ac44d51909a.jpg?im_w=720');
INSERT INTO IMAGE (IMAGE_ID, ACCOMODATION_ID, IMAGE_URL) VALUES (728, 43, 'https://a0.muscache.com/im/pictures/ed856b04-b121-40af-a5b0-83f29cf83817.jpg?im_w=720');
INSERT INTO IMAGE (IMAGE_ID, ACCOMODATION_ID, IMAGE_URL) VALUES (729, 43, 'https://a0.muscache.com/im/pictures/f541fc15-ddd1-49e7-a62c-fbd9e102515b.jpg?im_w=720');

INSERT INTO LOCATION (LOCATION_ID, LOCATION_NAME, COUNTRY, REGION, CITY, LATITUDE, LONGITUDE) VALUES (44, '지명44', ' 한국', ' 서울', '종로구', 37.57493, 127.01975);
INSERT INTO ACCOMODATION (`ACCOMODATION_ID`, `LOCATION_ID`, `ACCOMODATION_NAME`, `HOST_NAME`, `DISCRIPTION`, `ACCOMODATION_TYPE`, `PRICE`, `MAXIMUM_OCCUPANCY`, `AVERAGE_POINT`, `BED_ROOM`, `BATH_ROOM`, `BED_COUNT`,`OPTION`) VALUES (44, 44, 'dmyk_"Trois"', '호스트44', '설명44', '집 전체', 958139, 2, 5.4, 0, 1,0, '무선 인터넷,에어컨,헤어드라이어');
INSERT INTO IMAGE (IMAGE_ID, ACCOMODATION_ID, IMAGE_URL) VALUES (730, 44, 'https://a0.muscache.com/im/pictures/c32e84f8-77c4-442c-8d11-566835f3412c.jpg?im_w=720');
INSERT INTO IMAGE (IMAGE_ID, ACCOMODATION_ID, IMAGE_URL) VALUES (731, 44, 'https://a0.muscache.com/im/pictures/0e2f35b2-afff-4247-8da7-74f612be0fd7.jpg?im_w=720');
INSERT INTO IMAGE (IMAGE_ID, ACCOMODATION_ID, IMAGE_URL) VALUES (732, 44, 'https://a0.muscache.com/im/pictures/4c904049-898d-4fe0-b35e-56bb0c345050.jpg?im_w=720');
INSERT INTO IMAGE (IMAGE_ID, ACCOMODATION_ID, IMAGE_URL) VALUES (733, 44, 'https://a0.muscache.com/im/pictures/9f2900fd-d865-4dfe-95a2-2b862ec6024d.jpg?im_w=720');
INSERT INTO IMAGE (IMAGE_ID, ACCOMODATION_ID, IMAGE_URL) VALUES (734, 44, 'https://a0.muscache.com/im/pictures/a771881a-656c-42a4-8bfc-b370f559f6a3.jpg?im_w=720');
INSERT INTO IMAGE (IMAGE_ID, ACCOMODATION_ID, IMAGE_URL) VALUES (735, 44, 'https://a0.muscache.com/im/pictures/d1a01679-7adc-4a5c-b92c-c76e6ad563ab.jpg?im_w=720');
INSERT INTO IMAGE (IMAGE_ID, ACCOMODATION_ID, IMAGE_URL) VALUES (736, 44, 'https://a0.muscache.com/im/pictures/5668c52b-fed9-4c05-b7ad-0572388959c3.jpg?im_w=720');
INSERT INTO IMAGE (IMAGE_ID, ACCOMODATION_ID, IMAGE_URL) VALUES (737, 44, 'https://a0.muscache.com/im/pictures/771f5064-0b6d-4544-acae-b5c05a0c26ad.jpg?im_w=720');
INSERT INTO IMAGE (IMAGE_ID, ACCOMODATION_ID, IMAGE_URL) VALUES (738, 44, 'https://a0.muscache.com/im/pictures/2091ff18-9473-44fa-8bbd-ec863951f899.jpg?im_w=720');
INSERT INTO IMAGE (IMAGE_ID, ACCOMODATION_ID, IMAGE_URL) VALUES (739, 44, 'https://a0.muscache.com/im/pictures/9dd633fc-d961-426b-8644-32d680a86b59.jpg?im_w=720');
INSERT INTO IMAGE (IMAGE_ID, ACCOMODATION_ID, IMAGE_URL) VALUES (740, 44, 'https://a0.muscache.com/im/pictures/386977ec-3453-4e01-b48a-fa489cb95b9b.jpg?im_w=720');
INSERT INTO IMAGE (IMAGE_ID, ACCOMODATION_ID, IMAGE_URL) VALUES (741, 44, 'https://a0.muscache.com/im/pictures/89e9e4ef-2d1e-4ca7-b27a-1d237d4f1007.jpg?im_w=720');
INSERT INTO IMAGE (IMAGE_ID, ACCOMODATION_ID, IMAGE_URL) VALUES (742, 44, 'https://a0.muscache.com/im/pictures/e50589b1-ef91-428f-ae77-e174c4a297a1.jpg?im_w=720');

INSERT INTO LOCATION (LOCATION_ID, LOCATION_NAME, COUNTRY, REGION, CITY, LATITUDE, LONGITUDE) VALUES (45, '지명45', ' 서울', ' Jongno-gu', 'Sungin 2(i)-dong', 37.5789, 127.0234);
INSERT INTO ACCOMODATION (`ACCOMODATION_ID`, `LOCATION_ID`, `ACCOMODATION_NAME`, `HOST_NAME`, `DISCRIPTION`, `ACCOMODATION_TYPE`, `PRICE`, `MAXIMUM_OCCUPANCY`, `AVERAGE_POINT`, `BED_ROOM`, `BATH_ROOM`, `BED_COUNT`,`OPTION`) VALUES (45, 45, 'HOSTEL SEOUL - Double Room with a bathroom (208)', '호스트45', '설명45', '개인실', 338301, 2, 8.3, 1, 1,1, '주방,무선 인터넷,에어컨,헤어드라이어');
INSERT INTO IMAGE (IMAGE_ID, ACCOMODATION_ID, IMAGE_URL) VALUES (743, 45, 'https://a0.muscache.com/im/pictures/miso/Hosting-49239379/original/ac61924d-d7cd-4e71-b45c-ded668968e9c.jpeg?im_w=720');
INSERT INTO IMAGE (IMAGE_ID, ACCOMODATION_ID, IMAGE_URL) VALUES (744, 45, 'https://a0.muscache.com/im/pictures/miso/Hosting-49150712/original/c8e15eee-e1a0-4e91-912d-4bf2fca6860b.jpeg?im_w=720');
INSERT INTO IMAGE (IMAGE_ID, ACCOMODATION_ID, IMAGE_URL) VALUES (745, 45, 'https://a0.muscache.com/im/pictures/miso/Hosting-49131805/original/f40b5394-42b9-4e71-ab39-7593dee4d5aa.jpeg?im_w=720');
INSERT INTO IMAGE (IMAGE_ID, ACCOMODATION_ID, IMAGE_URL) VALUES (746, 45, 'https://a0.muscache.com/im/pictures/8012bdbf-e281-4fc8-b645-ef663143135d.jpg?im_w=720');
INSERT INTO IMAGE (IMAGE_ID, ACCOMODATION_ID, IMAGE_URL) VALUES (747, 45, 'https://a0.muscache.com/im/pictures/46bf7e9a-23dc-4174-864f-8967b7859175.jpg?im_w=720');
INSERT INTO IMAGE (IMAGE_ID, ACCOMODATION_ID, IMAGE_URL) VALUES (748, 45, 'https://a0.muscache.com/im/pictures/daf17c3d-3520-4103-8135-38fc6e6865aa.jpg?im_w=720');
INSERT INTO IMAGE (IMAGE_ID, ACCOMODATION_ID, IMAGE_URL) VALUES (749, 45, 'https://a0.muscache.com/im/pictures/9f52c84f-e648-4208-916e-194e64ec48fa.jpg?im_w=720');
INSERT INTO IMAGE (IMAGE_ID, ACCOMODATION_ID, IMAGE_URL) VALUES (750, 45, 'https://a0.muscache.com/im/pictures/ed01fcd7-a882-41e7-a5b2-662ba2a36938.jpg?im_w=720');
INSERT INTO IMAGE (IMAGE_ID, ACCOMODATION_ID, IMAGE_URL) VALUES (751, 45, 'https://a0.muscache.com/im/pictures/a0528d71-018f-45c1-bee9-d38b5dcf29a6.jpg?im_w=720');
INSERT INTO IMAGE (IMAGE_ID, ACCOMODATION_ID, IMAGE_URL) VALUES (752, 45, 'https://a0.muscache.com/im/pictures/c5264df5-f483-4021-96dd-ef85f184a7c2.jpg?im_w=720');
INSERT INTO IMAGE (IMAGE_ID, ACCOMODATION_ID, IMAGE_URL) VALUES (753, 45, 'https://a0.muscache.com/im/pictures/45d9e8ca-1d15-4dda-b4a7-02696cbce714.jpg?im_w=720');
INSERT INTO IMAGE (IMAGE_ID, ACCOMODATION_ID, IMAGE_URL) VALUES (754, 45, 'https://a0.muscache.com/im/pictures/miso/Hosting-49150712/original/4bdb422a-949b-47d8-85d7-eac0dc2b8caa.jpeg?im_w=720');
INSERT INTO IMAGE (IMAGE_ID, ACCOMODATION_ID, IMAGE_URL) VALUES (755, 45, 'https://a0.muscache.com/im/pictures/miso/Hosting-49150712/original/190c7b35-04b1-4519-a66d-e217530f7bdd.jpeg?im_w=720');
INSERT INTO IMAGE (IMAGE_ID, ACCOMODATION_ID, IMAGE_URL) VALUES (756, 45, 'https://a0.muscache.com/im/pictures/miso/Hosting-49150712/original/b808fea9-3f14-4fd8-881e-79e55fa6ce34.jpeg?im_w=720');
INSERT INTO IMAGE (IMAGE_ID, ACCOMODATION_ID, IMAGE_URL) VALUES (757, 45, 'https://a0.muscache.com/im/pictures/miso/Hosting-49239379/original/a2e2dabd-49a6-4862-84f8-b79dd38d9605.jpeg?im_w=720');
INSERT INTO IMAGE (IMAGE_ID, ACCOMODATION_ID, IMAGE_URL) VALUES (758, 45, 'https://a0.muscache.com/im/pictures/miso/Hosting-49239379/original/ee47672b-9a15-40ce-9e79-eed71d07619b.jpeg?im_w=720');

INSERT INTO LOCATION (LOCATION_ID, LOCATION_NAME, COUNTRY, REGION, CITY, LATITUDE, LONGITUDE) VALUES (46, '지명46', ' 서울', ' Jongno-gu', 'Ihwa-dong', 37.57913, 127.00686);
INSERT INTO ACCOMODATION (`ACCOMODATION_ID`, `LOCATION_ID`, `ACCOMODATION_NAME`, `HOST_NAME`, `DISCRIPTION`, `ACCOMODATION_TYPE`, `PRICE`, `MAXIMUM_OCCUPANCY`, `AVERAGE_POINT`, `BED_ROOM`, `BATH_ROOM`, `BED_COUNT`,`OPTION`) VALUES (46, 46, '대학로 Mins House!! 302', '호스트46', '설명46', '집 전체', 265950, 4, 0.9, 1, 0,1, '주방,무선 인터넷,에어컨,헤어드라이어');
INSERT INTO IMAGE (IMAGE_ID, ACCOMODATION_ID, IMAGE_URL) VALUES (759, 46, 'https://a0.muscache.com/im/pictures/cefc433c-0b10-497e-ab8b-a048395381d3.jpg?im_w=720');
INSERT INTO IMAGE (IMAGE_ID, ACCOMODATION_ID, IMAGE_URL) VALUES (760, 46, 'https://a0.muscache.com/im/pictures/e42faf47-66ce-4e72-8fc1-b1bc9e71c42b.jpg?im_w=720');
INSERT INTO IMAGE (IMAGE_ID, ACCOMODATION_ID, IMAGE_URL) VALUES (761, 46, 'https://a0.muscache.com/im/pictures/5956fd25-4399-4ca1-b59b-34e08c7dadb9.jpg?im_w=720');
INSERT INTO IMAGE (IMAGE_ID, ACCOMODATION_ID, IMAGE_URL) VALUES (762, 46, 'https://a0.muscache.com/im/pictures/12b87a5f-b1aa-4128-8444-7a0f93e4a222.jpg?im_w=720');
INSERT INTO IMAGE (IMAGE_ID, ACCOMODATION_ID, IMAGE_URL) VALUES (763, 46, 'https://a0.muscache.com/im/pictures/ecb363fa-c62f-4a97-b307-545b1a9b9cbe.jpg?im_w=720');
INSERT INTO IMAGE (IMAGE_ID, ACCOMODATION_ID, IMAGE_URL) VALUES (764, 46, 'https://a0.muscache.com/im/pictures/405c69cf-6d90-4f41-8e94-7527fc70b5e0.jpg?im_w=720');
INSERT INTO IMAGE (IMAGE_ID, ACCOMODATION_ID, IMAGE_URL) VALUES (765, 46, 'https://a0.muscache.com/im/pictures/72090f51-1c42-4aeb-8db9-0bfa0b3434de.jpg?im_w=720');
INSERT INTO IMAGE (IMAGE_ID, ACCOMODATION_ID, IMAGE_URL) VALUES (766, 46, 'https://a0.muscache.com/im/pictures/79fa0f40-7fe1-4184-a323-6eb9a83c4d7d.jpg?im_w=720');
INSERT INTO IMAGE (IMAGE_ID, ACCOMODATION_ID, IMAGE_URL) VALUES (767, 46, 'https://a0.muscache.com/im/pictures/57041609-855e-43c8-9d8a-3d9e4469cbb5.jpg?im_w=720');
INSERT INTO IMAGE (IMAGE_ID, ACCOMODATION_ID, IMAGE_URL) VALUES (768, 46, 'https://a0.muscache.com/im/pictures/fce56f6d-13b5-4802-9fe4-f21d30d18b99.jpg?im_w=720');
INSERT INTO IMAGE (IMAGE_ID, ACCOMODATION_ID, IMAGE_URL) VALUES (769, 46, 'https://a0.muscache.com/im/pictures/9dac9dba-c41e-4e91-b71c-7c48e21a48a7.jpg?im_w=720');
INSERT INTO IMAGE (IMAGE_ID, ACCOMODATION_ID, IMAGE_URL) VALUES (770, 46, 'https://a0.muscache.com/im/pictures/0bca1c7e-e07c-4d62-9e6d-55998b5381d1.jpg?im_w=720');
INSERT INTO IMAGE (IMAGE_ID, ACCOMODATION_ID, IMAGE_URL) VALUES (771, 46, 'https://a0.muscache.com/im/pictures/e3d83bfe-885b-4034-8f91-e877eff58150.jpg?im_w=720');
INSERT INTO IMAGE (IMAGE_ID, ACCOMODATION_ID, IMAGE_URL) VALUES (772, 46, 'https://a0.muscache.com/im/pictures/b580ef9b-10f6-4893-85b7-d6509977855e.jpg?im_w=720');
INSERT INTO IMAGE (IMAGE_ID, ACCOMODATION_ID, IMAGE_URL) VALUES (773, 46, 'https://a0.muscache.com/im/pictures/11b1ee57-ada1-498c-9b30-3115889d5672.jpg?im_w=720');
INSERT INTO IMAGE (IMAGE_ID, ACCOMODATION_ID, IMAGE_URL) VALUES (774, 46, 'https://a0.muscache.com/im/pictures/27a1bb41-1e64-43f2-a6c8-ac1ce8a14a70.jpg?im_w=720');

INSERT INTO LOCATION (LOCATION_ID, LOCATION_NAME, COUNTRY, REGION, CITY, LATITUDE, LONGITUDE) VALUES (47, '지명47', ' 한국', ' 동대문구', '서울특별시', 37.58338, 127.05209);
INSERT INTO ACCOMODATION (`ACCOMODATION_ID`, `LOCATION_ID`, `ACCOMODATION_NAME`, `HOST_NAME`, `DISCRIPTION`, `ACCOMODATION_TYPE`, `PRICE`, `MAXIMUM_OCCUPANCY`, `AVERAGE_POINT`, `BED_ROOM`, `BATH_ROOM`, `BED_COUNT`,`OPTION`) VALUES (47, 47, 'Self Quarantine avaiable Cosy house Uni of Seoul', '호스트47', '설명47', '집 전체', 634084, 2, 3.7, 1, 1,1, '주방,무선 인터넷,에어컨,헤어드라이어');
INSERT INTO IMAGE (IMAGE_ID, ACCOMODATION_ID, IMAGE_URL) VALUES (775, 47, 'https://a0.muscache.com/im/pictures/miso/Hosting-7584001/original/5a03a878-f7d4-4dd8-8b35-9ae20c2473f5.jpeg?im_w=720');
INSERT INTO IMAGE (IMAGE_ID, ACCOMODATION_ID, IMAGE_URL) VALUES (776, 47, 'https://a0.muscache.com/im/pictures/miso/Hosting-7584001/original/b34003f9-a7b4-46dc-9ef6-5aba035bcf7f.jpeg?im_w=720');
INSERT INTO IMAGE (IMAGE_ID, ACCOMODATION_ID, IMAGE_URL) VALUES (777, 47, 'https://a0.muscache.com/im/pictures/aa02545d-05cd-4db2-8c44-eec7f872bb1a.jpg?im_w=720');
INSERT INTO IMAGE (IMAGE_ID, ACCOMODATION_ID, IMAGE_URL) VALUES (778, 47, 'https://a0.muscache.com/im/pictures/96252803/c0aeb1bf_original.jpg?im_w=720');
INSERT INTO IMAGE (IMAGE_ID, ACCOMODATION_ID, IMAGE_URL) VALUES (779, 47, 'https://a0.muscache.com/im/pictures/miso/Hosting-7584001/original/da6b766a-fe2e-4639-afe0-75c23fb649c6.jpeg?im_w=720');
INSERT INTO IMAGE (IMAGE_ID, ACCOMODATION_ID, IMAGE_URL) VALUES (780, 47, 'https://a0.muscache.com/im/pictures/miso/Hosting-7584001/original/ba67ab64-ba30-4b77-918c-1a0a0b290435.jpeg?im_w=720');
INSERT INTO IMAGE (IMAGE_ID, ACCOMODATION_ID, IMAGE_URL) VALUES (781, 47, 'https://a0.muscache.com/im/pictures/f8851ae3-e34e-470a-945e-48b9ed1c3e94.jpg?im_w=720');
INSERT INTO IMAGE (IMAGE_ID, ACCOMODATION_ID, IMAGE_URL) VALUES (782, 47, 'https://a0.muscache.com/im/pictures/862e1355-7c61-41d7-ba9d-3831e9fd15cb.jpg?im_w=720');
INSERT INTO IMAGE (IMAGE_ID, ACCOMODATION_ID, IMAGE_URL) VALUES (783, 47, 'https://a0.muscache.com/im/pictures/96251633/acc593b1_original.jpg?im_w=720');
INSERT INTO IMAGE (IMAGE_ID, ACCOMODATION_ID, IMAGE_URL) VALUES (784, 47, 'https://a0.muscache.com/im/pictures/202e1820-1543-430c-a01f-c73bddc65767.jpg?im_w=720');
INSERT INTO IMAGE (IMAGE_ID, ACCOMODATION_ID, IMAGE_URL) VALUES (785, 47, 'https://a0.muscache.com/im/pictures/0a745182-6ac6-4d4e-9cc1-58db6bacbcb4.jpg?im_w=720');
INSERT INTO IMAGE (IMAGE_ID, ACCOMODATION_ID, IMAGE_URL) VALUES (786, 47, 'https://a0.muscache.com/im/pictures/miso/Hosting-7584001/original/31e66de1-24ca-4a6d-b1e4-27099278b4cf.jpeg?im_w=720');
INSERT INTO IMAGE (IMAGE_ID, ACCOMODATION_ID, IMAGE_URL) VALUES (787, 47, 'https://a0.muscache.com/im/pictures/miso/Hosting-7584001/original/06911d84-fe56-43ad-99d4-ec6642cd3724.jpeg?im_w=720');
INSERT INTO IMAGE (IMAGE_ID, ACCOMODATION_ID, IMAGE_URL) VALUES (788, 47, 'https://a0.muscache.com/im/pictures/miso/Hosting-7584001/original/cb374142-ab83-4b91-a1af-e030a4ebd102.jpeg?im_w=720');
INSERT INTO IMAGE (IMAGE_ID, ACCOMODATION_ID, IMAGE_URL) VALUES (789, 47, 'https://a0.muscache.com/im/pictures/miso/Hosting-7584001/original/bd46131b-55cf-4db0-89a0-a5a0274869ff.jpeg?im_w=720');

INSERT INTO LOCATION (LOCATION_ID, LOCATION_NAME, COUNTRY, REGION, CITY, LATITUDE, LONGITUDE) VALUES (48, '지명48', ' 서울', ' Jongno-gu', 'Myeongnyun 3(sam)ga-dong', 37.58851, 126.99449);
INSERT INTO ACCOMODATION (`ACCOMODATION_ID`, `LOCATION_ID`, `ACCOMODATION_NAME`, `HOST_NAME`, `DISCRIPTION`, `ACCOMODATION_TYPE`, `PRICE`, `MAXIMUM_OCCUPANCY`, `AVERAGE_POINT`, `BED_ROOM`, `BATH_ROOM`, `BED_COUNT`,`OPTION`) VALUES (48, 48, '조용깨끗한 가정집 여성1인룸1개 /주방, 욕실 호스트와 공동사용/혜화역인근', '호스트48', '설명48', '개인실', 826654, 1, 8.7, 1, 1,1, '주방,무선 인터넷,에어컨,헤어드라이어');
INSERT INTO IMAGE (IMAGE_ID, ACCOMODATION_ID, IMAGE_URL) VALUES (790, 48, 'https://a0.muscache.com/im/pictures/a37fba6c-34f8-49a6-b8ab-130abd67125b.jpg?im_w=720');
INSERT INTO IMAGE (IMAGE_ID, ACCOMODATION_ID, IMAGE_URL) VALUES (791, 48, 'https://a0.muscache.com/im/pictures/ba1e53cc-3c08-4572-9712-923a8598b616.jpg?im_w=720');
INSERT INTO IMAGE (IMAGE_ID, ACCOMODATION_ID, IMAGE_URL) VALUES (792, 48, 'https://a0.muscache.com/im/pictures/d362bd9e-85e4-4730-be05-0ba168652cf5.jpg?im_w=720');
INSERT INTO IMAGE (IMAGE_ID, ACCOMODATION_ID, IMAGE_URL) VALUES (793, 48, 'https://a0.muscache.com/im/pictures/6a49e1f1-a4b7-42dc-9580-a09fb7c4fd00.jpg?im_w=720');
INSERT INTO IMAGE (IMAGE_ID, ACCOMODATION_ID, IMAGE_URL) VALUES (794, 48, 'https://a0.muscache.com/im/pictures/5726b97e-e7ba-49cd-936b-91283eff401f.jpg?im_w=720');
INSERT INTO IMAGE (IMAGE_ID, ACCOMODATION_ID, IMAGE_URL) VALUES (795, 48, 'https://a0.muscache.com/im/pictures/65735a79-79e8-4577-b753-947d53448f7b.jpg?im_w=720');
INSERT INTO IMAGE (IMAGE_ID, ACCOMODATION_ID, IMAGE_URL) VALUES (796, 48, 'https://a0.muscache.com/im/pictures/6183a865-d894-4d40-a6fe-6d6008a9e91b.jpg?im_w=720');
INSERT INTO IMAGE (IMAGE_ID, ACCOMODATION_ID, IMAGE_URL) VALUES (797, 48, 'https://a0.muscache.com/im/pictures/2aa45f3d-718f-4b6c-9228-68cee1e89917.jpg?im_w=720');
INSERT INTO IMAGE (IMAGE_ID, ACCOMODATION_ID, IMAGE_URL) VALUES (798, 48, 'https://a0.muscache.com/im/pictures/45aa5c57-7973-4d6f-afca-9da7bb94aaeb.jpg?im_w=720');
INSERT INTO IMAGE (IMAGE_ID, ACCOMODATION_ID, IMAGE_URL) VALUES (799, 48, 'https://a0.muscache.com/im/pictures/10ff9a0b-1d6d-4326-a486-05c9192f314f.jpg?im_w=720');
INSERT INTO IMAGE (IMAGE_ID, ACCOMODATION_ID, IMAGE_URL) VALUES (800, 48, 'https://a0.muscache.com/im/pictures/7349355a-880f-4ec6-8a0f-ae59ff7d8bf0.jpg?im_w=720');
INSERT INTO IMAGE (IMAGE_ID, ACCOMODATION_ID, IMAGE_URL) VALUES (801, 48, 'https://a0.muscache.com/im/pictures/7fcfae28-478a-43d2-88ce-533783ec9dc5.jpg?im_w=720');
INSERT INTO IMAGE (IMAGE_ID, ACCOMODATION_ID, IMAGE_URL) VALUES (802, 48, 'https://a0.muscache.com/im/pictures/91812f64-6504-4ff4-8a83-80c080b8c0ba.jpg?im_w=720');
INSERT INTO IMAGE (IMAGE_ID, ACCOMODATION_ID, IMAGE_URL) VALUES (803, 48, 'https://a0.muscache.com/im/pictures/66127aa8-2522-4519-a901-f90460e41df6.jpg?im_w=720');
INSERT INTO IMAGE (IMAGE_ID, ACCOMODATION_ID, IMAGE_URL) VALUES (804, 48, 'https://a0.muscache.com/im/pictures/18f53429-5353-4676-8b14-fc50cebaf010.jpg?im_w=720');
INSERT INTO IMAGE (IMAGE_ID, ACCOMODATION_ID, IMAGE_URL) VALUES (805, 48, 'https://a0.muscache.com/im/pictures/70026b38-1cc6-4f85-90ca-9b4948d55a0f.jpg?im_w=720');
INSERT INTO IMAGE (IMAGE_ID, ACCOMODATION_ID, IMAGE_URL) VALUES (806, 48, 'https://a0.muscache.com/im/pictures/1cdd60dd-d22b-4720-b888-57a607222286.jpg?im_w=720');
INSERT INTO IMAGE (IMAGE_ID, ACCOMODATION_ID, IMAGE_URL) VALUES (807, 48, 'https://a0.muscache.com/im/pictures/84bbb73c-7d39-409c-a46f-69df1db01a47.jpg?im_w=720');
INSERT INTO IMAGE (IMAGE_ID, ACCOMODATION_ID, IMAGE_URL) VALUES (808, 48, 'https://a0.muscache.com/im/pictures/e6e59654-8122-449b-aaca-5583d006d372.jpg?im_w=720');
INSERT INTO IMAGE (IMAGE_ID, ACCOMODATION_ID, IMAGE_URL) VALUES (809, 48, 'https://a0.muscache.com/im/pictures/a6fb6d84-9cec-47f0-9b71-852ea9355cda.jpg?im_w=720');
INSERT INTO IMAGE (IMAGE_ID, ACCOMODATION_ID, IMAGE_URL) VALUES (810, 48, 'https://a0.muscache.com/im/pictures/19848454-4c71-4aaa-9916-7f23ebbf3c98.jpg?im_w=720');
INSERT INTO IMAGE (IMAGE_ID, ACCOMODATION_ID, IMAGE_URL) VALUES (811, 48, 'https://a0.muscache.com/im/pictures/620a09cc-ac44-4fad-a1b5-af9b2505a834.jpg?im_w=720');
INSERT INTO IMAGE (IMAGE_ID, ACCOMODATION_ID, IMAGE_URL) VALUES (812, 48, 'https://a0.muscache.com/im/pictures/4ee53e2f-960c-4557-9091-6d986bc751fc.jpg?im_w=720');

INSERT INTO LOCATION (LOCATION_ID, LOCATION_NAME, COUNTRY, REGION, CITY, LATITUDE, LONGITUDE) VALUES (49, '지명49', ' 한국', ' 서울', '종로구', 37.57176, 127.01236);
INSERT INTO ACCOMODATION (`ACCOMODATION_ID`, `LOCATION_ID`, `ACCOMODATION_NAME`, `HOST_NAME`, `DISCRIPTION`, `ACCOMODATION_TYPE`, `PRICE`, `MAXIMUM_OCCUPANCY`, `AVERAGE_POINT`, `BED_ROOM`, `BATH_ROOM`, `BED_COUNT`,`OPTION`) VALUES (49, 49, 'Mini Single room next to dongdaemun station', '호스트49', '설명49', '집 전체', 193104, 1, 3.2, 1, 1,1, '무선 인터넷,에어컨,헤어드라이어');
INSERT INTO IMAGE (IMAGE_ID, ACCOMODATION_ID, IMAGE_URL) VALUES (813, 49, 'https://a0.muscache.com/im/pictures/823c44be-0605-4371-8513-c1b8cd19481b.jpg?im_w=720');
INSERT INTO IMAGE (IMAGE_ID, ACCOMODATION_ID, IMAGE_URL) VALUES (814, 49, 'https://a0.muscache.com/im/pictures/bac88f1d-be33-4336-a4c9-6692029d2591.jpg?im_w=720');
INSERT INTO IMAGE (IMAGE_ID, ACCOMODATION_ID, IMAGE_URL) VALUES (815, 49, 'https://a0.muscache.com/im/pictures/34e9cc4d-e622-42d6-8032-845680e840ad.jpg?im_w=720');
INSERT INTO IMAGE (IMAGE_ID, ACCOMODATION_ID, IMAGE_URL) VALUES (816, 49, 'https://a0.muscache.com/im/pictures/27aa1aa4-98a9-4395-bf15-9951903c9a99.jpg?im_w=720');
INSERT INTO IMAGE (IMAGE_ID, ACCOMODATION_ID, IMAGE_URL) VALUES (817, 49, 'https://a0.muscache.com/im/pictures/24f8126b-5bec-4272-b558-73fcecf965cb.jpg?im_w=720');
INSERT INTO IMAGE (IMAGE_ID, ACCOMODATION_ID, IMAGE_URL) VALUES (818, 49, 'https://a0.muscache.com/im/pictures/bb6f8f84-2d27-4f5d-829d-49ecfb7d9a02.jpg?im_w=720');
INSERT INTO IMAGE (IMAGE_ID, ACCOMODATION_ID, IMAGE_URL) VALUES (819, 49, 'https://a0.muscache.com/im/pictures/7c80aa95-c9e4-4bbf-9cfc-42f99eebfb9e.jpg?im_w=720');
INSERT INTO IMAGE (IMAGE_ID, ACCOMODATION_ID, IMAGE_URL) VALUES (820, 49, 'https://a0.muscache.com/im/pictures/1aae9c1d-14c7-41cf-9b93-b428ba747a1b.jpg?im_w=720');
INSERT INTO IMAGE (IMAGE_ID, ACCOMODATION_ID, IMAGE_URL) VALUES (821, 49, 'https://a0.muscache.com/im/pictures/b19ed917-4475-40d6-beb8-e52c86a450f9.jpg?im_w=720');
INSERT INTO IMAGE (IMAGE_ID, ACCOMODATION_ID, IMAGE_URL) VALUES (822, 49, 'https://a0.muscache.com/im/pictures/15f8c164-50cb-44cc-b0b4-5aa797051672.jpg?im_w=720');
INSERT INTO IMAGE (IMAGE_ID, ACCOMODATION_ID, IMAGE_URL) VALUES (823, 49, 'https://a0.muscache.com/im/pictures/844911e6-b8a7-460b-bdea-24cc61d809a8.jpg?im_w=720');
INSERT INTO IMAGE (IMAGE_ID, ACCOMODATION_ID, IMAGE_URL) VALUES (824, 49, 'https://a0.muscache.com/im/pictures/4b0f5cbd-f696-4c50-a500-2c56ff1dd04c.jpg?im_w=720');
INSERT INTO IMAGE (IMAGE_ID, ACCOMODATION_ID, IMAGE_URL) VALUES (825, 49, 'https://a0.muscache.com/im/pictures/6cdd65c6-0e8b-4181-b1fa-db798c38508a.jpg?im_w=720');
INSERT INTO IMAGE (IMAGE_ID, ACCOMODATION_ID, IMAGE_URL) VALUES (826, 49, 'https://a0.muscache.com/im/pictures/913f707a-8fa5-4f43-b4f1-98abfb4ddcb5.jpg?im_w=720');
INSERT INTO IMAGE (IMAGE_ID, ACCOMODATION_ID, IMAGE_URL) VALUES (827, 49, 'https://a0.muscache.com/im/pictures/1602e67d-8f04-4c82-b489-298a0932939e.jpg?im_w=720');
INSERT INTO IMAGE (IMAGE_ID, ACCOMODATION_ID, IMAGE_URL) VALUES (828, 49, 'https://a0.muscache.com/im/pictures/a76278c1-575f-4183-9551-a4952abd3496.jpg?im_w=720');
INSERT INTO IMAGE (IMAGE_ID, ACCOMODATION_ID, IMAGE_URL) VALUES (829, 49, 'https://a0.muscache.com/im/pictures/cac2838e-2714-4f14-8a62-c3e2c7a531bd.jpg?im_w=720');

INSERT INTO LOCATION (LOCATION_ID, LOCATION_NAME, COUNTRY, REGION, CITY, LATITUDE, LONGITUDE) VALUES (50, '지명50', ' 한국', ' 서울특별시', '서울특별시', 37.5812, 127.00038);
INSERT INTO ACCOMODATION (`ACCOMODATION_ID`, `LOCATION_ID`, `ACCOMODATION_NAME`, `HOST_NAME`, `DISCRIPTION`, `ACCOMODATION_TYPE`, `PRICE`, `MAXIMUM_OCCUPANCY`, `AVERAGE_POINT`, `BED_ROOM`, `BATH_ROOM`, `BED_COUNT`,`OPTION`) VALUES (50, 50, '[서울대학교병원 5분,혜화역 3분] 조용하고 편안한 Cozy Room (살균소독청소)', '호스트50', '설명50', '집 전체', 49394, 2, 5.3, 0, 1,0, '주방,무선 인터넷,에어컨,헤어드라이어');
INSERT INTO IMAGE (IMAGE_ID, ACCOMODATION_ID, IMAGE_URL) VALUES (830, 50, 'https://a0.muscache.com/im/pictures/b820634f-7855-4fbf-9f5f-a3298153de1a.jpg?im_w=720');
INSERT INTO IMAGE (IMAGE_ID, ACCOMODATION_ID, IMAGE_URL) VALUES (831, 50, 'https://a0.muscache.com/im/pictures/6a87b27f-eb78-4e7d-9546-4cc866400b86.jpg?im_w=720');
INSERT INTO IMAGE (IMAGE_ID, ACCOMODATION_ID, IMAGE_URL) VALUES (832, 50, 'https://a0.muscache.com/im/pictures/6f9a02e6-4063-497f-bffa-31515d8e5d77.jpg?im_w=720');
INSERT INTO IMAGE (IMAGE_ID, ACCOMODATION_ID, IMAGE_URL) VALUES (833, 50, 'https://a0.muscache.com/im/pictures/7df4592d-06ac-4826-8835-e26a4a4fd0ad.jpg?im_w=720');
INSERT INTO IMAGE (IMAGE_ID, ACCOMODATION_ID, IMAGE_URL) VALUES (834, 50, 'https://a0.muscache.com/im/pictures/f5718a9f-f0ef-4823-a597-0979ce09fed4.jpg?im_w=720');
INSERT INTO IMAGE (IMAGE_ID, ACCOMODATION_ID, IMAGE_URL) VALUES (835, 50, 'https://a0.muscache.com/im/pictures/89bb5e12-ad13-4afb-86a6-3e92d7402455.jpg?im_w=720');
INSERT INTO IMAGE (IMAGE_ID, ACCOMODATION_ID, IMAGE_URL) VALUES (836, 50, 'https://a0.muscache.com/im/pictures/be597ce4-2401-4746-bcab-7087dcf42bc2.jpg?im_w=720');
INSERT INTO IMAGE (IMAGE_ID, ACCOMODATION_ID, IMAGE_URL) VALUES (837, 50, 'https://a0.muscache.com/im/pictures/aa4e75b7-d4d1-4ef9-8141-58afcf25b6c7.jpg?im_w=720');
INSERT INTO IMAGE (IMAGE_ID, ACCOMODATION_ID, IMAGE_URL) VALUES (838, 50, 'https://a0.muscache.com/im/pictures/6c283210-dfe7-4517-9431-21f2c9f20181.jpg?im_w=720');
INSERT INTO IMAGE (IMAGE_ID, ACCOMODATION_ID, IMAGE_URL) VALUES (839, 50, 'https://a0.muscache.com/im/pictures/5b2e8325-9042-4ffd-a91d-7fc23dc586fd.jpg?im_w=720');
INSERT INTO IMAGE (IMAGE_ID, ACCOMODATION_ID, IMAGE_URL) VALUES (840, 50, 'https://a0.muscache.com/im/pictures/69b98cde-cffe-4274-8249-96d061df3834.jpg?im_w=720');
INSERT INTO IMAGE (IMAGE_ID, ACCOMODATION_ID, IMAGE_URL) VALUES (841, 50, 'https://a0.muscache.com/im/pictures/ebe3d3d6-c3ea-4b7c-a9dc-61e21241e3f8.jpg?im_w=720');


INSERT INTO LOCATION (LOCATION_ID, LOCATION_NAME, COUNTRY, REGION, CITY, LATITUDE, LONGITUDE) VALUES (51, '지명51', ' 한국', ' 서울', '성북구', 37.59067, 127.01221);
INSERT INTO ACCOMODATION (`ACCOMODATION_ID`, `LOCATION_ID`, `ACCOMODATION_NAME`, `HOST_NAME`, `DISCRIPTION`, `ACCOMODATION_TYPE`, `PRICE`, `MAXIMUM_OCCUPANCY`, `AVERAGE_POINT`, `BED_ROOM`, `BATH_ROOM`, `BED_COUNT`,`OPTION`) VALUES (51, 51, 'Kevins home 3 (For one person.)', '호스트51', '설명51', '집 전체', 400124, 1, 6.0, 1, 1,1, '주방,무선 인터넷,에어컨,헤어드라이어');
INSERT INTO IMAGE (IMAGE_ID, ACCOMODATION_ID, IMAGE_URL) VALUES (842, 51, 'https://a0.muscache.com/im/pictures/2afd6b49-159e-436b-893d-498bcaa4350e.jpg?im_w=720');
INSERT INTO IMAGE (IMAGE_ID, ACCOMODATION_ID, IMAGE_URL) VALUES (843, 51, 'https://a0.muscache.com/im/pictures/56ac81ff-433c-4e95-92d2-9ebd859af4e3.jpg?im_w=720');
INSERT INTO IMAGE (IMAGE_ID, ACCOMODATION_ID, IMAGE_URL) VALUES (844, 51, 'https://a0.muscache.com/im/pictures/82aa0743-2720-44b2-be4f-0f8aec95dfa3.jpg?im_w=720');
INSERT INTO IMAGE (IMAGE_ID, ACCOMODATION_ID, IMAGE_URL) VALUES (845, 51, 'https://a0.muscache.com/im/pictures/113f6534-22a5-4923-845f-2e8a609e51ee.jpg?im_w=720');
INSERT INTO IMAGE (IMAGE_ID, ACCOMODATION_ID, IMAGE_URL) VALUES (846, 51, 'https://a0.muscache.com/im/pictures/a56d3dfd-df88-40c6-acab-f3826ea49c0c.jpg?im_w=720');
INSERT INTO IMAGE (IMAGE_ID, ACCOMODATION_ID, IMAGE_URL) VALUES (847, 51, 'https://a0.muscache.com/im/pictures/2515f275-0e7d-49fe-a911-20c205b2588b.jpg?im_w=720');
INSERT INTO IMAGE (IMAGE_ID, ACCOMODATION_ID, IMAGE_URL) VALUES (848, 51, 'https://a0.muscache.com/im/pictures/c10829b3-73ef-4528-b505-f587d8db3415.jpg?im_w=720');
INSERT INTO IMAGE (IMAGE_ID, ACCOMODATION_ID, IMAGE_URL) VALUES (849, 51, 'https://a0.muscache.com/im/pictures/90dc666c-0fe2-42bc-9000-6ea143b860a1.jpg?im_w=720');
INSERT INTO IMAGE (IMAGE_ID, ACCOMODATION_ID, IMAGE_URL) VALUES (850, 51, 'https://a0.muscache.com/im/pictures/9356effc-805a-4490-ad11-0e84ae8986ba.jpg?im_w=720');
INSERT INTO IMAGE (IMAGE_ID, ACCOMODATION_ID, IMAGE_URL) VALUES (851, 51, 'https://a0.muscache.com/im/pictures/1c0b32de-1888-43df-b560-e90a7bc7600f.jpg?im_w=720');
INSERT INTO IMAGE (IMAGE_ID, ACCOMODATION_ID, IMAGE_URL) VALUES (852, 51, 'https://a0.muscache.com/im/pictures/4af05440-2e74-49b9-9317-c9bbab66eea8.jpg?im_w=720');
INSERT INTO IMAGE (IMAGE_ID, ACCOMODATION_ID, IMAGE_URL) VALUES (853, 51, 'https://a0.muscache.com/im/pictures/a082282d-7d68-4690-b2cf-4487acbbcd26.jpg?im_w=720');
INSERT INTO IMAGE (IMAGE_ID, ACCOMODATION_ID, IMAGE_URL) VALUES (854, 51, 'https://a0.muscache.com/im/pictures/e503002a-c016-446a-b97d-dee33ee57f56.jpg?im_w=720');
INSERT INTO IMAGE (IMAGE_ID, ACCOMODATION_ID, IMAGE_URL) VALUES (855, 51, 'https://a0.muscache.com/im/pictures/6c4e2cc4-d943-447d-a701-a31d82178548.jpg?im_w=720');
INSERT INTO IMAGE (IMAGE_ID, ACCOMODATION_ID, IMAGE_URL) VALUES (856, 51, 'https://a0.muscache.com/im/pictures/b2855b7d-b5b2-43d8-9dc2-afa2b7717303.jpg?im_w=720');
INSERT INTO IMAGE (IMAGE_ID, ACCOMODATION_ID, IMAGE_URL) VALUES (857, 51, 'https://a0.muscache.com/im/pictures/f724c446-6e0d-49cd-8a0f-dc11851b8c8e.jpg?im_w=720');
INSERT INTO IMAGE (IMAGE_ID, ACCOMODATION_ID, IMAGE_URL) VALUES (858, 51, 'https://a0.muscache.com/im/pictures/d829dc41-9a33-4fa2-99bc-1ee87884112e.jpg?im_w=720');
INSERT INTO IMAGE (IMAGE_ID, ACCOMODATION_ID, IMAGE_URL) VALUES (859, 51, 'https://a0.muscache.com/im/pictures/5b6af1cc-39c1-4875-b511-70c1cbd8b939.jpg?im_w=720');
INSERT INTO IMAGE (IMAGE_ID, ACCOMODATION_ID, IMAGE_URL) VALUES (860, 51, 'https://a0.muscache.com/im/pictures/61e44bb3-0981-4f1e-97d4-4362faf45941.jpg?im_w=720');
INSERT INTO IMAGE (IMAGE_ID, ACCOMODATION_ID, IMAGE_URL) VALUES (861, 51, 'https://a0.muscache.com/im/pictures/6272a8c3-6c90-4ba4-bcb6-62dba2a3804c.jpg?im_w=720');
INSERT INTO IMAGE (IMAGE_ID, ACCOMODATION_ID, IMAGE_URL) VALUES (862, 51, 'https://a0.muscache.com/im/pictures/d8bcf637-0e48-4c98-a569-8ba7e0638cd6.jpg?im_w=720');
INSERT INTO IMAGE (IMAGE_ID, ACCOMODATION_ID, IMAGE_URL) VALUES (863, 51, 'https://a0.muscache.com/im/pictures/437ac739-1b25-4df8-bd49-395345e1bf66.jpg?im_w=720');
INSERT INTO IMAGE (IMAGE_ID, ACCOMODATION_ID, IMAGE_URL) VALUES (864, 51, 'https://a0.muscache.com/im/pictures/9916b53f-61f6-464b-bf2b-6e0c15c7f44d.jpg?im_w=720');
INSERT INTO IMAGE (IMAGE_ID, ACCOMODATION_ID, IMAGE_URL) VALUES (865, 51, 'https://a0.muscache.com/im/pictures/b1cec547-4a36-4636-ad53-01bd796efe6f.jpg?im_w=720');
INSERT INTO IMAGE (IMAGE_ID, ACCOMODATION_ID, IMAGE_URL) VALUES (866, 51, 'https://a0.muscache.com/im/pictures/42d5bba2-a30b-47fb-a3c5-c2e4a1700d2a.jpg?im_w=720');

INSERT INTO LOCATION (LOCATION_ID, LOCATION_NAME, COUNTRY, REGION, CITY, LATITUDE, LONGITUDE) VALUES (52, '지명52', ' 한국', ' 서울', '종로구', 37.57427, 127.02032);
INSERT INTO ACCOMODATION (`ACCOMODATION_ID`, `LOCATION_ID`, `ACCOMODATION_NAME`, `HOST_NAME`, `DISCRIPTION`, `ACCOMODATION_TYPE`, `PRICE`, `MAXIMUM_OCCUPANCY`, `AVERAGE_POINT`, `BED_ROOM`, `BATH_ROOM`, `BED_COUNT`,`OPTION`) VALUES (52, 52, 'dmyk_Droptop', '호스트52', '설명52', '집 전체', 897612, 2, 0.3, 0, 1,0, '무선 인터넷,에어컨,헤어드라이어');
INSERT INTO IMAGE (IMAGE_ID, ACCOMODATION_ID, IMAGE_URL) VALUES (867, 52, 'https://a0.muscache.com/im/pictures/ccac8b08-61e4-4b55-9c32-c3addea2f744.jpg?im_w=720');
INSERT INTO IMAGE (IMAGE_ID, ACCOMODATION_ID, IMAGE_URL) VALUES (868, 52, 'https://a0.muscache.com/im/pictures/a45d93af-79a3-4f8b-8661-a250114cb1ca.jpg?im_w=720');
INSERT INTO IMAGE (IMAGE_ID, ACCOMODATION_ID, IMAGE_URL) VALUES (869, 52, 'https://a0.muscache.com/im/pictures/1e38f050-7748-4ced-a1d8-8a2fffa47150.jpg?im_w=720');
INSERT INTO IMAGE (IMAGE_ID, ACCOMODATION_ID, IMAGE_URL) VALUES (870, 52, 'https://a0.muscache.com/im/pictures/7224d20e-47b8-41fc-a846-269f39a7dafa.jpg?im_w=720');
INSERT INTO IMAGE (IMAGE_ID, ACCOMODATION_ID, IMAGE_URL) VALUES (871, 52, 'https://a0.muscache.com/im/pictures/de76d307-84b3-4112-b6e7-45e5c9bc2fd7.jpg?im_w=720');
INSERT INTO IMAGE (IMAGE_ID, ACCOMODATION_ID, IMAGE_URL) VALUES (872, 52, 'https://a0.muscache.com/im/pictures/42d3c16a-7b2f-4b1c-8254-5c4d3ccd86da.jpg?im_w=720');
INSERT INTO IMAGE (IMAGE_ID, ACCOMODATION_ID, IMAGE_URL) VALUES (873, 52, 'https://a0.muscache.com/im/pictures/0c0b815c-a02f-476f-ab3d-f9ba7d8eaa22.jpg?im_w=720');
INSERT INTO IMAGE (IMAGE_ID, ACCOMODATION_ID, IMAGE_URL) VALUES (874, 52, 'https://a0.muscache.com/im/pictures/56c85649-dfb4-447d-a098-cbd1771b853f.jpg?im_w=720');
INSERT INTO IMAGE (IMAGE_ID, ACCOMODATION_ID, IMAGE_URL) VALUES (875, 52, 'https://a0.muscache.com/im/pictures/ef529dbe-a001-46ad-9fc2-658043ccd6e1.jpg?im_w=720');
INSERT INTO IMAGE (IMAGE_ID, ACCOMODATION_ID, IMAGE_URL) VALUES (876, 52, 'https://a0.muscache.com/im/pictures/deb99a2c-ddf4-4f3c-906d-be00da032b7e.jpg?im_w=720');
INSERT INTO IMAGE (IMAGE_ID, ACCOMODATION_ID, IMAGE_URL) VALUES (877, 52, 'https://a0.muscache.com/im/pictures/7257539e-e61d-4cef-b775-a4462927191e.jpg?im_w=720');
INSERT INTO IMAGE (IMAGE_ID, ACCOMODATION_ID, IMAGE_URL) VALUES (878, 52, 'https://a0.muscache.com/im/pictures/649bc710-b304-4077-b1ab-688387a82ce8.jpg?im_w=720');
INSERT INTO IMAGE (IMAGE_ID, ACCOMODATION_ID, IMAGE_URL) VALUES (879, 52, 'https://a0.muscache.com/im/pictures/968ae0fd-ed14-4f9e-9d7b-e4f4b31e5ee3.jpg?im_w=720');

INSERT INTO LOCATION (LOCATION_ID, LOCATION_NAME, COUNTRY, REGION, CITY, LATITUDE, LONGITUDE) VALUES (53, '지명53', ' 한국', ' 서울', '종로구', 37.57624, 127.02008);
INSERT INTO ACCOMODATION (`ACCOMODATION_ID`, `LOCATION_ID`, `ACCOMODATION_NAME`, `HOST_NAME`, `DISCRIPTION`, `ACCOMODATION_TYPE`, `PRICE`, `MAXIMUM_OCCUPANCY`, `AVERAGE_POINT`, `BED_ROOM`, `BATH_ROOM`, `BED_COUNT`,`OPTION`) VALUES (53, 53, 'dmyk_Backpacker', '호스트53', '설명53', '집 전체', 616662, 2, 8.7, 0, 1,0, '무선 인터넷,에어컨,헤어드라이어');
INSERT INTO IMAGE (IMAGE_ID, ACCOMODATION_ID, IMAGE_URL) VALUES (880, 53, 'https://a0.muscache.com/im/pictures/b57066bf-fa72-4a4e-bb51-5f6fc911a4d2.jpg?im_w=720');
INSERT INTO IMAGE (IMAGE_ID, ACCOMODATION_ID, IMAGE_URL) VALUES (881, 53, 'https://a0.muscache.com/im/pictures/49d6005d-dcae-41cf-b2b5-70338d80e3e3.jpg?im_w=720');
INSERT INTO IMAGE (IMAGE_ID, ACCOMODATION_ID, IMAGE_URL) VALUES (882, 53, 'https://a0.muscache.com/im/pictures/b39990da-ccbe-49f5-810f-231138e887dc.jpg?im_w=720');
INSERT INTO IMAGE (IMAGE_ID, ACCOMODATION_ID, IMAGE_URL) VALUES (883, 53, 'https://a0.muscache.com/im/pictures/64b35906-8cd2-42b5-996a-7bc2089b8b4a.jpg?im_w=720');
INSERT INTO IMAGE (IMAGE_ID, ACCOMODATION_ID, IMAGE_URL) VALUES (884, 53, 'https://a0.muscache.com/im/pictures/37648088-ca31-4e8e-9192-111a7acdd695.jpg?im_w=720');
INSERT INTO IMAGE (IMAGE_ID, ACCOMODATION_ID, IMAGE_URL) VALUES (885, 53, 'https://a0.muscache.com/im/pictures/7de521d6-cba1-48a0-85d8-0c6d36d0b278.jpg?im_w=720');
INSERT INTO IMAGE (IMAGE_ID, ACCOMODATION_ID, IMAGE_URL) VALUES (886, 53, 'https://a0.muscache.com/im/pictures/ba22df06-d668-4961-9213-fc686cc5c4af.jpg?im_w=720');
INSERT INTO IMAGE (IMAGE_ID, ACCOMODATION_ID, IMAGE_URL) VALUES (887, 53, 'https://a0.muscache.com/im/pictures/951ae468-9de9-4d29-9f3f-416ffbe79232.jpg?im_w=720');
INSERT INTO IMAGE (IMAGE_ID, ACCOMODATION_ID, IMAGE_URL) VALUES (888, 53, 'https://a0.muscache.com/im/pictures/508e381f-9dbe-4f0f-9987-1ac44d51909a.jpg?im_w=720');
INSERT INTO IMAGE (IMAGE_ID, ACCOMODATION_ID, IMAGE_URL) VALUES (889, 53, 'https://a0.muscache.com/im/pictures/ed856b04-b121-40af-a5b0-83f29cf83817.jpg?im_w=720');
INSERT INTO IMAGE (IMAGE_ID, ACCOMODATION_ID, IMAGE_URL) VALUES (890, 53, 'https://a0.muscache.com/im/pictures/f541fc15-ddd1-49e7-a62c-fbd9e102515b.jpg?im_w=720');

INSERT INTO LOCATION (LOCATION_ID, LOCATION_NAME, COUNTRY, REGION, CITY, LATITUDE, LONGITUDE) VALUES (54, '지명54', ' 서울', ' Jongno-gu', 'Sungin 2(i)-dong', 37.57914, 127.02329);
INSERT INTO ACCOMODATION (`ACCOMODATION_ID`, `LOCATION_ID`, `ACCOMODATION_NAME`, `HOST_NAME`, `DISCRIPTION`, `ACCOMODATION_TYPE`, `PRICE`, `MAXIMUM_OCCUPANCY`, `AVERAGE_POINT`, `BED_ROOM`, `BATH_ROOM`, `BED_COUNT`,`OPTION`) VALUES (54, 54, 'HOSTEL SEOUL - Single Room with a bathroom (301)', '호스트54', '설명54', '개인실', 2804, 1, 6.6, 1, 1,1, '주방,무선 인터넷,에어컨,헤어드라이어');
INSERT INTO IMAGE (IMAGE_ID, ACCOMODATION_ID, IMAGE_URL) VALUES (891, 54, 'https://a0.muscache.com/im/pictures/miso/Hosting-49658744/original/fe02bf3a-b99e-4c22-8f62-5f8fdb70556c.jpeg?im_w=720');
INSERT INTO IMAGE (IMAGE_ID, ACCOMODATION_ID, IMAGE_URL) VALUES (892, 54, 'https://a0.muscache.com/im/pictures/miso/Hosting-49507837/original/576cc5b7-8114-4466-9376-45c259780fd5.jpeg?im_w=720');
INSERT INTO IMAGE (IMAGE_ID, ACCOMODATION_ID, IMAGE_URL) VALUES (893, 54, 'https://a0.muscache.com/im/pictures/miso/Hosting-49507837/original/edd18b3e-ca0e-4e92-af7b-9119f279dce0.jpeg?im_w=720');
INSERT INTO IMAGE (IMAGE_ID, ACCOMODATION_ID, IMAGE_URL) VALUES (894, 54, 'https://a0.muscache.com/im/pictures/1b363415-58b7-4a1f-9d61-a2a6b10e3996.jpg?im_w=720');
INSERT INTO IMAGE (IMAGE_ID, ACCOMODATION_ID, IMAGE_URL) VALUES (895, 54, 'https://a0.muscache.com/im/pictures/f6c93e58-9cb5-47e3-842b-b042c1894979.jpg?im_w=720');
INSERT INTO IMAGE (IMAGE_ID, ACCOMODATION_ID, IMAGE_URL) VALUES (896, 54, 'https://a0.muscache.com/im/pictures/miso/Hosting-49239379/original/ac61924d-d7cd-4e71-b45c-ded668968e9c.jpeg?im_w=720');
INSERT INTO IMAGE (IMAGE_ID, ACCOMODATION_ID, IMAGE_URL) VALUES (897, 54, 'https://a0.muscache.com/im/pictures/miso/Hosting-49150712/original/c8e15eee-e1a0-4e91-912d-4bf2fca6860b.jpeg?im_w=720');
INSERT INTO IMAGE (IMAGE_ID, ACCOMODATION_ID, IMAGE_URL) VALUES (898, 54, 'https://a0.muscache.com/im/pictures/miso/Hosting-49131805/original/f40b5394-42b9-4e71-ab39-7593dee4d5aa.jpeg?im_w=720');
INSERT INTO IMAGE (IMAGE_ID, ACCOMODATION_ID, IMAGE_URL) VALUES (899, 54, 'https://a0.muscache.com/im/pictures/8012bdbf-e281-4fc8-b645-ef663143135d.jpg?im_w=720');
INSERT INTO IMAGE (IMAGE_ID, ACCOMODATION_ID, IMAGE_URL) VALUES (900, 54, 'https://a0.muscache.com/im/pictures/46bf7e9a-23dc-4174-864f-8967b7859175.jpg?im_w=720');
INSERT INTO IMAGE (IMAGE_ID, ACCOMODATION_ID, IMAGE_URL) VALUES (901, 54, 'https://a0.muscache.com/im/pictures/daf17c3d-3520-4103-8135-38fc6e6865aa.jpg?im_w=720');
INSERT INTO IMAGE (IMAGE_ID, ACCOMODATION_ID, IMAGE_URL) VALUES (902, 54, 'https://a0.muscache.com/im/pictures/9f52c84f-e648-4208-916e-194e64ec48fa.jpg?im_w=720');
INSERT INTO IMAGE (IMAGE_ID, ACCOMODATION_ID, IMAGE_URL) VALUES (903, 54, 'https://a0.muscache.com/im/pictures/ed01fcd7-a882-41e7-a5b2-662ba2a36938.jpg?im_w=720');
INSERT INTO IMAGE (IMAGE_ID, ACCOMODATION_ID, IMAGE_URL) VALUES (904, 54, 'https://a0.muscache.com/im/pictures/a0528d71-018f-45c1-bee9-d38b5dcf29a6.jpg?im_w=720');
INSERT INTO IMAGE (IMAGE_ID, ACCOMODATION_ID, IMAGE_URL) VALUES (905, 54, 'https://a0.muscache.com/im/pictures/c5264df5-f483-4021-96dd-ef85f184a7c2.jpg?im_w=720');
INSERT INTO IMAGE (IMAGE_ID, ACCOMODATION_ID, IMAGE_URL) VALUES (906, 54, 'https://a0.muscache.com/im/pictures/45d9e8ca-1d15-4dda-b4a7-02696cbce714.jpg?im_w=720');
INSERT INTO IMAGE (IMAGE_ID, ACCOMODATION_ID, IMAGE_URL) VALUES (907, 54, 'https://a0.muscache.com/im/pictures/miso/Hosting-49150712/original/4bdb422a-949b-47d8-85d7-eac0dc2b8caa.jpeg?im_w=720');
INSERT INTO IMAGE (IMAGE_ID, ACCOMODATION_ID, IMAGE_URL) VALUES (908, 54, 'https://a0.muscache.com/im/pictures/miso/Hosting-49150712/original/190c7b35-04b1-4519-a66d-e217530f7bdd.jpeg?im_w=720');
INSERT INTO IMAGE (IMAGE_ID, ACCOMODATION_ID, IMAGE_URL) VALUES (909, 54, 'https://a0.muscache.com/im/pictures/miso/Hosting-49150712/original/b808fea9-3f14-4fd8-881e-79e55fa6ce34.jpeg?im_w=720');
INSERT INTO IMAGE (IMAGE_ID, ACCOMODATION_ID, IMAGE_URL) VALUES (910, 54, 'https://a0.muscache.com/im/pictures/miso/Hosting-49239379/original/a2e2dabd-49a6-4862-84f8-b79dd38d9605.jpeg?im_w=720');
INSERT INTO IMAGE (IMAGE_ID, ACCOMODATION_ID, IMAGE_URL) VALUES (911, 54, 'https://a0.muscache.com/im/pictures/miso/Hosting-49239379/original/ee47672b-9a15-40ce-9e79-eed71d07619b.jpeg?im_w=720');
INSERT INTO IMAGE (IMAGE_ID, ACCOMODATION_ID, IMAGE_URL) VALUES (912, 54, 'https://a0.muscache.com/im/pictures/c4517a03-8adf-403b-8896-a51124df5806.jpg?im_w=720');
INSERT INTO IMAGE (IMAGE_ID, ACCOMODATION_ID, IMAGE_URL) VALUES (913, 54, 'https://a0.muscache.com/im/pictures/miso/Hosting-49658744/original/82a32b30-7041-422e-af9f-fcb4919cdd8e.jpeg?im_w=720');

INSERT INTO LOCATION (LOCATION_ID, LOCATION_NAME, COUNTRY, REGION, CITY, LATITUDE, LONGITUDE) VALUES (55, '지명55', ' 한국', ' 서울', '종로구', 37.56881, 126.99069);
INSERT INTO ACCOMODATION (`ACCOMODATION_ID`, `LOCATION_ID`, `ACCOMODATION_NAME`, `HOST_NAME`, `DISCRIPTION`, `ACCOMODATION_TYPE`, `PRICE`, `MAXIMUM_OCCUPANCY`, `AVERAGE_POINT`, `BED_ROOM`, `BATH_ROOM`, `BED_COUNT`,`OPTION`) VALUES (55, 55, '허브c', '호스트55', '설명55', '개인실', 980403, 1, 9.0, 1, 1,1, '주방,무선 인터넷,에어컨,헤어드라이어');
INSERT INTO IMAGE (IMAGE_ID, ACCOMODATION_ID, IMAGE_URL) VALUES (914, 55, 'https://a0.muscache.com/im/pictures/e821c9a6-90a5-4988-a6dc-da39cd4c280b.jpg?im_w=720');
INSERT INTO IMAGE (IMAGE_ID, ACCOMODATION_ID, IMAGE_URL) VALUES (915, 55, 'https://a0.muscache.com/im/pictures/95082310-9596-49f6-b91f-eb850836c73c.jpg?im_w=720');
INSERT INTO IMAGE (IMAGE_ID, ACCOMODATION_ID, IMAGE_URL) VALUES (916, 55, 'https://a0.muscache.com/im/pictures/b796a9b1-8f20-4b75-9821-ca483fab0ea8.jpg?im_w=720');
INSERT INTO IMAGE (IMAGE_ID, ACCOMODATION_ID, IMAGE_URL) VALUES (917, 55, 'https://a0.muscache.com/im/pictures/cd03c105-c0fb-4438-99a3-313f87964bca.jpg?im_w=720');
INSERT INTO IMAGE (IMAGE_ID, ACCOMODATION_ID, IMAGE_URL) VALUES (918, 55, 'https://a0.muscache.com/im/pictures/6d23ea05-3dba-4ff8-aa26-2006c3ab11dd.jpg?im_w=720');
INSERT INTO IMAGE (IMAGE_ID, ACCOMODATION_ID, IMAGE_URL) VALUES (919, 55, 'https://a0.muscache.com/im/pictures/353bbe34-b1b1-40a7-b815-cad1b8435d31.jpg?im_w=720');
INSERT INTO IMAGE (IMAGE_ID, ACCOMODATION_ID, IMAGE_URL) VALUES (920, 55, 'https://a0.muscache.com/im/pictures/52e29756-8d9a-4f83-8b8f-222e8a950aeb.jpg?im_w=720');
INSERT INTO IMAGE (IMAGE_ID, ACCOMODATION_ID, IMAGE_URL) VALUES (921, 55, 'https://a0.muscache.com/im/pictures/6727dba6-427b-45b9-9ff4-6a00a932a7a8.jpg?im_w=720');
INSERT INTO IMAGE (IMAGE_ID, ACCOMODATION_ID, IMAGE_URL) VALUES (922, 55, 'https://a0.muscache.com/im/pictures/8d13c891-728a-4930-bbe6-641e133eb2da.jpg?im_w=720');
INSERT INTO IMAGE (IMAGE_ID, ACCOMODATION_ID, IMAGE_URL) VALUES (923, 55, 'https://a0.muscache.com/im/pictures/06ce5e27-3cc4-43d9-b43b-07d7e0947af0.jpg?im_w=720');

INSERT INTO LOCATION (LOCATION_ID, LOCATION_NAME, COUNTRY, REGION, CITY, LATITUDE, LONGITUDE) VALUES (56, '지명56', ' 서울', ' Jongno-gu', 'Myeongnyun 3(sam)ga-dong', 37.58851, 126.99449);
INSERT INTO ACCOMODATION (`ACCOMODATION_ID`, `LOCATION_ID`, `ACCOMODATION_NAME`, `HOST_NAME`, `DISCRIPTION`, `ACCOMODATION_TYPE`, `PRICE`, `MAXIMUM_OCCUPANCY`, `AVERAGE_POINT`, `BED_ROOM`, `BATH_ROOM`, `BED_COUNT`,`OPTION`) VALUES (56, 56, '조용깨끗한 가정집 여성1인룸1개/주방, 욕실 호스트와 공동사용/혜화역인근', '호스트56', '설명56', '개인실', 177967, 1, 7.1, 1, 1,1, '주방,무선 인터넷,에어컨,헤어드라이어');
INSERT INTO IMAGE (IMAGE_ID, ACCOMODATION_ID, IMAGE_URL) VALUES (924, 56, 'https://a0.muscache.com/im/pictures/a37fba6c-34f8-49a6-b8ab-130abd67125b.jpg?im_w=720');
INSERT INTO IMAGE (IMAGE_ID, ACCOMODATION_ID, IMAGE_URL) VALUES (925, 56, 'https://a0.muscache.com/im/pictures/ba1e53cc-3c08-4572-9712-923a8598b616.jpg?im_w=720');
INSERT INTO IMAGE (IMAGE_ID, ACCOMODATION_ID, IMAGE_URL) VALUES (926, 56, 'https://a0.muscache.com/im/pictures/d362bd9e-85e4-4730-be05-0ba168652cf5.jpg?im_w=720');
INSERT INTO IMAGE (IMAGE_ID, ACCOMODATION_ID, IMAGE_URL) VALUES (927, 56, 'https://a0.muscache.com/im/pictures/6a49e1f1-a4b7-42dc-9580-a09fb7c4fd00.jpg?im_w=720');
INSERT INTO IMAGE (IMAGE_ID, ACCOMODATION_ID, IMAGE_URL) VALUES (928, 56, 'https://a0.muscache.com/im/pictures/5726b97e-e7ba-49cd-936b-91283eff401f.jpg?im_w=720');
INSERT INTO IMAGE (IMAGE_ID, ACCOMODATION_ID, IMAGE_URL) VALUES (929, 56, 'https://a0.muscache.com/im/pictures/65735a79-79e8-4577-b753-947d53448f7b.jpg?im_w=720');
INSERT INTO IMAGE (IMAGE_ID, ACCOMODATION_ID, IMAGE_URL) VALUES (930, 56, 'https://a0.muscache.com/im/pictures/6183a865-d894-4d40-a6fe-6d6008a9e91b.jpg?im_w=720');
INSERT INTO IMAGE (IMAGE_ID, ACCOMODATION_ID, IMAGE_URL) VALUES (931, 56, 'https://a0.muscache.com/im/pictures/2aa45f3d-718f-4b6c-9228-68cee1e89917.jpg?im_w=720');
INSERT INTO IMAGE (IMAGE_ID, ACCOMODATION_ID, IMAGE_URL) VALUES (932, 56, 'https://a0.muscache.com/im/pictures/45aa5c57-7973-4d6f-afca-9da7bb94aaeb.jpg?im_w=720');
INSERT INTO IMAGE (IMAGE_ID, ACCOMODATION_ID, IMAGE_URL) VALUES (933, 56, 'https://a0.muscache.com/im/pictures/10ff9a0b-1d6d-4326-a486-05c9192f314f.jpg?im_w=720');
INSERT INTO IMAGE (IMAGE_ID, ACCOMODATION_ID, IMAGE_URL) VALUES (934, 56, 'https://a0.muscache.com/im/pictures/7349355a-880f-4ec6-8a0f-ae59ff7d8bf0.jpg?im_w=720');
INSERT INTO IMAGE (IMAGE_ID, ACCOMODATION_ID, IMAGE_URL) VALUES (935, 56, 'https://a0.muscache.com/im/pictures/7fcfae28-478a-43d2-88ce-533783ec9dc5.jpg?im_w=720');
INSERT INTO IMAGE (IMAGE_ID, ACCOMODATION_ID, IMAGE_URL) VALUES (936, 56, 'https://a0.muscache.com/im/pictures/91812f64-6504-4ff4-8a83-80c080b8c0ba.jpg?im_w=720');
INSERT INTO IMAGE (IMAGE_ID, ACCOMODATION_ID, IMAGE_URL) VALUES (937, 56, 'https://a0.muscache.com/im/pictures/66127aa8-2522-4519-a901-f90460e41df6.jpg?im_w=720');
INSERT INTO IMAGE (IMAGE_ID, ACCOMODATION_ID, IMAGE_URL) VALUES (938, 56, 'https://a0.muscache.com/im/pictures/18f53429-5353-4676-8b14-fc50cebaf010.jpg?im_w=720');
INSERT INTO IMAGE (IMAGE_ID, ACCOMODATION_ID, IMAGE_URL) VALUES (939, 56, 'https://a0.muscache.com/im/pictures/70026b38-1cc6-4f85-90ca-9b4948d55a0f.jpg?im_w=720');
INSERT INTO IMAGE (IMAGE_ID, ACCOMODATION_ID, IMAGE_URL) VALUES (940, 56, 'https://a0.muscache.com/im/pictures/1cdd60dd-d22b-4720-b888-57a607222286.jpg?im_w=720');
INSERT INTO IMAGE (IMAGE_ID, ACCOMODATION_ID, IMAGE_URL) VALUES (941, 56, 'https://a0.muscache.com/im/pictures/84bbb73c-7d39-409c-a46f-69df1db01a47.jpg?im_w=720');
INSERT INTO IMAGE (IMAGE_ID, ACCOMODATION_ID, IMAGE_URL) VALUES (942, 56, 'https://a0.muscache.com/im/pictures/e6e59654-8122-449b-aaca-5583d006d372.jpg?im_w=720');
INSERT INTO IMAGE (IMAGE_ID, ACCOMODATION_ID, IMAGE_URL) VALUES (943, 56, 'https://a0.muscache.com/im/pictures/a6fb6d84-9cec-47f0-9b71-852ea9355cda.jpg?im_w=720');
INSERT INTO IMAGE (IMAGE_ID, ACCOMODATION_ID, IMAGE_URL) VALUES (944, 56, 'https://a0.muscache.com/im/pictures/19848454-4c71-4aaa-9916-7f23ebbf3c98.jpg?im_w=720');
INSERT INTO IMAGE (IMAGE_ID, ACCOMODATION_ID, IMAGE_URL) VALUES (945, 56, 'https://a0.muscache.com/im/pictures/620a09cc-ac44-4fad-a1b5-af9b2505a834.jpg?im_w=720');
INSERT INTO IMAGE (IMAGE_ID, ACCOMODATION_ID, IMAGE_URL) VALUES (946, 56, 'https://a0.muscache.com/im/pictures/4ee53e2f-960c-4557-9091-6d986bc751fc.jpg?im_w=720');

INSERT INTO LOCATION (LOCATION_ID, LOCATION_NAME, COUNTRY, REGION, CITY, LATITUDE, LONGITUDE) VALUES (57, '지명57', ' 서울', ' Jongno-gu', 'Changsin 1(il)-dong', 37.57028669814374, 127.0134675812483);
INSERT INTO ACCOMODATION (`ACCOMODATION_ID`, `LOCATION_ID`, `ACCOMODATION_NAME`, `HOST_NAME`, `DISCRIPTION`, `ACCOMODATION_TYPE`, `PRICE`, `MAXIMUM_OCCUPANCY`, `AVERAGE_POINT`, `BED_ROOM`, `BATH_ROOM`, `BED_COUNT`,`OPTION`) VALUES (57, 57, '[Single room2]Hotel Gaon GoldenPark in Dongdaemun', '호스트57', '설명57', '개인실', 119649, 1, 6.4, 1, 1,1, '주방,무선 인터넷,에어컨,헤어드라이어');
INSERT INTO IMAGE (IMAGE_ID, ACCOMODATION_ID, IMAGE_URL) VALUES (947, 57, 'https://a0.muscache.com/im/pictures/9f95fb4d-9266-40ab-9ad5-f7ef6ea5dff8.jpg?im_w=720');
INSERT INTO IMAGE (IMAGE_ID, ACCOMODATION_ID, IMAGE_URL) VALUES (948, 57, 'https://a0.muscache.com/im/pictures/17cb0fcb-00db-4de5-a9f8-ca76ec8b7215.jpg?im_w=720');
INSERT INTO IMAGE (IMAGE_ID, ACCOMODATION_ID, IMAGE_URL) VALUES (949, 57, 'https://a0.muscache.com/im/pictures/c9277272-ebbb-497c-be74-b5fcebe340c5.jpg?im_w=720');
INSERT INTO IMAGE (IMAGE_ID, ACCOMODATION_ID, IMAGE_URL) VALUES (950, 57, 'https://a0.muscache.com/im/pictures/629959d4-c48f-4735-9d5f-c8a3f56271fb.jpg?im_w=720');
INSERT INTO IMAGE (IMAGE_ID, ACCOMODATION_ID, IMAGE_URL) VALUES (951, 57, 'https://a0.muscache.com/im/pictures/b397329e-831f-41bd-9ab8-9ea79f0aa340.jpg?im_w=720');
INSERT INTO IMAGE (IMAGE_ID, ACCOMODATION_ID, IMAGE_URL) VALUES (952, 57, 'https://a0.muscache.com/im/pictures/10c3c6b4-a5b2-40ea-b556-9d1397f2f023.jpg?im_w=720');
INSERT INTO IMAGE (IMAGE_ID, ACCOMODATION_ID, IMAGE_URL) VALUES (953, 57, 'https://a0.muscache.com/im/pictures/fef9b3fa-bdfd-4ee3-ae4b-805ea31d4703.jpg?im_w=720');
INSERT INTO IMAGE (IMAGE_ID, ACCOMODATION_ID, IMAGE_URL) VALUES (954, 57, 'https://a0.muscache.com/im/pictures/2e06397b-9ed4-4261-b87f-707d32208235.jpg?im_w=720');
INSERT INTO IMAGE (IMAGE_ID, ACCOMODATION_ID, IMAGE_URL) VALUES (955, 57, 'https://a0.muscache.com/im/pictures/3752b656-f2e8-4dea-ac49-f7d87e5af1ea.jpg?im_w=720');
INSERT INTO IMAGE (IMAGE_ID, ACCOMODATION_ID, IMAGE_URL) VALUES (956, 57, 'https://a0.muscache.com/im/pictures/45c68868-a317-42e4-b983-9696b80437da.jpg?im_w=720');
INSERT INTO IMAGE (IMAGE_ID, ACCOMODATION_ID, IMAGE_URL) VALUES (957, 57, 'https://a0.muscache.com/im/pictures/17f11773-db17-416a-a486-0a57c019396a.jpg?im_w=720');
INSERT INTO IMAGE (IMAGE_ID, ACCOMODATION_ID, IMAGE_URL) VALUES (958, 57, 'https://a0.muscache.com/im/pictures/443d469c-3a86-4a27-bbb9-8cb5caecf083.jpg?im_w=720');

INSERT INTO LOCATION (LOCATION_ID, LOCATION_NAME, COUNTRY, REGION, CITY, LATITUDE, LONGITUDE) VALUES (58, '지명58', ' 한국', ' 서울', '성북구', 37.58438, 127.01867);
INSERT INTO ACCOMODATION (`ACCOMODATION_ID`, `LOCATION_ID`, `ACCOMODATION_NAME`, `HOST_NAME`, `DISCRIPTION`, `ACCOMODATION_TYPE`, `PRICE`, `MAXIMUM_OCCUPANCY`, `AVERAGE_POINT`, `BED_ROOM`, `BATH_ROOM`, `BED_COUNT`,`OPTION`) VALUES (58, 58, 'Bomun station, Korea University', '호스트58', '설명58', '집 전체', 928846, 1, 9.8, 1, 1,1, '주방,무선 인터넷,에어컨,헤어드라이어');
INSERT INTO IMAGE (IMAGE_ID, ACCOMODATION_ID, IMAGE_URL) VALUES (959, 58, 'https://a0.muscache.com/im/pictures/c7e471d9-d2f7-46ad-bb1f-ae3e36be0d62.jpg?im_w=720');
INSERT INTO IMAGE (IMAGE_ID, ACCOMODATION_ID, IMAGE_URL) VALUES (960, 58, 'https://a0.muscache.com/im/pictures/c64a2a22-c2c2-49c7-b353-c3b645703026.jpg?im_w=720');
INSERT INTO IMAGE (IMAGE_ID, ACCOMODATION_ID, IMAGE_URL) VALUES (961, 58, 'https://a0.muscache.com/im/pictures/106255402/a52c600e_original.jpg?im_w=720');
INSERT INTO IMAGE (IMAGE_ID, ACCOMODATION_ID, IMAGE_URL) VALUES (962, 58, 'https://a0.muscache.com/im/pictures/790c670f-28eb-43f3-b14e-d54b83b16e9b.jpg?im_w=720');
INSERT INTO IMAGE (IMAGE_ID, ACCOMODATION_ID, IMAGE_URL) VALUES (963, 58, 'https://a0.muscache.com/im/pictures/106255369/ea2b0b7d_original.jpg?im_w=720');
INSERT INTO IMAGE (IMAGE_ID, ACCOMODATION_ID, IMAGE_URL) VALUES (964, 58, 'https://a0.muscache.com/im/pictures/163d3925-36fe-47d5-9576-cf0399b8781a.jpg?im_w=720');
INSERT INTO IMAGE (IMAGE_ID, ACCOMODATION_ID, IMAGE_URL) VALUES (965, 58, 'https://a0.muscache.com/im/pictures/66407170-1ccf-4c0a-b3b3-1cddbb9448ab.jpg?im_w=720');
INSERT INTO IMAGE (IMAGE_ID, ACCOMODATION_ID, IMAGE_URL) VALUES (966, 58, 'https://a0.muscache.com/im/pictures/106255455/59dc9b7b_original.jpg?im_w=720');
INSERT INTO IMAGE (IMAGE_ID, ACCOMODATION_ID, IMAGE_URL) VALUES (967, 58, 'https://a0.muscache.com/im/pictures/106255541/244f147b_original.jpg?im_w=720');
INSERT INTO IMAGE (IMAGE_ID, ACCOMODATION_ID, IMAGE_URL) VALUES (968, 58, 'https://a0.muscache.com/im/pictures/106255585/18697ee8_original.jpg?im_w=720');
INSERT INTO IMAGE (IMAGE_ID, ACCOMODATION_ID, IMAGE_URL) VALUES (969, 58, 'https://a0.muscache.com/im/pictures/ef140b11-7d69-470b-9a6d-130487634747.jpg?im_w=720');
INSERT INTO IMAGE (IMAGE_ID, ACCOMODATION_ID, IMAGE_URL) VALUES (970, 58, 'https://a0.muscache.com/im/pictures/5c5e2978-e6bf-49db-ac15-b126c1fd1b98.jpg?im_w=720');
INSERT INTO IMAGE (IMAGE_ID, ACCOMODATION_ID, IMAGE_URL) VALUES (971, 58, 'https://a0.muscache.com/im/pictures/60329e3f-f593-4dc8-9c70-b7c48b49c93f.jpg?im_w=720');
INSERT INTO IMAGE (IMAGE_ID, ACCOMODATION_ID, IMAGE_URL) VALUES (972, 58, 'https://a0.muscache.com/im/pictures/3b9eaa2e-acfb-43ef-a202-3ec49ba9913c.jpg?im_w=720');
INSERT INTO IMAGE (IMAGE_ID, ACCOMODATION_ID, IMAGE_URL) VALUES (973, 58, 'https://a0.muscache.com/im/pictures/28591fa0-e3b3-480c-9e61-62bf352eadeb.jpg?im_w=720');
INSERT INTO IMAGE (IMAGE_ID, ACCOMODATION_ID, IMAGE_URL) VALUES (974, 58, 'https://a0.muscache.com/im/pictures/ba012493-634f-4dd5-93b1-6332be75889d.jpg?im_w=720');
INSERT INTO IMAGE (IMAGE_ID, ACCOMODATION_ID, IMAGE_URL) VALUES (975, 58, 'https://a0.muscache.com/im/pictures/106255755/7785fd60_original.jpg?im_w=720');
INSERT INTO IMAGE (IMAGE_ID, ACCOMODATION_ID, IMAGE_URL) VALUES (976, 58, 'https://a0.muscache.com/im/pictures/106255725/d879fa8f_original.jpg?im_w=720');
INSERT INTO IMAGE (IMAGE_ID, ACCOMODATION_ID, IMAGE_URL) VALUES (977, 58, 'https://a0.muscache.com/im/pictures/cdd81ef6-85bf-4cac-aa2e-54cd0c72dd7c.jpg?im_w=720');
INSERT INTO IMAGE (IMAGE_ID, ACCOMODATION_ID, IMAGE_URL) VALUES (978, 58, 'https://a0.muscache.com/im/pictures/106255490/a0a60ff3_original.jpg?im_w=720');
INSERT INTO IMAGE (IMAGE_ID, ACCOMODATION_ID, IMAGE_URL) VALUES (979, 58, 'https://a0.muscache.com/im/pictures/106255631/8593b29b_original.jpg?im_w=720');
INSERT INTO IMAGE (IMAGE_ID, ACCOMODATION_ID, IMAGE_URL) VALUES (980, 58, 'https://a0.muscache.com/im/pictures/106255654/21df6b08_original.jpg?im_w=720');
INSERT INTO IMAGE (IMAGE_ID, ACCOMODATION_ID, IMAGE_URL) VALUES (981, 58, 'https://a0.muscache.com/im/pictures/106255318/caae9520_original.jpg?im_w=720');
INSERT INTO IMAGE (IMAGE_ID, ACCOMODATION_ID, IMAGE_URL) VALUES (982, 58, 'https://a0.muscache.com/im/pictures/106255218/c31d2ef6_original.jpg?im_w=720');
INSERT INTO IMAGE (IMAGE_ID, ACCOMODATION_ID, IMAGE_URL) VALUES (983, 58, 'https://a0.muscache.com/im/pictures/106255252/fd785866_original.jpg?im_w=720');
INSERT INTO IMAGE (IMAGE_ID, ACCOMODATION_ID, IMAGE_URL) VALUES (984, 58, 'https://a0.muscache.com/im/pictures/106255774/e68295ea_original.jpg?im_w=720');
INSERT INTO IMAGE (IMAGE_ID, ACCOMODATION_ID, IMAGE_URL) VALUES (985, 58, 'https://a0.muscache.com/im/pictures/106255785/af766b7f_original.jpg?im_w=720');
INSERT INTO IMAGE (IMAGE_ID, ACCOMODATION_ID, IMAGE_URL) VALUES (986, 58, 'https://a0.muscache.com/im/pictures/106255802/4711e30e_original.jpg?im_w=720');
INSERT INTO IMAGE (IMAGE_ID, ACCOMODATION_ID, IMAGE_URL) VALUES (987, 58, 'https://a0.muscache.com/im/pictures/106255699/fbaf4879_original.jpg?im_w=720');
INSERT INTO IMAGE (IMAGE_ID, ACCOMODATION_ID, IMAGE_URL) VALUES (988, 58, 'https://a0.muscache.com/im/pictures/106255814/037e7b08_original.jpg?im_w=720');

INSERT INTO LOCATION (LOCATION_ID, LOCATION_NAME, COUNTRY, REGION, CITY, LATITUDE, LONGITUDE) VALUES (59, '지명59', ' 서울', ' Jongno-gu', 'Waryong-dong', 37.57728, 126.99198);
INSERT INTO ACCOMODATION (`ACCOMODATION_ID`, `LOCATION_ID`, `ACCOMODATION_NAME`, `HOST_NAME`, `DISCRIPTION`, `ACCOMODATION_TYPE`, `PRICE`, `MAXIMUM_OCCUPANCY`, `AVERAGE_POINT`, `BED_ROOM`, `BATH_ROOM`, `BED_COUNT`,`OPTION`) VALUES (59, 59, 'Twin Room 종로 익선동 놀러온다면 여기서 추억 남기고 가세요! NETFLEX 가능', '호스트59', '설명59', '개인실', 794953, 2, 8.5, 0, 1,0, '무선 인터넷,에어컨,헤어드라이어');
INSERT INTO IMAGE (IMAGE_ID, ACCOMODATION_ID, IMAGE_URL) VALUES (989, 59, 'https://a0.muscache.com/im/pictures/e99b2a82-3578-46ad-bbbe-4281c465d0b2.jpg?im_w=720');
INSERT INTO IMAGE (IMAGE_ID, ACCOMODATION_ID, IMAGE_URL) VALUES (990, 59, 'https://a0.muscache.com/im/pictures/8ffb1cbe-86ff-4ad9-ae3f-11c3341e10bf.jpg?im_w=720');
INSERT INTO IMAGE (IMAGE_ID, ACCOMODATION_ID, IMAGE_URL) VALUES (991, 59, 'https://a0.muscache.com/im/pictures/1307e7aa-3ea1-4be6-b34c-1daecd200bf7.jpg?im_w=720');
INSERT INTO IMAGE (IMAGE_ID, ACCOMODATION_ID, IMAGE_URL) VALUES (992, 59, 'https://a0.muscache.com/im/pictures/45bf8ceb-1697-464b-b4b2-d0a63fc78e8b.jpg?im_w=720');
INSERT INTO IMAGE (IMAGE_ID, ACCOMODATION_ID, IMAGE_URL) VALUES (993, 59, 'https://a0.muscache.com/im/pictures/0695480b-6b6c-4fc6-ada6-0a65e002437f.jpg?im_w=720');
INSERT INTO IMAGE (IMAGE_ID, ACCOMODATION_ID, IMAGE_URL) VALUES (994, 59, 'https://a0.muscache.com/im/pictures/a08df231-2b61-407f-bb88-6db14180e691.jpg?im_w=720');
INSERT INTO IMAGE (IMAGE_ID, ACCOMODATION_ID, IMAGE_URL) VALUES (995, 59, 'https://a0.muscache.com/im/pictures/0f48da80-8b1d-4857-b775-c38d6aee4cc5.jpg?im_w=720');
INSERT INTO IMAGE (IMAGE_ID, ACCOMODATION_ID, IMAGE_URL) VALUES (996, 59, 'https://a0.muscache.com/im/pictures/ed0d9c89-cf38-407e-9f5a-cdeee6ff95ef.jpg?im_w=720');
INSERT INTO IMAGE (IMAGE_ID, ACCOMODATION_ID, IMAGE_URL) VALUES (997, 59, 'https://a0.muscache.com/im/pictures/8a05b06b-5759-4e28-bcf5-52aa9e566a82.jpg?im_w=720');
INSERT INTO IMAGE (IMAGE_ID, ACCOMODATION_ID, IMAGE_URL) VALUES (998, 59, 'https://a0.muscache.com/im/pictures/43a5d5df-60fe-4d18-bc0a-3b1f2e6114d6.jpg?im_w=720');
INSERT INTO IMAGE (IMAGE_ID, ACCOMODATION_ID, IMAGE_URL) VALUES (999, 59, 'https://a0.muscache.com/im/pictures/d860f6bf-2844-4ba4-875a-2aba47677060.jpg?im_w=720');
INSERT INTO IMAGE (IMAGE_ID, ACCOMODATION_ID, IMAGE_URL) VALUES (1000, 59, 'https://a0.muscache.com/im/pictures/5e672e26-5c55-4763-bb1b-5fd7d43edaa5.jpg?im_w=720');
INSERT INTO IMAGE (IMAGE_ID, ACCOMODATION_ID, IMAGE_URL) VALUES (1001, 59, 'https://a0.muscache.com/im/pictures/54a31b47-ce18-476b-b6b7-9f609f2065b9.jpg?im_w=720');
INSERT INTO IMAGE (IMAGE_ID, ACCOMODATION_ID, IMAGE_URL) VALUES (1002, 59, 'https://a0.muscache.com/im/pictures/ef40fb04-70a7-40be-a302-1341a6257a98.jpg?im_w=720');
INSERT INTO IMAGE (IMAGE_ID, ACCOMODATION_ID, IMAGE_URL) VALUES (1003, 59, 'https://a0.muscache.com/im/pictures/40dfe3dc-1cce-49df-be1f-b8075f393483.jpg?im_w=720');
INSERT INTO IMAGE (IMAGE_ID, ACCOMODATION_ID, IMAGE_URL) VALUES (1004, 59, 'https://a0.muscache.com/im/pictures/24b5a2e4-89e6-4034-959d-2354eea3dc07.jpg?im_w=720');
INSERT INTO IMAGE (IMAGE_ID, ACCOMODATION_ID, IMAGE_URL) VALUES (1005, 59, 'https://a0.muscache.com/im/pictures/42669623-824e-499f-aae0-c88596a060ea.jpg?im_w=720');
INSERT INTO IMAGE (IMAGE_ID, ACCOMODATION_ID, IMAGE_URL) VALUES (1006, 59, 'https://a0.muscache.com/im/pictures/b7ffe9f2-a2f2-4137-8f97-0df742ac0376.jpg?im_w=720');
INSERT INTO IMAGE (IMAGE_ID, ACCOMODATION_ID, IMAGE_URL) VALUES (1007, 59, 'https://a0.muscache.com/im/pictures/279b4e67-cbff-4ce1-815e-abaeef04c2b5.jpg?im_w=720');
INSERT INTO IMAGE (IMAGE_ID, ACCOMODATION_ID, IMAGE_URL) VALUES (1008, 59, 'https://a0.muscache.com/im/pictures/6d004200-6ae8-4a24-9712-604ee37cb83d.jpg?im_w=720');
INSERT INTO IMAGE (IMAGE_ID, ACCOMODATION_ID, IMAGE_URL) VALUES (1009, 59, 'https://a0.muscache.com/im/pictures/55bf5c17-2000-451c-91fa-1f54f18efe96.jpg?im_w=720');
INSERT INTO IMAGE (IMAGE_ID, ACCOMODATION_ID, IMAGE_URL) VALUES (1010, 59, 'https://a0.muscache.com/im/pictures/ecfe5795-d09f-4c72-9a48-d6bf0d14957e.jpg?im_w=720');
INSERT INTO IMAGE (IMAGE_ID, ACCOMODATION_ID, IMAGE_URL) VALUES (1011, 59, 'https://a0.muscache.com/im/pictures/5227febb-9260-434f-977e-c65570c9d2f9.jpg?im_w=720');
INSERT INTO IMAGE (IMAGE_ID, ACCOMODATION_ID, IMAGE_URL) VALUES (1012, 59, 'https://a0.muscache.com/im/pictures/166e1be7-6404-49e6-9bc1-fb008eaf1ec8.jpg?im_w=720');
INSERT INTO IMAGE (IMAGE_ID, ACCOMODATION_ID, IMAGE_URL) VALUES (1013, 59, 'https://a0.muscache.com/im/pictures/2d06ef25-ef9c-414c-817a-a8be9e1cc338.jpg?im_w=720');
INSERT INTO IMAGE (IMAGE_ID, ACCOMODATION_ID, IMAGE_URL) VALUES (1014, 59, 'https://a0.muscache.com/im/pictures/687a4975-42fa-4950-a788-71d6948a170f.jpg?im_w=720');

INSERT INTO LOCATION (LOCATION_ID, LOCATION_NAME, COUNTRY, REGION, CITY, LATITUDE, LONGITUDE) VALUES (60, '지명60', ' 서울', ' Jongno-gu', 'Cheongunhyoja-dong', 37.582, 126.97044);
INSERT INTO ACCOMODATION (`ACCOMODATION_ID`, `LOCATION_ID`, `ACCOMODATION_NAME`, `HOST_NAME`, `DISCRIPTION`, `ACCOMODATION_TYPE`, `PRICE`, `MAXIMUM_OCCUPANCY`, `AVERAGE_POINT`, `BED_ROOM`, `BATH_ROOM`, `BED_COUNT`,`OPTION`) VALUES (60, 60, '경복궁 5분, 통인시장 3분 서촌숙소', '호스트60', '설명60', '집 전체', 746226, 2, 6.1, 1, 1,1, '주방,무선 인터넷,에어컨,헤어드라이어');
INSERT INTO IMAGE (IMAGE_ID, ACCOMODATION_ID, IMAGE_URL) VALUES (1015, 60, 'https://a0.muscache.com/im/pictures/a154f4c2-1707-44d1-acfe-f1be17f64320.jpg?im_w=720');
INSERT INTO IMAGE (IMAGE_ID, ACCOMODATION_ID, IMAGE_URL) VALUES (1016, 60, 'https://a0.muscache.com/im/pictures/87b4fa4b-520b-4ba0-a00e-f4c87dcf84da.jpg?im_w=720');
INSERT INTO IMAGE (IMAGE_ID, ACCOMODATION_ID, IMAGE_URL) VALUES (1017, 60, 'https://a0.muscache.com/im/pictures/6359c317-ef24-43b0-b0cf-9b7bf9e7ba8c.jpg?im_w=720');
INSERT INTO IMAGE (IMAGE_ID, ACCOMODATION_ID, IMAGE_URL) VALUES (1018, 60, 'https://a0.muscache.com/im/pictures/f4c825e3-3521-4d2d-bab1-3a9e4994212f.jpg?im_w=720');
INSERT INTO IMAGE (IMAGE_ID, ACCOMODATION_ID, IMAGE_URL) VALUES (1019, 60, 'https://a0.muscache.com/im/pictures/69efc2c2-3d5d-4217-b9cb-059556ed51d1.jpg?im_w=720');
INSERT INTO IMAGE (IMAGE_ID, ACCOMODATION_ID, IMAGE_URL) VALUES (1020, 60, 'https://a0.muscache.com/im/pictures/9e255e68-502f-4a0f-af47-fe6091dce5c5.jpg?im_w=720');
INSERT INTO IMAGE (IMAGE_ID, ACCOMODATION_ID, IMAGE_URL) VALUES (1021, 60, 'https://a0.muscache.com/im/pictures/f6259950-7a3f-4380-8f9e-2aceb708bbbb.jpg?im_w=720');
INSERT INTO IMAGE (IMAGE_ID, ACCOMODATION_ID, IMAGE_URL) VALUES (1022, 60, 'https://a0.muscache.com/im/pictures/d14f5a01-614f-4abb-a399-914977797852.jpg?im_w=720');
INSERT INTO IMAGE (IMAGE_ID, ACCOMODATION_ID, IMAGE_URL) VALUES (1023, 60, 'https://a0.muscache.com/im/pictures/d71aa6ee-2fd7-4d7d-adfc-d37e9b4e6616.jpg?im_w=720');
INSERT INTO IMAGE (IMAGE_ID, ACCOMODATION_ID, IMAGE_URL) VALUES (1024, 60, 'https://a0.muscache.com/im/pictures/23b69793-c9d8-4d98-8fb4-687bea4bc01a.jpg?im_w=720');
INSERT INTO IMAGE (IMAGE_ID, ACCOMODATION_ID, IMAGE_URL) VALUES (1025, 60, 'https://a0.muscache.com/im/pictures/2bae2cc9-1b43-4d57-8a3e-271f615bcc12.jpg?im_w=720');

INSERT INTO LOCATION (LOCATION_ID, LOCATION_NAME, COUNTRY, REGION, CITY, LATITUDE, LONGITUDE) VALUES (61, '지명61', ' 서울', ' Jung-gu', 'Myeong-dong', 37.56172, 126.98539);
INSERT INTO ACCOMODATION (`ACCOMODATION_ID`, `LOCATION_ID`, `ACCOMODATION_NAME`, `HOST_NAME`, `DISCRIPTION`, `ACCOMODATION_TYPE`, `PRICE`, `MAXIMUM_OCCUPANCY`, `AVERAGE_POINT`, `BED_ROOM`, `BATH_ROOM`, `BED_COUNT`,`OPTION`) VALUES (61, 61, '딱 좋은 나홀로 객실 ( 게스트하우스,호스텔)', '호스트61', '설명61', '개인실', 392752, 1, 3.3, 1, 1,1, '주방,무선 인터넷,에어컨,헤어드라이어');
INSERT INTO IMAGE (IMAGE_ID, ACCOMODATION_ID, IMAGE_URL) VALUES (1026, 61, 'https://a0.muscache.com/im/pictures/deef2366-4579-445a-b002-384e302d4bfd.jpg?im_w=720');
INSERT INTO IMAGE (IMAGE_ID, ACCOMODATION_ID, IMAGE_URL) VALUES (1027, 61, 'https://a0.muscache.com/im/pictures/4a025c99-cd56-4b1e-b9b7-0fd0b8b901c1.jpg?im_w=720');
INSERT INTO IMAGE (IMAGE_ID, ACCOMODATION_ID, IMAGE_URL) VALUES (1028, 61, 'https://a0.muscache.com/im/pictures/d7f5250c-f918-47a6-9659-2d0c5679f944.jpg?im_w=720');
INSERT INTO IMAGE (IMAGE_ID, ACCOMODATION_ID, IMAGE_URL) VALUES (1029, 61, 'https://a0.muscache.com/im/pictures/9b189a6c-22d6-45b7-a929-27d3f26dc8c6.jpg?im_w=720');
INSERT INTO IMAGE (IMAGE_ID, ACCOMODATION_ID, IMAGE_URL) VALUES (1030, 61, 'https://a0.muscache.com/im/pictures/a8ebd8a7-1a11-47cd-aa37-74ed32b0d509.jpg?im_w=720');
INSERT INTO IMAGE (IMAGE_ID, ACCOMODATION_ID, IMAGE_URL) VALUES (1031, 61, 'https://a0.muscache.com/im/pictures/92482848-7582-4750-ae50-45019c5af1a2.jpg?im_w=720');
INSERT INTO IMAGE (IMAGE_ID, ACCOMODATION_ID, IMAGE_URL) VALUES (1032, 61, 'https://a0.muscache.com/im/pictures/0f783735-c2c1-4bd4-96f6-2933b750949b.jpg?im_w=720');
INSERT INTO IMAGE (IMAGE_ID, ACCOMODATION_ID, IMAGE_URL) VALUES (1033, 61, 'https://a0.muscache.com/im/pictures/f1139232-7967-4ccb-aedf-a3b2fa543b60.jpg?im_w=720');
INSERT INTO IMAGE (IMAGE_ID, ACCOMODATION_ID, IMAGE_URL) VALUES (1034, 61, 'https://a0.muscache.com/im/pictures/3bae5ff9-dd29-4a84-86f3-ccdbff97ad7f.jpg?im_w=720');
INSERT INTO IMAGE (IMAGE_ID, ACCOMODATION_ID, IMAGE_URL) VALUES (1035, 61, 'https://a0.muscache.com/im/pictures/d914cec8-8b9e-4bcb-88f5-6d25a0e5ebb0.jpg?im_w=720');
INSERT INTO IMAGE (IMAGE_ID, ACCOMODATION_ID, IMAGE_URL) VALUES (1036, 61, 'https://a0.muscache.com/im/pictures/d36a633e-addc-4bf2-876b-b7c468294f1e.jpg?im_w=720');
INSERT INTO IMAGE (IMAGE_ID, ACCOMODATION_ID, IMAGE_URL) VALUES (1037, 61, 'https://a0.muscache.com/im/pictures/737d0367-35cd-4c7d-b64a-b4cec376e9e8.jpg?im_w=720');
INSERT INTO IMAGE (IMAGE_ID, ACCOMODATION_ID, IMAGE_URL) VALUES (1038, 61, 'https://a0.muscache.com/im/pictures/f1bddbdb-14d8-4c87-90d4-07e4f663c634.jpg?im_w=720');
INSERT INTO IMAGE (IMAGE_ID, ACCOMODATION_ID, IMAGE_URL) VALUES (1039, 61, 'https://a0.muscache.com/im/pictures/18aa63d9-15e4-4b60-a3c3-951f32bfa09b.jpg?im_w=720');
INSERT INTO IMAGE (IMAGE_ID, ACCOMODATION_ID, IMAGE_URL) VALUES (1040, 61, 'https://a0.muscache.com/im/pictures/adb7593a-9566-4f02-83ad-6e9a39cd2d9f.jpg?im_w=720');
INSERT INTO IMAGE (IMAGE_ID, ACCOMODATION_ID, IMAGE_URL) VALUES (1041, 61, 'https://a0.muscache.com/im/pictures/90ebdae0-2496-418b-8ab5-3cbf1d1548b2.jpg?im_w=720');
INSERT INTO IMAGE (IMAGE_ID, ACCOMODATION_ID, IMAGE_URL) VALUES (1042, 61, 'https://a0.muscache.com/im/pictures/7640fbe3-30f9-4996-8d2b-dd0577bd22a4.jpg?im_w=720');
INSERT INTO IMAGE (IMAGE_ID, ACCOMODATION_ID, IMAGE_URL) VALUES (1043, 61, 'https://a0.muscache.com/im/pictures/2e01a55c-5c6b-4a47-b79b-17e509c74b6b.jpg?im_w=720');
INSERT INTO IMAGE (IMAGE_ID, ACCOMODATION_ID, IMAGE_URL) VALUES (1044, 61, 'https://a0.muscache.com/im/pictures/82cb57e1-29a7-4bc7-a6ab-99ebf7968435.jpg?im_w=720');
INSERT INTO IMAGE (IMAGE_ID, ACCOMODATION_ID, IMAGE_URL) VALUES (1045, 61, 'https://a0.muscache.com/im/pictures/9779b7b4-8395-4ec5-ad2d-7d69a77651d8.jpg?im_w=720');
INSERT INTO IMAGE (IMAGE_ID, ACCOMODATION_ID, IMAGE_URL) VALUES (1046, 61, 'https://a0.muscache.com/im/pictures/398164cd-6b02-4bed-9e0a-8bd5367a9a9d.jpg?im_w=720');
INSERT INTO IMAGE (IMAGE_ID, ACCOMODATION_ID, IMAGE_URL) VALUES (1047, 61, 'https://a0.muscache.com/im/pictures/96cd2f0d-09ce-4848-84af-e922c01167bd.jpg?im_w=720');
INSERT INTO IMAGE (IMAGE_ID, ACCOMODATION_ID, IMAGE_URL) VALUES (1048, 61, 'https://a0.muscache.com/im/pictures/bbe02d6a-f334-4aee-9392-c1e010ff483e.jpg?im_w=720');
INSERT INTO IMAGE (IMAGE_ID, ACCOMODATION_ID, IMAGE_URL) VALUES (1049, 61, 'https://a0.muscache.com/im/pictures/ff74f74f-0423-4e33-820b-eee451d0b52f.jpg?im_w=720');
INSERT INTO IMAGE (IMAGE_ID, ACCOMODATION_ID, IMAGE_URL) VALUES (1050, 61, 'https://a0.muscache.com/im/pictures/57bfbb27-f427-4150-a413-a10d6394096f.jpg?im_w=720');
INSERT INTO IMAGE (IMAGE_ID, ACCOMODATION_ID, IMAGE_URL) VALUES (1051, 61, 'https://a0.muscache.com/im/pictures/4d612d12-5b4e-463c-a42b-afa0a72e0518.jpg?im_w=720');
INSERT INTO IMAGE (IMAGE_ID, ACCOMODATION_ID, IMAGE_URL) VALUES (1052, 61, 'https://a0.muscache.com/im/pictures/2c973d2c-84fb-4523-b74e-a3decc74abd3.jpg?im_w=720');
INSERT INTO IMAGE (IMAGE_ID, ACCOMODATION_ID, IMAGE_URL) VALUES (1053, 61, 'https://a0.muscache.com/im/pictures/626ec57e-4001-4928-ab11-9709dc29945b.jpg?im_w=720');

INSERT INTO LOCATION (LOCATION_ID, LOCATION_NAME, COUNTRY, REGION, CITY, LATITUDE, LONGITUDE) VALUES (62, '지명62', ' 한국', ' 서울특별시', '동대문구', 37.58329, 127.05103);
INSERT INTO ACCOMODATION (`ACCOMODATION_ID`, `LOCATION_ID`, `ACCOMODATION_NAME`, `HOST_NAME`, `DISCRIPTION`, `ACCOMODATION_TYPE`, `PRICE`, `MAXIMUM_OCCUPANCY`, `AVERAGE_POINT`, `BED_ROOM`, `BATH_ROOM`, `BED_COUNT`,`OPTION`) VALUES (62, 62, '(Quarantine available) garden house Uni of Seoul', '호스트62', '설명62', '집 전체', 164646, 2, 9.2, 1, 1,1, '주방,무선 인터넷,에어컨');
INSERT INTO IMAGE (IMAGE_ID, ACCOMODATION_ID, IMAGE_URL) VALUES (1054, 62, 'https://a0.muscache.com/im/pictures/dd631db5-b666-4b22-a198-9a7a239bab26.jpg?im_w=720');
INSERT INTO IMAGE (IMAGE_ID, ACCOMODATION_ID, IMAGE_URL) VALUES (1055, 62, 'https://a0.muscache.com/im/pictures/2a88de3a-df6a-4ffa-b443-46fdf7e92ab7.jpg?im_w=720');
INSERT INTO IMAGE (IMAGE_ID, ACCOMODATION_ID, IMAGE_URL) VALUES (1056, 62, 'https://a0.muscache.com/im/pictures/355c2879-8925-493b-bbc0-5c55238e7213.jpg?im_w=720');
INSERT INTO IMAGE (IMAGE_ID, ACCOMODATION_ID, IMAGE_URL) VALUES (1057, 62, 'https://a0.muscache.com/im/pictures/a108f46d-f1d7-4cbe-b53b-4966c551ba8a.jpg?im_w=720');
INSERT INTO IMAGE (IMAGE_ID, ACCOMODATION_ID, IMAGE_URL) VALUES (1058, 62, 'https://a0.muscache.com/im/pictures/06c664a3-dd15-4ec3-9bbc-5b63378d8948.jpg?im_w=720');
INSERT INTO IMAGE (IMAGE_ID, ACCOMODATION_ID, IMAGE_URL) VALUES (1059, 62, 'https://a0.muscache.com/im/pictures/2847520a-179a-47c8-ad55-cd0536e677c6.jpg?im_w=720');
INSERT INTO IMAGE (IMAGE_ID, ACCOMODATION_ID, IMAGE_URL) VALUES (1060, 62, 'https://a0.muscache.com/im/pictures/8dce2b29-9c44-406f-ae3c-ffcb2f41023e.jpg?im_w=720');
INSERT INTO IMAGE (IMAGE_ID, ACCOMODATION_ID, IMAGE_URL) VALUES (1061, 62, 'https://a0.muscache.com/im/pictures/8d1682aa-229d-4f25-ae68-a99c2b696504.jpg?im_w=720');
INSERT INTO IMAGE (IMAGE_ID, ACCOMODATION_ID, IMAGE_URL) VALUES (1062, 62, 'https://a0.muscache.com/im/pictures/57da27fa-5b42-4174-96c5-5018aa5bb279.jpg?im_w=720');
INSERT INTO IMAGE (IMAGE_ID, ACCOMODATION_ID, IMAGE_URL) VALUES (1063, 62, 'https://a0.muscache.com/im/pictures/7a7c6348-42ba-4ef8-abe8-c4b78d509846.jpg?im_w=720');

INSERT INTO LOCATION (LOCATION_ID, LOCATION_NAME, COUNTRY, REGION, CITY, LATITUDE, LONGITUDE) VALUES (63, '지명63', ' 한국', ' 서울', '성북구', 37.58858, 127.01048);
INSERT INTO ACCOMODATION (`ACCOMODATION_ID`, `LOCATION_ID`, `ACCOMODATION_NAME`, `HOST_NAME`, `DISCRIPTION`, `ACCOMODATION_TYPE`, `PRICE`, `MAXIMUM_OCCUPANCY`, `AVERAGE_POINT`, `BED_ROOM`, `BATH_ROOM`, `BED_COUNT`,`OPTION`) VALUES (63, 63, 'Kevins home 4 (For one person.)', '호스트63', '설명63', '집 전체', 584611, 1, 2.4, 1, 1,1, '주방,무선 인터넷,에어컨,헤어드라이어');
INSERT INTO IMAGE (IMAGE_ID, ACCOMODATION_ID, IMAGE_URL) VALUES (1064, 63, 'https://a0.muscache.com/im/pictures/fbc67f20-8189-48bf-adf6-3f66a9bf1d21.jpg?im_w=720');
INSERT INTO IMAGE (IMAGE_ID, ACCOMODATION_ID, IMAGE_URL) VALUES (1065, 63, 'https://a0.muscache.com/im/pictures/66c121b0-cf6d-4a6e-bbdf-0e05b795de66.jpg?im_w=720');
INSERT INTO IMAGE (IMAGE_ID, ACCOMODATION_ID, IMAGE_URL) VALUES (1066, 63, 'https://a0.muscache.com/im/pictures/348d680e-2f2c-4061-8f38-7bc406aa557b.jpg?im_w=720');
INSERT INTO IMAGE (IMAGE_ID, ACCOMODATION_ID, IMAGE_URL) VALUES (1067, 63, 'https://a0.muscache.com/im/pictures/522aeb37-8e66-4404-a898-b4fbd59e9762.jpg?im_w=720');
INSERT INTO IMAGE (IMAGE_ID, ACCOMODATION_ID, IMAGE_URL) VALUES (1068, 63, 'https://a0.muscache.com/im/pictures/ccfe2fd0-3dbe-46b3-b224-2baf9e6b4bd1.jpg?im_w=720');
INSERT INTO IMAGE (IMAGE_ID, ACCOMODATION_ID, IMAGE_URL) VALUES (1069, 63, 'https://a0.muscache.com/im/pictures/a3a35671-2685-488f-b07b-cd65006a7e76.jpg?im_w=720');
INSERT INTO IMAGE (IMAGE_ID, ACCOMODATION_ID, IMAGE_URL) VALUES (1070, 63, 'https://a0.muscache.com/im/pictures/d4d7f4ab-b0c8-408a-b5e9-85cee6efabca.jpg?im_w=720');
INSERT INTO IMAGE (IMAGE_ID, ACCOMODATION_ID, IMAGE_URL) VALUES (1071, 63, 'https://a0.muscache.com/im/pictures/881b1dfc-5bc0-456f-89fb-fb4363b750f1.jpg?im_w=720');
INSERT INTO IMAGE (IMAGE_ID, ACCOMODATION_ID, IMAGE_URL) VALUES (1072, 63, 'https://a0.muscache.com/im/pictures/009ba5fe-f1c5-4cb0-b5c3-b66bc0e12306.jpg?im_w=720');
INSERT INTO IMAGE (IMAGE_ID, ACCOMODATION_ID, IMAGE_URL) VALUES (1073, 63, 'https://a0.muscache.com/im/pictures/7514c323-bd96-41e4-b0fb-883210473105.jpg?im_w=720');
INSERT INTO IMAGE (IMAGE_ID, ACCOMODATION_ID, IMAGE_URL) VALUES (1074, 63, 'https://a0.muscache.com/im/pictures/cccc346c-d2c8-404a-86b8-55906e2198d4.jpg?im_w=720');
INSERT INTO IMAGE (IMAGE_ID, ACCOMODATION_ID, IMAGE_URL) VALUES (1075, 63, 'https://a0.muscache.com/im/pictures/a9afd1f7-57c1-41f2-8eb7-eeb15e7a1a2f.jpg?im_w=720');
INSERT INTO IMAGE (IMAGE_ID, ACCOMODATION_ID, IMAGE_URL) VALUES (1076, 63, 'https://a0.muscache.com/im/pictures/614d814e-d5b0-4259-8870-1eced723bb61.jpg?im_w=720');
INSERT INTO IMAGE (IMAGE_ID, ACCOMODATION_ID, IMAGE_URL) VALUES (1077, 63, 'https://a0.muscache.com/im/pictures/0aff14a8-a217-42cb-9c45-a57d51f209de.jpg?im_w=720');
INSERT INTO IMAGE (IMAGE_ID, ACCOMODATION_ID, IMAGE_URL) VALUES (1078, 63, 'https://a0.muscache.com/im/pictures/64c53c3a-a204-42f5-8f68-4440c7f479dc.jpg?im_w=720');
INSERT INTO IMAGE (IMAGE_ID, ACCOMODATION_ID, IMAGE_URL) VALUES (1079, 63, 'https://a0.muscache.com/im/pictures/b2b2a2ed-1022-46e5-855f-75ae3bc3c9e6.jpg?im_w=720');
INSERT INTO IMAGE (IMAGE_ID, ACCOMODATION_ID, IMAGE_URL) VALUES (1080, 63, 'https://a0.muscache.com/im/pictures/825cd756-eceb-4818-bd46-b14dc6371970.jpg?im_w=720');
INSERT INTO IMAGE (IMAGE_ID, ACCOMODATION_ID, IMAGE_URL) VALUES (1081, 63, 'https://a0.muscache.com/im/pictures/ec6bdb2f-0ce4-430c-8445-c5ca06b3ba70.jpg?im_w=720');
INSERT INTO IMAGE (IMAGE_ID, ACCOMODATION_ID, IMAGE_URL) VALUES (1082, 63, 'https://a0.muscache.com/im/pictures/c9e2f1a8-2593-4106-81c6-796568ffb067.jpg?im_w=720');
INSERT INTO IMAGE (IMAGE_ID, ACCOMODATION_ID, IMAGE_URL) VALUES (1083, 63, 'https://a0.muscache.com/im/pictures/ba3c093c-1572-488f-84d5-cdaa41a594f5.jpg?im_w=720');

INSERT INTO LOCATION (LOCATION_ID, LOCATION_NAME, COUNTRY, REGION, CITY, LATITUDE, LONGITUDE) VALUES (64, '지명64', ' 서울', ' Jongno-gu', 'Ihwa-dong', 37.57761, 127.00618);
INSERT INTO ACCOMODATION (`ACCOMODATION_ID`, `LOCATION_ID`, `ACCOMODATION_NAME`, `HOST_NAME`, `DISCRIPTION`, `ACCOMODATION_TYPE`, `PRICE`, `MAXIMUM_OCCUPANCY`, `AVERAGE_POINT`, `BED_ROOM`, `BATH_ROOM`, `BED_COUNT`,`OPTION`) VALUES (64, 64, '대학로 Mins House B02', '호스트64', '설명64', '집 전체', 424023, 4, 7.7, 1, 0,1, '주방,무선 인터넷,에어컨,헤어드라이어');
INSERT INTO IMAGE (IMAGE_ID, ACCOMODATION_ID, IMAGE_URL) VALUES (1084, 64, 'https://a0.muscache.com/im/pictures/5a85375c-737f-4a30-86cc-8b163ea72c94.jpg?im_w=720');
INSERT INTO IMAGE (IMAGE_ID, ACCOMODATION_ID, IMAGE_URL) VALUES (1085, 64, 'https://a0.muscache.com/im/pictures/a445c628-8d92-4c36-a1a7-45db1738940c.jpg?im_w=720');
INSERT INTO IMAGE (IMAGE_ID, ACCOMODATION_ID, IMAGE_URL) VALUES (1086, 64, 'https://a0.muscache.com/im/pictures/16bb43af-265d-461f-a7a1-53d9c96c9581.jpg?im_w=720');
INSERT INTO IMAGE (IMAGE_ID, ACCOMODATION_ID, IMAGE_URL) VALUES (1087, 64, 'https://a0.muscache.com/im/pictures/31793bed-b861-4fe4-9346-7b6f4712447f.jpg?im_w=720');
INSERT INTO IMAGE (IMAGE_ID, ACCOMODATION_ID, IMAGE_URL) VALUES (1088, 64, 'https://a0.muscache.com/im/pictures/6cc808ea-f5fe-4537-bd86-d638bb817a44.jpg?im_w=720');
INSERT INTO IMAGE (IMAGE_ID, ACCOMODATION_ID, IMAGE_URL) VALUES (1089, 64, 'https://a0.muscache.com/im/pictures/cfb2b83e-290e-405b-97a6-59772c3d3885.jpg?im_w=720');
INSERT INTO IMAGE (IMAGE_ID, ACCOMODATION_ID, IMAGE_URL) VALUES (1090, 64, 'https://a0.muscache.com/im/pictures/fc3c6110-9962-4d58-ac8b-37f0c20c12cb.jpg?im_w=720');
INSERT INTO IMAGE (IMAGE_ID, ACCOMODATION_ID, IMAGE_URL) VALUES (1091, 64, 'https://a0.muscache.com/im/pictures/72de124f-1578-44fd-9942-a6675c7e5c2e.jpg?im_w=720');
INSERT INTO IMAGE (IMAGE_ID, ACCOMODATION_ID, IMAGE_URL) VALUES (1092, 64, 'https://a0.muscache.com/im/pictures/90b0b4af-83e2-4604-a83c-b28295d901a2.jpg?im_w=720');
INSERT INTO IMAGE (IMAGE_ID, ACCOMODATION_ID, IMAGE_URL) VALUES (1093, 64, 'https://a0.muscache.com/im/pictures/3d0fb1c0-904f-458b-a64a-e48519858123.jpg?im_w=720');
INSERT INTO IMAGE (IMAGE_ID, ACCOMODATION_ID, IMAGE_URL) VALUES (1094, 64, 'https://a0.muscache.com/im/pictures/3d1dd15b-10f3-49ca-96e1-6b8fc365ddbb.jpg?im_w=720');
INSERT INTO IMAGE (IMAGE_ID, ACCOMODATION_ID, IMAGE_URL) VALUES (1095, 64, 'https://a0.muscache.com/im/pictures/fc814ec3-3929-49c1-b33b-1b809f2a0af6.jpg?im_w=720');
INSERT INTO IMAGE (IMAGE_ID, ACCOMODATION_ID, IMAGE_URL) VALUES (1096, 64, 'https://a0.muscache.com/im/pictures/74e15ca2-b1ad-4e0a-8283-43170169b112.jpg?im_w=720');
INSERT INTO IMAGE (IMAGE_ID, ACCOMODATION_ID, IMAGE_URL) VALUES (1097, 64, 'https://a0.muscache.com/im/pictures/9939043f-1c07-454e-8525-e47fc7334b07.jpg?im_w=720');
INSERT INTO IMAGE (IMAGE_ID, ACCOMODATION_ID, IMAGE_URL) VALUES (1098, 64, 'https://a0.muscache.com/im/pictures/97c8b2ea-70b9-495d-8ed2-4644c23b01d9.jpg?im_w=720');
INSERT INTO IMAGE (IMAGE_ID, ACCOMODATION_ID, IMAGE_URL) VALUES (1099, 64, 'https://a0.muscache.com/im/pictures/0ad01158-adf3-4914-9ec3-8f2d24289a84.jpg?im_w=720');

INSERT INTO LOCATION (LOCATION_ID, LOCATION_NAME, COUNTRY, REGION, CITY, LATITUDE, LONGITUDE) VALUES (65, '지명65', ' 한국', ' 서울', '종로구', 37.57603, 127.02161);
INSERT INTO ACCOMODATION (`ACCOMODATION_ID`, `LOCATION_ID`, `ACCOMODATION_NAME`, `HOST_NAME`, `DISCRIPTION`, `ACCOMODATION_TYPE`, `PRICE`, `MAXIMUM_OCCUPANCY`, `AVERAGE_POINT`, `BED_ROOM`, `BATH_ROOM`, `BED_COUNT`,`OPTION`) VALUES (65, 65, 'dmyk_Carre', '호스트65', '설명65', '집 전체', 780308, 2, 9.3, 0, 1,0, '무선 인터넷,에어컨,헤어드라이어');
INSERT INTO IMAGE (IMAGE_ID, ACCOMODATION_ID, IMAGE_URL) VALUES (1100, 65, 'https://a0.muscache.com/im/pictures/35ecadd2-da5d-4db1-92bd-867ec152921d.jpg?im_w=720');
INSERT INTO IMAGE (IMAGE_ID, ACCOMODATION_ID, IMAGE_URL) VALUES (1101, 65, 'https://a0.muscache.com/im/pictures/5e1185eb-f9fc-43fe-a398-0ed7c49bfdbd.jpg?im_w=720');
INSERT INTO IMAGE (IMAGE_ID, ACCOMODATION_ID, IMAGE_URL) VALUES (1102, 65, 'https://a0.muscache.com/im/pictures/3ac4c49b-f4b0-4c37-b99f-420ff88f0292.jpg?im_w=720');
INSERT INTO IMAGE (IMAGE_ID, ACCOMODATION_ID, IMAGE_URL) VALUES (1103, 65, 'https://a0.muscache.com/im/pictures/a530684f-96f3-4116-a3c4-cd3bf7806d1f.jpg?im_w=720');
INSERT INTO IMAGE (IMAGE_ID, ACCOMODATION_ID, IMAGE_URL) VALUES (1104, 65, 'https://a0.muscache.com/im/pictures/332e7ca4-9318-4511-9b44-b4b54ef1250c.jpg?im_w=720');
INSERT INTO IMAGE (IMAGE_ID, ACCOMODATION_ID, IMAGE_URL) VALUES (1105, 65, 'https://a0.muscache.com/im/pictures/51fe9399-c4a2-4f2c-a5b6-c820b0535ebe.jpg?im_w=720');
INSERT INTO IMAGE (IMAGE_ID, ACCOMODATION_ID, IMAGE_URL) VALUES (1106, 65, 'https://a0.muscache.com/im/pictures/d1f6561f-ed8c-4b50-a0d0-1650e7a2a44d.jpg?im_w=720');
INSERT INTO IMAGE (IMAGE_ID, ACCOMODATION_ID, IMAGE_URL) VALUES (1107, 65, 'https://a0.muscache.com/im/pictures/015724ab-56d9-4336-a7dd-34920d3f89a7.jpg?im_w=720');
INSERT INTO IMAGE (IMAGE_ID, ACCOMODATION_ID, IMAGE_URL) VALUES (1108, 65, 'https://a0.muscache.com/im/pictures/47864437-e142-4d74-aba9-42770d949a80.jpg?im_w=720');
INSERT INTO IMAGE (IMAGE_ID, ACCOMODATION_ID, IMAGE_URL) VALUES (1109, 65, 'https://a0.muscache.com/im/pictures/d7f59f60-4752-4c43-9225-793095ba8638.jpg?im_w=720');
INSERT INTO IMAGE (IMAGE_ID, ACCOMODATION_ID, IMAGE_URL) VALUES (1110, 65, 'https://a0.muscache.com/im/pictures/858f355f-e9e9-4467-b193-8cea445381eb.jpg?im_w=720');

INSERT INTO LOCATION (LOCATION_ID, LOCATION_NAME, COUNTRY, REGION, CITY, LATITUDE, LONGITUDE) VALUES (66, '지명66', ' 한국', ' 서울', '종로구', 37.57426, 127.0204);
INSERT INTO ACCOMODATION (`ACCOMODATION_ID`, `LOCATION_ID`, `ACCOMODATION_NAME`, `HOST_NAME`, `DISCRIPTION`, `ACCOMODATION_TYPE`, `PRICE`, `MAXIMUM_OCCUPANCY`, `AVERAGE_POINT`, `BED_ROOM`, `BATH_ROOM`, `BED_COUNT`,`OPTION`) VALUES (66, 66, 'dmyk_Hachure"', '호스트66', '설명66', '집 전체', 583602, 2, 8.5, 0, 1,0, '무선 인터넷,에어컨,헤어드라이어');
INSERT INTO IMAGE (IMAGE_ID, ACCOMODATION_ID, IMAGE_URL) VALUES (1111, 66, 'https://a0.muscache.com/im/pictures/3428dcfb-ca43-45d5-aeec-5c0f11f7c39b.jpg?im_w=720');
INSERT INTO IMAGE (IMAGE_ID, ACCOMODATION_ID, IMAGE_URL) VALUES (1112, 66, 'https://a0.muscache.com/im/pictures/fbad6a88-fe0e-410d-a827-0ea865d9a186.jpg?im_w=720');
INSERT INTO IMAGE (IMAGE_ID, ACCOMODATION_ID, IMAGE_URL) VALUES (1113, 66, 'https://a0.muscache.com/im/pictures/6f014ffd-c1e8-4626-b98d-762b7148119f.jpg?im_w=720');
INSERT INTO IMAGE (IMAGE_ID, ACCOMODATION_ID, IMAGE_URL) VALUES (1114, 66, 'https://a0.muscache.com/im/pictures/9580d656-346c-4184-9b0d-1a2b5833f1a2.jpg?im_w=720');
INSERT INTO IMAGE (IMAGE_ID, ACCOMODATION_ID, IMAGE_URL) VALUES (1115, 66, 'https://a0.muscache.com/im/pictures/da1e3bb9-0f89-48a8-85e8-10c854d96284.jpg?im_w=720');
INSERT INTO IMAGE (IMAGE_ID, ACCOMODATION_ID, IMAGE_URL) VALUES (1116, 66, 'https://a0.muscache.com/im/pictures/e0122193-b343-47d8-9191-28f7bc1e7c16.jpg?im_w=720');
INSERT INTO IMAGE (IMAGE_ID, ACCOMODATION_ID, IMAGE_URL) VALUES (1117, 66, 'https://a0.muscache.com/im/pictures/db179a3e-0836-4283-93b6-1258ef7db2c1.jpg?im_w=720');
INSERT INTO IMAGE (IMAGE_ID, ACCOMODATION_ID, IMAGE_URL) VALUES (1118, 66, 'https://a0.muscache.com/im/pictures/5b79fb8c-77b3-4d40-9dc0-ce37a9c2a335.jpg?im_w=720');
INSERT INTO IMAGE (IMAGE_ID, ACCOMODATION_ID, IMAGE_URL) VALUES (1119, 66, 'https://a0.muscache.com/im/pictures/e84d91a5-8b2e-4e08-b6ac-52f3edd947ab.jpg?im_w=720');
INSERT INTO IMAGE (IMAGE_ID, ACCOMODATION_ID, IMAGE_URL) VALUES (1120, 66, 'https://a0.muscache.com/im/pictures/d7db13b0-b19e-4932-b2fc-0ea7ae5828cd.jpg?im_w=720');
INSERT INTO IMAGE (IMAGE_ID, ACCOMODATION_ID, IMAGE_URL) VALUES (1121, 66, 'https://a0.muscache.com/im/pictures/1d2afd83-464d-4c30-9734-9d993fd41068.jpg?im_w=720');

INSERT INTO LOCATION (LOCATION_ID, LOCATION_NAME, COUNTRY, REGION, CITY, LATITUDE, LONGITUDE) VALUES (67, '지명67', ' 서울', ' Jongno-gu', 'Changsin 1(il)-dong', 37.57044, 127.01362);
INSERT INTO ACCOMODATION (`ACCOMODATION_ID`, `LOCATION_ID`, `ACCOMODATION_NAME`, `HOST_NAME`, `DISCRIPTION`, `ACCOMODATION_TYPE`, `PRICE`, `MAXIMUM_OCCUPANCY`, `AVERAGE_POINT`, `BED_ROOM`, `BATH_ROOM`, `BED_COUNT`,`OPTION`) VALUES (67, 67, '[Single room1]Hotel Gaon GoldenPark in Dongdaemun', '호스트67', '설명67', '개인실', 466489, 1, 1.8, 1, 1,1, '주방,무선 인터넷,에어컨,헤어드라이어');
INSERT INTO IMAGE (IMAGE_ID, ACCOMODATION_ID, IMAGE_URL) VALUES (1122, 67, 'https://a0.muscache.com/im/pictures/9f95fb4d-9266-40ab-9ad5-f7ef6ea5dff8.jpg?im_w=720');
INSERT INTO IMAGE (IMAGE_ID, ACCOMODATION_ID, IMAGE_URL) VALUES (1123, 67, 'https://a0.muscache.com/im/pictures/17cb0fcb-00db-4de5-a9f8-ca76ec8b7215.jpg?im_w=720');
INSERT INTO IMAGE (IMAGE_ID, ACCOMODATION_ID, IMAGE_URL) VALUES (1124, 67, 'https://a0.muscache.com/im/pictures/c9277272-ebbb-497c-be74-b5fcebe340c5.jpg?im_w=720');
INSERT INTO IMAGE (IMAGE_ID, ACCOMODATION_ID, IMAGE_URL) VALUES (1125, 67, 'https://a0.muscache.com/im/pictures/629959d4-c48f-4735-9d5f-c8a3f56271fb.jpg?im_w=720');
INSERT INTO IMAGE (IMAGE_ID, ACCOMODATION_ID, IMAGE_URL) VALUES (1126, 67, 'https://a0.muscache.com/im/pictures/b397329e-831f-41bd-9ab8-9ea79f0aa340.jpg?im_w=720');
INSERT INTO IMAGE (IMAGE_ID, ACCOMODATION_ID, IMAGE_URL) VALUES (1127, 67, 'https://a0.muscache.com/im/pictures/10c3c6b4-a5b2-40ea-b556-9d1397f2f023.jpg?im_w=720');
INSERT INTO IMAGE (IMAGE_ID, ACCOMODATION_ID, IMAGE_URL) VALUES (1128, 67, 'https://a0.muscache.com/im/pictures/fef9b3fa-bdfd-4ee3-ae4b-805ea31d4703.jpg?im_w=720');
INSERT INTO IMAGE (IMAGE_ID, ACCOMODATION_ID, IMAGE_URL) VALUES (1129, 67, 'https://a0.muscache.com/im/pictures/2e06397b-9ed4-4261-b87f-707d32208235.jpg?im_w=720');
INSERT INTO IMAGE (IMAGE_ID, ACCOMODATION_ID, IMAGE_URL) VALUES (1130, 67, 'https://a0.muscache.com/im/pictures/3752b656-f2e8-4dea-ac49-f7d87e5af1ea.jpg?im_w=720');
INSERT INTO IMAGE (IMAGE_ID, ACCOMODATION_ID, IMAGE_URL) VALUES (1131, 67, 'https://a0.muscache.com/im/pictures/45c68868-a317-42e4-b983-9696b80437da.jpg?im_w=720');
INSERT INTO IMAGE (IMAGE_ID, ACCOMODATION_ID, IMAGE_URL) VALUES (1132, 67, 'https://a0.muscache.com/im/pictures/17f11773-db17-416a-a486-0a57c019396a.jpg?im_w=720');
INSERT INTO IMAGE (IMAGE_ID, ACCOMODATION_ID, IMAGE_URL) VALUES (1133, 67, 'https://a0.muscache.com/im/pictures/443d469c-3a86-4a27-bbb9-8cb5caecf083.jpg?im_w=720');

INSERT INTO LOCATION (LOCATION_ID, LOCATION_NAME, COUNTRY, REGION, CITY, LATITUDE, LONGITUDE) VALUES (68, '지명68', ' 한국', ' 서울', '종로구', 37.56833, 126.99045);
INSERT INTO ACCOMODATION (`ACCOMODATION_ID`, `LOCATION_ID`, `ACCOMODATION_NAME`, `HOST_NAME`, `DISCRIPTION`, `ACCOMODATION_TYPE`, `PRICE`, `MAXIMUM_OCCUPANCY`, `AVERAGE_POINT`, `BED_ROOM`, `BATH_ROOM`, `BED_COUNT`,`OPTION`) VALUES (68, 68, '종로3가역 학원가 중심 탑골공원근처  가성비 갑 숙소 - 2', '호스트68', '설명68', '개인실', 869649, 1, 3.6, 1, 1,1, '주방,무선 인터넷,에어컨,헤어드라이어');
INSERT INTO IMAGE (IMAGE_ID, ACCOMODATION_ID, IMAGE_URL) VALUES (1134, 68, 'https://a0.muscache.com/im/pictures/65e75106-eded-466e-a6df-d9f180e0cee8.jpg?im_w=720');
INSERT INTO IMAGE (IMAGE_ID, ACCOMODATION_ID, IMAGE_URL) VALUES (1135, 68, 'https://a0.muscache.com/im/pictures/d77acbe8-124d-42a7-9409-5ecfe6582972.jpg?im_w=720');
INSERT INTO IMAGE (IMAGE_ID, ACCOMODATION_ID, IMAGE_URL) VALUES (1136, 68, 'https://a0.muscache.com/im/pictures/77121720-a331-49c4-9307-102de63381e0.jpg?im_w=720');
INSERT INTO IMAGE (IMAGE_ID, ACCOMODATION_ID, IMAGE_URL) VALUES (1137, 68, 'https://a0.muscache.com/im/pictures/889b0a61-a4d3-4fc5-bb55-bc28fc41571e.jpg?im_w=720');
INSERT INTO IMAGE (IMAGE_ID, ACCOMODATION_ID, IMAGE_URL) VALUES (1138, 68, 'https://a0.muscache.com/im/pictures/017db03f-2aa1-4bee-92bd-7041a3cfd86e.jpg?im_w=720');
INSERT INTO IMAGE (IMAGE_ID, ACCOMODATION_ID, IMAGE_URL) VALUES (1139, 68, 'https://a0.muscache.com/im/pictures/345bacda-161c-4548-8ed9-6d18d7f709ca.jpg?im_w=720');
INSERT INTO IMAGE (IMAGE_ID, ACCOMODATION_ID, IMAGE_URL) VALUES (1140, 68, 'https://a0.muscache.com/im/pictures/eacd0d08-b7dc-440f-b231-c909a5a41431.jpg?im_w=720');
INSERT INTO IMAGE (IMAGE_ID, ACCOMODATION_ID, IMAGE_URL) VALUES (1141, 68, 'https://a0.muscache.com/im/pictures/785cb5d8-007a-495a-b32f-390552619602.jpg?im_w=720');
INSERT INTO IMAGE (IMAGE_ID, ACCOMODATION_ID, IMAGE_URL) VALUES (1142, 68, 'https://a0.muscache.com/im/pictures/4045d0a3-1d60-42ec-aba5-622384f60100.jpg?im_w=720');
INSERT INTO IMAGE (IMAGE_ID, ACCOMODATION_ID, IMAGE_URL) VALUES (1143, 68, 'https://a0.muscache.com/im/pictures/256170ab-0050-44a6-b39e-febf1dea4648.jpg?im_w=720');
INSERT INTO IMAGE (IMAGE_ID, ACCOMODATION_ID, IMAGE_URL) VALUES (1144, 68, 'https://a0.muscache.com/im/pictures/4d48667b-2bc2-4874-9e53-dc44c35b8ac4.jpg?im_w=720');
INSERT INTO IMAGE (IMAGE_ID, ACCOMODATION_ID, IMAGE_URL) VALUES (1145, 68, 'https://a0.muscache.com/im/pictures/364a66dc-89f1-4a70-9199-d05133bc140f.jpg?im_w=720');
INSERT INTO IMAGE (IMAGE_ID, ACCOMODATION_ID, IMAGE_URL) VALUES (1146, 68, 'https://a0.muscache.com/im/pictures/ab0e20d0-8b11-4419-8ea6-6ddec9527228.jpg?im_w=720');

INSERT INTO LOCATION (LOCATION_ID, LOCATION_NAME, COUNTRY, REGION, CITY, LATITUDE, LONGITUDE) VALUES (69, '지명69', ' 서울', ' Jongno-gu', 'Waryong-dong', 37.57755, 126.99208);
INSERT INTO ACCOMODATION (`ACCOMODATION_ID`, `LOCATION_ID`, `ACCOMODATION_NAME`, `HOST_NAME`, `DISCRIPTION`, `ACCOMODATION_TYPE`, `PRICE`, `MAXIMUM_OCCUPANCY`, `AVERAGE_POINT`, `BED_ROOM`, `BATH_ROOM`, `BED_COUNT`,`OPTION`) VALUES (69, 69, '익선동의 핫플 감성적인 곳에서 추억 쌓으시기를 바라며^^ 넷플릭스 가능!!', '호스트69', '설명69', '개인실', 607482, 2, 3.1, 0, 1,0, '무선 인터넷,에어컨,헤어드라이어');
INSERT INTO IMAGE (IMAGE_ID, ACCOMODATION_ID, IMAGE_URL) VALUES (1147, 69, 'https://a0.muscache.com/im/pictures/99e509ad-87ca-4613-9270-a958f4a05e5e.jpg?im_w=720');
INSERT INTO IMAGE (IMAGE_ID, ACCOMODATION_ID, IMAGE_URL) VALUES (1148, 69, 'https://a0.muscache.com/im/pictures/604eb017-5620-4b59-a040-0327fa8006ff.jpg?im_w=720');
INSERT INTO IMAGE (IMAGE_ID, ACCOMODATION_ID, IMAGE_URL) VALUES (1149, 69, 'https://a0.muscache.com/im/pictures/f0345a79-1369-4002-ac1d-9b16b977dbfc.jpg?im_w=720');
INSERT INTO IMAGE (IMAGE_ID, ACCOMODATION_ID, IMAGE_URL) VALUES (1150, 69, 'https://a0.muscache.com/im/pictures/f6c0e74a-9953-4d7d-9650-99dfe8fb718c.jpg?im_w=720');
INSERT INTO IMAGE (IMAGE_ID, ACCOMODATION_ID, IMAGE_URL) VALUES (1151, 69, 'https://a0.muscache.com/im/pictures/07a31447-31bb-4f3c-88bd-6dd5f498b5d4.jpg?im_w=720');
INSERT INTO IMAGE (IMAGE_ID, ACCOMODATION_ID, IMAGE_URL) VALUES (1152, 69, 'https://a0.muscache.com/im/pictures/a4c27be6-a845-4b78-8801-ed131efe9526.jpg?im_w=720');
INSERT INTO IMAGE (IMAGE_ID, ACCOMODATION_ID, IMAGE_URL) VALUES (1153, 69, 'https://a0.muscache.com/im/pictures/012fed7f-1afd-4636-a3c8-daed4b2bb77a.jpg?im_w=720');
INSERT INTO IMAGE (IMAGE_ID, ACCOMODATION_ID, IMAGE_URL) VALUES (1154, 69, 'https://a0.muscache.com/im/pictures/e69b470c-7aa5-4953-9a30-d9f8e80e6067.jpg?im_w=720');
INSERT INTO IMAGE (IMAGE_ID, ACCOMODATION_ID, IMAGE_URL) VALUES (1155, 69, 'https://a0.muscache.com/im/pictures/1b611825-1fd5-471f-9a3f-d7ccbeeae5a2.jpg?im_w=720');
INSERT INTO IMAGE (IMAGE_ID, ACCOMODATION_ID, IMAGE_URL) VALUES (1156, 69, 'https://a0.muscache.com/im/pictures/fe079794-3817-4532-a6f8-e2181917658a.jpg?im_w=720');
INSERT INTO IMAGE (IMAGE_ID, ACCOMODATION_ID, IMAGE_URL) VALUES (1157, 69, 'https://a0.muscache.com/im/pictures/75d982b8-4f39-4827-b306-48e2273e4071.jpg?im_w=720');
INSERT INTO IMAGE (IMAGE_ID, ACCOMODATION_ID, IMAGE_URL) VALUES (1158, 69, 'https://a0.muscache.com/im/pictures/90ba5fa1-48dc-44be-9aab-abd83bc3f4de.jpg?im_w=720');
INSERT INTO IMAGE (IMAGE_ID, ACCOMODATION_ID, IMAGE_URL) VALUES (1159, 69, 'https://a0.muscache.com/im/pictures/9eaa321a-89fe-47d9-8be5-eb72a78eac3f.jpg?im_w=720');
INSERT INTO IMAGE (IMAGE_ID, ACCOMODATION_ID, IMAGE_URL) VALUES (1160, 69, 'https://a0.muscache.com/im/pictures/f5cfcdeb-2386-4cb7-9c7d-bf6df5c72eb2.jpg?im_w=720');
INSERT INTO IMAGE (IMAGE_ID, ACCOMODATION_ID, IMAGE_URL) VALUES (1161, 69, 'https://a0.muscache.com/im/pictures/d9352916-4d14-4d39-b08e-e24f2886cc3a.jpg?im_w=720');
INSERT INTO IMAGE (IMAGE_ID, ACCOMODATION_ID, IMAGE_URL) VALUES (1162, 69, 'https://a0.muscache.com/im/pictures/f3368a21-8efe-49b4-89f5-cccf165a2a14.jpg?im_w=720');
INSERT INTO IMAGE (IMAGE_ID, ACCOMODATION_ID, IMAGE_URL) VALUES (1163, 69, 'https://a0.muscache.com/im/pictures/33289afe-877e-46b8-94b1-b1f5a934c9b7.jpg?im_w=720');
INSERT INTO IMAGE (IMAGE_ID, ACCOMODATION_ID, IMAGE_URL) VALUES (1164, 69, 'https://a0.muscache.com/im/pictures/84713848-c384-4c93-88d7-527da5484f5c.jpg?im_w=720');
INSERT INTO IMAGE (IMAGE_ID, ACCOMODATION_ID, IMAGE_URL) VALUES (1165, 69, 'https://a0.muscache.com/im/pictures/c1a35b17-ea20-49ba-b8e0-bd1a3cbddf81.jpg?im_w=720');
INSERT INTO IMAGE (IMAGE_ID, ACCOMODATION_ID, IMAGE_URL) VALUES (1166, 69, 'https://a0.muscache.com/im/pictures/202a9f09-f316-4294-89b0-015d21974f08.jpg?im_w=720');
INSERT INTO IMAGE (IMAGE_ID, ACCOMODATION_ID, IMAGE_URL) VALUES (1167, 69, 'https://a0.muscache.com/im/pictures/334ade29-6cf5-4076-8ab6-626dff3675e8.jpg?im_w=720');
INSERT INTO IMAGE (IMAGE_ID, ACCOMODATION_ID, IMAGE_URL) VALUES (1168, 69, 'https://a0.muscache.com/im/pictures/62d4a0b2-78bb-4882-8e89-747462e066d0.jpg?im_w=720');
INSERT INTO IMAGE (IMAGE_ID, ACCOMODATION_ID, IMAGE_URL) VALUES (1169, 69, 'https://a0.muscache.com/im/pictures/0aad8c2c-16b8-4a57-bc3f-c3e6f617dd54.jpg?im_w=720');
INSERT INTO IMAGE (IMAGE_ID, ACCOMODATION_ID, IMAGE_URL) VALUES (1170, 69, 'https://a0.muscache.com/im/pictures/931a1cb3-f04f-4f4e-99e2-21f1fb7d714a.jpg?im_w=720');
INSERT INTO IMAGE (IMAGE_ID, ACCOMODATION_ID, IMAGE_URL) VALUES (1171, 69, 'https://a0.muscache.com/im/pictures/fcb3c6d1-385f-412a-aa15-659ae0afbab3.jpg?im_w=720');

INSERT INTO LOCATION (LOCATION_ID, LOCATION_NAME, COUNTRY, REGION, CITY, LATITUDE, LONGITUDE) VALUES (70, '지명70', ' 서울', ' Jongno-gu', 'Jongno 1(il).2(i).3(sam).4(sa)', 37.57591, 126.99209);
INSERT INTO ACCOMODATION (`ACCOMODATION_ID`, `LOCATION_ID`, `ACCOMODATION_NAME`, `HOST_NAME`, `DISCRIPTION`, `ACCOMODATION_TYPE`, `PRICE`, `MAXIMUM_OCCUPANCY`, `AVERAGE_POINT`, `BED_ROOM`, `BATH_ROOM`, `BED_COUNT`,`OPTION`) VALUES (70, 70, '익선동의 깨끗한 신축 감성 숙소', '호스트70', '설명70', '개인실', 284639, 2, 2.0, 1, 1,1, '무선 인터넷,에어컨,헤어드라이어');
INSERT INTO IMAGE (IMAGE_ID, ACCOMODATION_ID, IMAGE_URL) VALUES (1172, 70, 'https://a0.muscache.com/im/pictures/c6e9fbc1-b362-4c22-bbf3-b2d1bef42444.jpg?im_w=720');
INSERT INTO IMAGE (IMAGE_ID, ACCOMODATION_ID, IMAGE_URL) VALUES (1173, 70, 'https://a0.muscache.com/im/pictures/94902fc1-88ba-4701-bc96-f157e798173c.jpg?im_w=720');
INSERT INTO IMAGE (IMAGE_ID, ACCOMODATION_ID, IMAGE_URL) VALUES (1174, 70, 'https://a0.muscache.com/im/pictures/c845ca8e-a4ac-48f8-8946-d85b26e1e052.jpg?im_w=720');
INSERT INTO IMAGE (IMAGE_ID, ACCOMODATION_ID, IMAGE_URL) VALUES (1175, 70, 'https://a0.muscache.com/im/pictures/49fafce6-3826-4b5c-a399-e0320d4c1166.jpg?im_w=720');
INSERT INTO IMAGE (IMAGE_ID, ACCOMODATION_ID, IMAGE_URL) VALUES (1176, 70, 'https://a0.muscache.com/im/pictures/250b53f6-4ae7-4c53-b433-b5eab3604d39.jpg?im_w=720');
INSERT INTO IMAGE (IMAGE_ID, ACCOMODATION_ID, IMAGE_URL) VALUES (1177, 70, 'https://a0.muscache.com/im/pictures/2f2cf5dc-07d3-449d-ab26-cf77b335b68d.jpg?im_w=720');
INSERT INTO IMAGE (IMAGE_ID, ACCOMODATION_ID, IMAGE_URL) VALUES (1178, 70, 'https://a0.muscache.com/im/pictures/ee4b00dc-4550-4f9d-b56e-0474c3e7e026.jpg?im_w=720');
INSERT INTO IMAGE (IMAGE_ID, ACCOMODATION_ID, IMAGE_URL) VALUES (1179, 70, 'https://a0.muscache.com/im/pictures/9dfa1a1c-a5c4-4d3e-9f15-b920630f84b1.jpg?im_w=720');
INSERT INTO IMAGE (IMAGE_ID, ACCOMODATION_ID, IMAGE_URL) VALUES (1180, 70, 'https://a0.muscache.com/im/pictures/c2c5bf92-a860-4145-a9e9-6a74631b7f01.jpg?im_w=720');
INSERT INTO IMAGE (IMAGE_ID, ACCOMODATION_ID, IMAGE_URL) VALUES (1181, 70, 'https://a0.muscache.com/im/pictures/311dfed4-2ff6-4a62-9dc5-623727ccf6b0.jpg?im_w=720');
INSERT INTO IMAGE (IMAGE_ID, ACCOMODATION_ID, IMAGE_URL) VALUES (1182, 70, 'https://a0.muscache.com/im/pictures/720e12a9-4afe-4dad-aaab-052915c62e6f.jpg?im_w=720');
INSERT INTO IMAGE (IMAGE_ID, ACCOMODATION_ID, IMAGE_URL) VALUES (1183, 70, 'https://a0.muscache.com/im/pictures/5424b5b8-bf81-4fe8-975c-570bc8a06de1.jpg?im_w=720');
INSERT INTO IMAGE (IMAGE_ID, ACCOMODATION_ID, IMAGE_URL) VALUES (1184, 70, 'https://a0.muscache.com/im/pictures/1149c380-1192-4826-87e4-8cf82c7c3800.jpg?im_w=720');
INSERT INTO IMAGE (IMAGE_ID, ACCOMODATION_ID, IMAGE_URL) VALUES (1185, 70, 'https://a0.muscache.com/im/pictures/65c339ae-cf12-4570-87a3-d9edd4e3df7a.jpg?im_w=720');
INSERT INTO IMAGE (IMAGE_ID, ACCOMODATION_ID, IMAGE_URL) VALUES (1186, 70, 'https://a0.muscache.com/im/pictures/2eccb41e-d495-4a02-ac26-21f17147c136.jpg?im_w=720');
INSERT INTO IMAGE (IMAGE_ID, ACCOMODATION_ID, IMAGE_URL) VALUES (1187, 70, 'https://a0.muscache.com/im/pictures/592b702e-518e-4fc7-8b70-15cce7046dca.jpg?im_w=720');
INSERT INTO IMAGE (IMAGE_ID, ACCOMODATION_ID, IMAGE_URL) VALUES (1188, 70, 'https://a0.muscache.com/im/pictures/5b372d1e-91ed-48e3-99b2-7fa9f9e17b8b.jpg?im_w=720');
INSERT INTO IMAGE (IMAGE_ID, ACCOMODATION_ID, IMAGE_URL) VALUES (1189, 70, 'https://a0.muscache.com/im/pictures/c5e82579-627c-45e2-aa59-8c0eeebc3a15.jpg?im_w=720');
INSERT INTO IMAGE (IMAGE_ID, ACCOMODATION_ID, IMAGE_URL) VALUES (1190, 70, 'https://a0.muscache.com/im/pictures/99458c7b-2ed4-44d6-a17c-718553550585.jpg?im_w=720');

INSERT INTO LOCATION (LOCATION_ID, LOCATION_NAME, COUNTRY, REGION, CITY, LATITUDE, LONGITUDE) VALUES (71, '지명71', ' 서울', ' Mapo-gu', 'Yeonnam-dong', 37.56395, 126.92294);
INSERT INTO ACCOMODATION (`ACCOMODATION_ID`, `LOCATION_ID`, `ACCOMODATION_NAME`, `HOST_NAME`, `DISCRIPTION`, `ACCOMODATION_TYPE`, `PRICE`, `MAXIMUM_OCCUPANCY`, `AVERAGE_POINT`, `BED_ROOM`, `BATH_ROOM`, `BED_COUNT`,`OPTION`) VALUES (71, 71, '303 Big Private room with private bathroom', '호스트71', '설명71', '개인실', 361017, 1, 4.3, 1, 2,1, '주방,무선 인터넷,에어컨');
INSERT INTO IMAGE (IMAGE_ID, ACCOMODATION_ID, IMAGE_URL) VALUES (1191, 71, 'https://a0.muscache.com/im/pictures/miso/Hosting-49694275/original/2b946a2e-2566-476c-a5b5-0131d1db172b.jpeg?im_w=720');
INSERT INTO IMAGE (IMAGE_ID, ACCOMODATION_ID, IMAGE_URL) VALUES (1192, 71, 'https://a0.muscache.com/im/pictures/04c6a45b-b6a9-43f1-8200-bfa9571ccc0e.jpg?im_w=720');
INSERT INTO IMAGE (IMAGE_ID, ACCOMODATION_ID, IMAGE_URL) VALUES (1193, 71, 'https://a0.muscache.com/im/pictures/miso/Hosting-49694275/original/d089a0ad-fd8a-43c8-abd5-964650566311.jpeg?im_w=720');
INSERT INTO IMAGE (IMAGE_ID, ACCOMODATION_ID, IMAGE_URL) VALUES (1194, 71, 'https://a0.muscache.com/im/pictures/miso/Hosting-49694275/original/1a5fd333-33c1-4e04-8b4f-6f46ad55facc.jpeg?im_w=720');
INSERT INTO IMAGE (IMAGE_ID, ACCOMODATION_ID, IMAGE_URL) VALUES (1195, 71, 'https://a0.muscache.com/im/pictures/miso/Hosting-49694275/original/ebb1e31e-293d-4dd1-b4de-f72907f5829b.jpeg?im_w=720');
INSERT INTO IMAGE (IMAGE_ID, ACCOMODATION_ID, IMAGE_URL) VALUES (1196, 71, 'https://a0.muscache.com/im/pictures/miso/Hosting-49694275/original/0a8d8d7b-5160-49b7-9393-6325c80ac37f.jpeg?im_w=720');
INSERT INTO IMAGE (IMAGE_ID, ACCOMODATION_ID, IMAGE_URL) VALUES (1197, 71, 'https://a0.muscache.com/im/pictures/miso/Hosting-49694275/original/9a5761ce-bfe5-41ea-b29c-dd7c8ba81f30.jpeg?im_w=720');
INSERT INTO IMAGE (IMAGE_ID, ACCOMODATION_ID, IMAGE_URL) VALUES (1198, 71, 'https://a0.muscache.com/im/pictures/miso/Hosting-49694275/original/3ce047dd-09e6-422e-94c1-e63df77fa207.jpeg?im_w=720');
INSERT INTO IMAGE (IMAGE_ID, ACCOMODATION_ID, IMAGE_URL) VALUES (1199, 71, 'https://a0.muscache.com/im/pictures/miso/Hosting-49694275/original/f4b18725-62e8-4590-a802-11cc0543e90f.jpeg?im_w=720');
INSERT INTO IMAGE (IMAGE_ID, ACCOMODATION_ID, IMAGE_URL) VALUES (1200, 71, 'https://a0.muscache.com/im/pictures/miso/Hosting-49694275/original/05f39231-33cc-4fad-ac7e-1b91550b1077.jpeg?im_w=720');

INSERT INTO LOCATION (LOCATION_ID, LOCATION_NAME, COUNTRY, REGION, CITY, LATITUDE, LONGITUDE) VALUES (72, '지명72', ' 서울', ' Jongno-gu', 'Jongno 5(o).6(yuk)ga-dong', 37.57065, 126.99932);
INSERT INTO ACCOMODATION (`ACCOMODATION_ID`, `LOCATION_ID`, `ACCOMODATION_NAME`, `HOST_NAME`, `DISCRIPTION`, `ACCOMODATION_TYPE`, `PRICE`, `MAXIMUM_OCCUPANCY`, `AVERAGE_POINT`, `BED_ROOM`, `BATH_ROOM`, `BED_COUNT`,`OPTION`) VALUES (72, 72, '[자가격리전용] #서울안심숙소# 종로구 미니룸 M301', '호스트72', '설명72', '개인실', 344855, 1, 5.8, 1, 1,1, '무선 인터넷,에어컨,헤어드라이어');
INSERT INTO IMAGE (IMAGE_ID, ACCOMODATION_ID, IMAGE_URL) VALUES (1201, 72, 'https://a0.muscache.com/im/pictures/miso/Hosting-48549882/original/2d61f962-101e-4cb1-a2bf-461c28e5b7a3.jpeg?im_w=720');
INSERT INTO IMAGE (IMAGE_ID, ACCOMODATION_ID, IMAGE_URL) VALUES (1202, 72, 'https://a0.muscache.com/im/pictures/miso/Hosting-48549882/original/074cff29-d990-4583-a718-e67086db4cef.jpeg?im_w=720');
INSERT INTO IMAGE (IMAGE_ID, ACCOMODATION_ID, IMAGE_URL) VALUES (1203, 72, 'https://a0.muscache.com/im/pictures/miso/Hosting-48549882/original/da315414-1c1f-4697-bec3-c342b6f20f3e.jpeg?im_w=720');
INSERT INTO IMAGE (IMAGE_ID, ACCOMODATION_ID, IMAGE_URL) VALUES (1204, 72, 'https://a0.muscache.com/im/pictures/miso/Hosting-48549882/original/a15e3b3c-c0e3-4e6c-9f1b-e07965756cb5.jpeg?im_w=720');
INSERT INTO IMAGE (IMAGE_ID, ACCOMODATION_ID, IMAGE_URL) VALUES (1205, 72, 'https://a0.muscache.com/im/pictures/miso/Hosting-48549882/original/e6525d2b-03b0-446c-b44c-1ee3dcc6fc20.jpeg?im_w=720');
INSERT INTO IMAGE (IMAGE_ID, ACCOMODATION_ID, IMAGE_URL) VALUES (1206, 72, 'https://a0.muscache.com/im/pictures/miso/Hosting-48549882/original/4abafeda-4190-4651-bf37-212ae55fdfae.jpeg?im_w=720');
INSERT INTO IMAGE (IMAGE_ID, ACCOMODATION_ID, IMAGE_URL) VALUES (1207, 72, 'https://a0.muscache.com/im/pictures/miso/Hosting-48549882/original/0ab4554f-b6fc-43a3-b5b5-0ee25b389fc5.jpeg?im_w=720');
INSERT INTO IMAGE (IMAGE_ID, ACCOMODATION_ID, IMAGE_URL) VALUES (1208, 72, 'https://a0.muscache.com/im/pictures/miso/Hosting-48549882/original/4702ebf0-90bc-4e8d-9d03-d169a0a04559.jpeg?im_w=720');
INSERT INTO IMAGE (IMAGE_ID, ACCOMODATION_ID, IMAGE_URL) VALUES (1209, 72, 'https://a0.muscache.com/im/pictures/miso/Hosting-48549882/original/42377d76-3277-4d63-ab87-3fa252fb18c6.jpeg?im_w=720');
INSERT INTO IMAGE (IMAGE_ID, ACCOMODATION_ID, IMAGE_URL) VALUES (1210, 72, 'https://a0.muscache.com/im/pictures/38b16054-041d-4398-a1b6-312a29805b12.jpg?im_w=720');
INSERT INTO IMAGE (IMAGE_ID, ACCOMODATION_ID, IMAGE_URL) VALUES (1211, 72, 'https://a0.muscache.com/im/pictures/98fa26e6-c07a-4db6-bfc3-e5965324dc1b.jpg?im_w=720');
INSERT INTO IMAGE (IMAGE_ID, ACCOMODATION_ID, IMAGE_URL) VALUES (1212, 72, 'https://a0.muscache.com/im/pictures/a462e22d-748e-4b43-aef7-d4a85611a7f2.jpg?im_w=720');
INSERT INTO IMAGE (IMAGE_ID, ACCOMODATION_ID, IMAGE_URL) VALUES (1213, 72, 'https://a0.muscache.com/im/pictures/06faac7a-bb81-454a-a29c-a92b572d5cfc.jpg?im_w=720');

INSERT INTO LOCATION (LOCATION_ID, LOCATION_NAME, COUNTRY, REGION, CITY, LATITUDE, LONGITUDE) VALUES (73, '지명73', ' 서울', ' Jongno-gu', 'Sungin 2(i)-dong', 37.57932, 127.02258);
INSERT INTO ACCOMODATION (`ACCOMODATION_ID`, `LOCATION_ID`, `ACCOMODATION_NAME`, `HOST_NAME`, `DISCRIPTION`, `ACCOMODATION_TYPE`, `PRICE`, `MAXIMUM_OCCUPANCY`, `AVERAGE_POINT`, `BED_ROOM`, `BATH_ROOM`, `BED_COUNT`,`OPTION`) VALUES (73, 73, 'HOSTEL SEOUL - Double room with a bathroom', '호스트73', '설명73', '개인실', 209281, 2, 4.5, 1, 1,1, '주방,무선 인터넷,에어컨,헤어드라이어');
INSERT INTO IMAGE (IMAGE_ID, ACCOMODATION_ID, IMAGE_URL) VALUES (1214, 73, 'https://a0.muscache.com/im/pictures/miso/Hosting-49131805/original/cc1399a4-e57a-45fe-a889-f46fb51e9089.jpeg?im_w=720');
INSERT INTO IMAGE (IMAGE_ID, ACCOMODATION_ID, IMAGE_URL) VALUES (1215, 73, 'https://a0.muscache.com/im/pictures/miso/Hosting-49131805/original/f40b5394-42b9-4e71-ab39-7593dee4d5aa.jpeg?im_w=720');
INSERT INTO IMAGE (IMAGE_ID, ACCOMODATION_ID, IMAGE_URL) VALUES (1216, 73, 'https://a0.muscache.com/im/pictures/8012bdbf-e281-4fc8-b645-ef663143135d.jpg?im_w=720');
INSERT INTO IMAGE (IMAGE_ID, ACCOMODATION_ID, IMAGE_URL) VALUES (1217, 73, 'https://a0.muscache.com/im/pictures/46bf7e9a-23dc-4174-864f-8967b7859175.jpg?im_w=720');
INSERT INTO IMAGE (IMAGE_ID, ACCOMODATION_ID, IMAGE_URL) VALUES (1218, 73, 'https://a0.muscache.com/im/pictures/daf17c3d-3520-4103-8135-38fc6e6865aa.jpg?im_w=720');
INSERT INTO IMAGE (IMAGE_ID, ACCOMODATION_ID, IMAGE_URL) VALUES (1219, 73, 'https://a0.muscache.com/im/pictures/9f52c84f-e648-4208-916e-194e64ec48fa.jpg?im_w=720');
INSERT INTO IMAGE (IMAGE_ID, ACCOMODATION_ID, IMAGE_URL) VALUES (1220, 73, 'https://a0.muscache.com/im/pictures/ed01fcd7-a882-41e7-a5b2-662ba2a36938.jpg?im_w=720');
INSERT INTO IMAGE (IMAGE_ID, ACCOMODATION_ID, IMAGE_URL) VALUES (1221, 73, 'https://a0.muscache.com/im/pictures/a0528d71-018f-45c1-bee9-d38b5dcf29a6.jpg?im_w=720');
INSERT INTO IMAGE (IMAGE_ID, ACCOMODATION_ID, IMAGE_URL) VALUES (1222, 73, 'https://a0.muscache.com/im/pictures/c5264df5-f483-4021-96dd-ef85f184a7c2.jpg?im_w=720');
INSERT INTO IMAGE (IMAGE_ID, ACCOMODATION_ID, IMAGE_URL) VALUES (1223, 73, 'https://a0.muscache.com/im/pictures/45d9e8ca-1d15-4dda-b4a7-02696cbce714.jpg?im_w=720');
INSERT INTO IMAGE (IMAGE_ID, ACCOMODATION_ID, IMAGE_URL) VALUES (1224, 73, 'https://a0.muscache.com/im/pictures/miso/Hosting-49131805/original/cd93726e-f0f6-4bf9-9095-02398c5c2d4b.jpeg?im_w=720');
INSERT INTO IMAGE (IMAGE_ID, ACCOMODATION_ID, IMAGE_URL) VALUES (1225, 73, 'https://a0.muscache.com/im/pictures/miso/Hosting-49131805/original/8e435b9c-0119-4242-8619-468efcde62b8.jpeg?im_w=720');
INSERT INTO IMAGE (IMAGE_ID, ACCOMODATION_ID, IMAGE_URL) VALUES (1226, 73, 'https://a0.muscache.com/im/pictures/miso/Hosting-49131805/original/9371e6b6-c713-4195-943f-55219160e19d.jpeg?im_w=720');
INSERT INTO IMAGE (IMAGE_ID, ACCOMODATION_ID, IMAGE_URL) VALUES (1227, 73, 'https://a0.muscache.com/im/pictures/miso/Hosting-49131805/original/e4401327-34c5-4e9d-9dcc-aaf3629d1045.jpeg?im_w=720');
INSERT INTO IMAGE (IMAGE_ID, ACCOMODATION_ID, IMAGE_URL) VALUES (1228, 73, 'https://a0.muscache.com/im/pictures/miso/Hosting-49131805/original/13505471-f261-4ded-b590-7b52ad414bca.jpeg?im_w=720');
INSERT INTO IMAGE (IMAGE_ID, ACCOMODATION_ID, IMAGE_URL) VALUES (1229, 73, 'https://a0.muscache.com/im/pictures/miso/Hosting-49131805/original/3b8593cd-a293-4bf1-adf0-2ba72359727a.jpeg?im_w=720');
INSERT INTO IMAGE (IMAGE_ID, ACCOMODATION_ID, IMAGE_URL) VALUES (1230, 73, 'https://a0.muscache.com/im/pictures/miso/Hosting-49131805/original/01535e0a-3c2b-4519-9beb-3a145bf316d7.jpeg?im_w=720');
INSERT INTO IMAGE (IMAGE_ID, ACCOMODATION_ID, IMAGE_URL) VALUES (1231, 73, 'https://a0.muscache.com/im/pictures/miso/Hosting-49131805/original/7ca6c8ef-2e87-4fba-82a2-bae7b2a14d0a.jpeg?im_w=720');

INSERT INTO LOCATION (LOCATION_ID, LOCATION_NAME, COUNTRY, REGION, CITY, LATITUDE, LONGITUDE) VALUES (74, '지명74', ' 서울', ' Jongno-gu', 'Cheongunhyoja-dong', 37.58223, 126.97138);
INSERT INTO ACCOMODATION (`ACCOMODATION_ID`, `LOCATION_ID`, `ACCOMODATION_NAME`, `HOST_NAME`, `DISCRIPTION`, `ACCOMODATION_TYPE`, `PRICE`, `MAXIMUM_OCCUPANCY`, `AVERAGE_POINT`, `BED_ROOM`, `BATH_ROOM`, `BED_COUNT`,`OPTION`) VALUES (74, 74, '서촌 102', '호스트74', '설명74', '집 전체', 873046, 3, 7.2, 2, 1,2, '주방,무선 인터넷,에어컨,헤어드라이어');
INSERT INTO IMAGE (IMAGE_ID, ACCOMODATION_ID, IMAGE_URL) VALUES (1232, 74, 'https://a0.muscache.com/im/pictures/ed5924db-d07a-437f-bd94-ce651ff66b4a.jpg?im_w=720');
INSERT INTO IMAGE (IMAGE_ID, ACCOMODATION_ID, IMAGE_URL) VALUES (1233, 74, 'https://a0.muscache.com/im/pictures/fed0904f-e278-468f-baa3-125ff991151b.jpg?im_w=720');
INSERT INTO IMAGE (IMAGE_ID, ACCOMODATION_ID, IMAGE_URL) VALUES (1234, 74, 'https://a0.muscache.com/im/pictures/888ebdb5-5343-4d16-a76c-953c4297b6ba.jpg?im_w=720');
INSERT INTO IMAGE (IMAGE_ID, ACCOMODATION_ID, IMAGE_URL) VALUES (1235, 74, 'https://a0.muscache.com/im/pictures/9aadca4e-6fd4-466d-b90d-9aa54927eb3a.jpg?im_w=720');
INSERT INTO IMAGE (IMAGE_ID, ACCOMODATION_ID, IMAGE_URL) VALUES (1236, 74, 'https://a0.muscache.com/im/pictures/aaf43a30-582c-420d-a3fc-fd5f2a817c55.jpg?im_w=720');
INSERT INTO IMAGE (IMAGE_ID, ACCOMODATION_ID, IMAGE_URL) VALUES (1237, 74, 'https://a0.muscache.com/im/pictures/03c9cb99-00d2-4e6d-8ada-acc51bb9b0f3.jpg?im_w=720');
INSERT INTO IMAGE (IMAGE_ID, ACCOMODATION_ID, IMAGE_URL) VALUES (1238, 74, 'https://a0.muscache.com/im/pictures/d94411c6-0cc0-483f-9273-3ed9eb65cacf.jpg?im_w=720');
INSERT INTO IMAGE (IMAGE_ID, ACCOMODATION_ID, IMAGE_URL) VALUES (1239, 74, 'https://a0.muscache.com/im/pictures/f2b8f1bc-759b-4519-bf4c-a5ff6bff5194.jpg?im_w=720');
INSERT INTO IMAGE (IMAGE_ID, ACCOMODATION_ID, IMAGE_URL) VALUES (1240, 74, 'https://a0.muscache.com/im/pictures/722f00a9-e6a0-4c76-a745-ab8f620408fa.jpg?im_w=720');
INSERT INTO IMAGE (IMAGE_ID, ACCOMODATION_ID, IMAGE_URL) VALUES (1241, 74, 'https://a0.muscache.com/im/pictures/40799220-e7e1-4168-8926-8fee0ac34a5c.jpg?im_w=720');
INSERT INTO IMAGE (IMAGE_ID, ACCOMODATION_ID, IMAGE_URL) VALUES (1242, 74, 'https://a0.muscache.com/im/pictures/0acef571-5b15-455b-b56f-eda783538b11.jpg?im_w=720');
INSERT INTO IMAGE (IMAGE_ID, ACCOMODATION_ID, IMAGE_URL) VALUES (1243, 74, 'https://a0.muscache.com/im/pictures/e75df99e-2420-4dd5-a03d-93d7e29b28d5.jpg?im_w=720');
INSERT INTO IMAGE (IMAGE_ID, ACCOMODATION_ID, IMAGE_URL) VALUES (1244, 74, 'https://a0.muscache.com/im/pictures/a0bde333-77b6-4cd1-bab5-04ba5a5da345.jpg?im_w=720');
INSERT INTO IMAGE (IMAGE_ID, ACCOMODATION_ID, IMAGE_URL) VALUES (1245, 74, 'https://a0.muscache.com/im/pictures/11c5388b-977e-4cec-b29f-6cfbc1e21f3b.jpg?im_w=720');
INSERT INTO IMAGE (IMAGE_ID, ACCOMODATION_ID, IMAGE_URL) VALUES (1246, 74, 'https://a0.muscache.com/im/pictures/16d2f864-25b1-42ac-88e5-f1eea62a70d7.jpg?im_w=720');
INSERT INTO IMAGE (IMAGE_ID, ACCOMODATION_ID, IMAGE_URL) VALUES (1247, 74, 'https://a0.muscache.com/im/pictures/eb73b44b-7391-428a-af7f-df73d282f816.jpg?im_w=720');
INSERT INTO IMAGE (IMAGE_ID, ACCOMODATION_ID, IMAGE_URL) VALUES (1248, 74, 'https://a0.muscache.com/im/pictures/5df52e4c-e4b7-4a46-a4ed-b791a7c18533.jpg?im_w=720');
INSERT INTO IMAGE (IMAGE_ID, ACCOMODATION_ID, IMAGE_URL) VALUES (1249, 74, 'https://a0.muscache.com/im/pictures/2e3b7421-4d91-4258-97e2-7d769d9313e9.jpg?im_w=720');
INSERT INTO IMAGE (IMAGE_ID, ACCOMODATION_ID, IMAGE_URL) VALUES (1250, 74, 'https://a0.muscache.com/im/pictures/aa74e1fb-1060-4657-96e4-91d15943df4e.jpg?im_w=720');
INSERT INTO IMAGE (IMAGE_ID, ACCOMODATION_ID, IMAGE_URL) VALUES (1251, 74, 'https://a0.muscache.com/im/pictures/efe49c19-9c80-4b45-8771-85128996f524.jpg?im_w=720');
INSERT INTO IMAGE (IMAGE_ID, ACCOMODATION_ID, IMAGE_URL) VALUES (1252, 74, 'https://a0.muscache.com/im/pictures/6fb98bdf-6f51-452e-a6f4-d1c4b8cd4849.jpg?im_w=720');
INSERT INTO IMAGE (IMAGE_ID, ACCOMODATION_ID, IMAGE_URL) VALUES (1253, 74, 'https://a0.muscache.com/im/pictures/aaeb7486-e1ba-41c1-9d68-ed179ab66f26.jpg?im_w=720');
INSERT INTO IMAGE (IMAGE_ID, ACCOMODATION_ID, IMAGE_URL) VALUES (1254, 74, 'https://a0.muscache.com/im/pictures/ddd62050-b7ec-48dc-9c91-0f661edf724c.jpg?im_w=720');
INSERT INTO IMAGE (IMAGE_ID, ACCOMODATION_ID, IMAGE_URL) VALUES (1255, 74, 'https://a0.muscache.com/im/pictures/214da7d2-a173-446c-afd3-2735318013d4.jpg?im_w=720');
INSERT INTO IMAGE (IMAGE_ID, ACCOMODATION_ID, IMAGE_URL) VALUES (1256, 74, 'https://a0.muscache.com/im/pictures/7115ab5f-3b6c-4498-85fd-6c969fdfbefb.jpg?im_w=720');
INSERT INTO IMAGE (IMAGE_ID, ACCOMODATION_ID, IMAGE_URL) VALUES (1257, 74, 'https://a0.muscache.com/im/pictures/5ad3b820-9d20-4538-bb1f-29c2409f8ec4.jpg?im_w=720');
INSERT INTO IMAGE (IMAGE_ID, ACCOMODATION_ID, IMAGE_URL) VALUES (1258, 74, 'https://a0.muscache.com/im/pictures/ecdc4b71-798c-4611-909c-8a3dd0aec91f.jpg?im_w=720');
INSERT INTO IMAGE (IMAGE_ID, ACCOMODATION_ID, IMAGE_URL) VALUES (1259, 74, 'https://a0.muscache.com/im/pictures/4f6ead9f-9e1e-4b34-becd-1d3ce9ba483d.jpg?im_w=720');
INSERT INTO IMAGE (IMAGE_ID, ACCOMODATION_ID, IMAGE_URL) VALUES (1260, 74, 'https://a0.muscache.com/im/pictures/5b2b08ab-4212-462b-b663-513791292236.jpg?im_w=720');
INSERT INTO IMAGE (IMAGE_ID, ACCOMODATION_ID, IMAGE_URL) VALUES (1261, 74, 'https://a0.muscache.com/im/pictures/a8b33f00-0186-4170-b0c4-cde023863f2b.jpg?im_w=720');

INSERT INTO LOCATION (LOCATION_ID, LOCATION_NAME, COUNTRY, REGION, CITY, LATITUDE, LONGITUDE) VALUES (75, '지명75', ' 한국', ' 서울', '중구', 37.55571471633692, 126.97689229837071);
INSERT INTO ACCOMODATION (`ACCOMODATION_ID`, `LOCATION_ID`, `ACCOMODATION_NAME`, `HOST_NAME`, `DISCRIPTION`, `ACCOMODATION_TYPE`, `PRICE`, `MAXIMUM_OCCUPANCY`, `AVERAGE_POINT`, `BED_ROOM`, `BATH_ROOM`, `BED_COUNT`,`OPTION`) VALUES (75, 75, '서울 중구 회현역 4번출구 2분거리 개인', '호스트75', '설명75', '개인실', 392197, 2, 9.1, 1, 1,1, '주방,에어컨,헤어드라이어');
INSERT INTO IMAGE (IMAGE_ID, ACCOMODATION_ID, IMAGE_URL) VALUES (1262, 75, 'https://a0.muscache.com/im/pictures/7f62166b-204a-43b6-a7e4-8b85e9be41c2.jpg?im_w=720');
INSERT INTO IMAGE (IMAGE_ID, ACCOMODATION_ID, IMAGE_URL) VALUES (1263, 75, 'https://a0.muscache.com/im/pictures/0ce9ef2a-bc22-4800-bd9e-bdbc859a0113.jpg?im_w=720');
INSERT INTO IMAGE (IMAGE_ID, ACCOMODATION_ID, IMAGE_URL) VALUES (1264, 75, 'https://a0.muscache.com/im/pictures/5a22c1f9-20cc-4dc6-be70-eec99f340ae1.jpg?im_w=720');
INSERT INTO IMAGE (IMAGE_ID, ACCOMODATION_ID, IMAGE_URL) VALUES (1265, 75, 'https://a0.muscache.com/im/pictures/aae38e99-d7ec-495a-b273-dc51f0d4f47a.jpg?im_w=720');

INSERT INTO LOCATION (LOCATION_ID, LOCATION_NAME, COUNTRY, REGION, CITY, LATITUDE, LONGITUDE) VALUES (76, '지명76', ' 서울', ' Seodaemun-gu', 'Sinchon-dong', 37.55755, 126.93471);
INSERT INTO ACCOMODATION (`ACCOMODATION_ID`, `LOCATION_ID`, `ACCOMODATION_NAME`, `HOST_NAME`, `DISCRIPTION`, `ACCOMODATION_TYPE`, `PRICE`, `MAXIMUM_OCCUPANCY`, `AVERAGE_POINT`, `BED_ROOM`, `BATH_ROOM`, `BED_COUNT`,`OPTION`) VALUES (76, 76, '#ONLY 자가격리 & 장기숙박 특별할인 #도시힐링감성 #숙소설명 꼭 확인해주세요', '호스트76', '설명76', '집 전체', 439302, 4, 9.8, 1, 1,1, '주방,무선 인터넷,에어컨,헤어드라이어');
INSERT INTO IMAGE (IMAGE_ID, ACCOMODATION_ID, IMAGE_URL) VALUES (1266, 76, 'https://a0.muscache.com/im/pictures/miso/Hosting-44159716/original/04dc2ade-cd11-4599-a7fb-a6f4b6176f4e.jpeg?im_w=720');
INSERT INTO IMAGE (IMAGE_ID, ACCOMODATION_ID, IMAGE_URL) VALUES (1267, 76, 'https://a0.muscache.com/im/pictures/miso/Hosting-44159716/original/c6c1a442-b449-495a-8ee9-f1779f36b5b4.jpeg?im_w=720');
INSERT INTO IMAGE (IMAGE_ID, ACCOMODATION_ID, IMAGE_URL) VALUES (1268, 76, 'https://a0.muscache.com/im/pictures/miso/Hosting-44159716/original/66bd535a-ba05-43e7-adbe-6953bbc13da5.jpeg?im_w=720');
INSERT INTO IMAGE (IMAGE_ID, ACCOMODATION_ID, IMAGE_URL) VALUES (1269, 76, 'https://a0.muscache.com/im/pictures/miso/Hosting-44159716/original/d1857908-90c8-48fd-9e68-a743187664ed.jpeg?im_w=720');
INSERT INTO IMAGE (IMAGE_ID, ACCOMODATION_ID, IMAGE_URL) VALUES (1270, 76, 'https://a0.muscache.com/im/pictures/39b76268-042e-4a89-aa3b-89abe9865c58.jpg?im_w=720');
INSERT INTO IMAGE (IMAGE_ID, ACCOMODATION_ID, IMAGE_URL) VALUES (1271, 76, 'https://a0.muscache.com/im/pictures/miso/Hosting-44159716/original/53dcf85e-6295-4f84-a246-cc6fdb142d2f.jpeg?im_w=720');
INSERT INTO IMAGE (IMAGE_ID, ACCOMODATION_ID, IMAGE_URL) VALUES (1272, 76, 'https://a0.muscache.com/im/pictures/6652d911-214a-4bfc-b097-0192f4d78579.jpg?im_w=720');
INSERT INTO IMAGE (IMAGE_ID, ACCOMODATION_ID, IMAGE_URL) VALUES (1273, 76, 'https://a0.muscache.com/im/pictures/ca8abc0d-9e94-4f15-8548-012c8ec969f2.jpg?im_w=720');
INSERT INTO IMAGE (IMAGE_ID, ACCOMODATION_ID, IMAGE_URL) VALUES (1274, 76, 'https://a0.muscache.com/im/pictures/miso/Hosting-44159716/original/df233302-04bd-41a1-93c4-62b39aa73fa8.jpeg?im_w=720');
INSERT INTO IMAGE (IMAGE_ID, ACCOMODATION_ID, IMAGE_URL) VALUES (1275, 76, 'https://a0.muscache.com/im/pictures/f61432bd-d31d-481d-9452-08c276b3f201.jpg?im_w=720');
INSERT INTO IMAGE (IMAGE_ID, ACCOMODATION_ID, IMAGE_URL) VALUES (1276, 76, 'https://a0.muscache.com/im/pictures/miso/Hosting-44159716/original/bc21e608-4244-40ab-8cc9-3781b36e0971.jpeg?im_w=720');
INSERT INTO IMAGE (IMAGE_ID, ACCOMODATION_ID, IMAGE_URL) VALUES (1277, 76, 'https://a0.muscache.com/im/pictures/4ed0d2e5-b305-4483-a237-a6473985187d.jpg?im_w=720');
INSERT INTO IMAGE (IMAGE_ID, ACCOMODATION_ID, IMAGE_URL) VALUES (1278, 76, 'https://a0.muscache.com/im/pictures/miso/Hosting-44159716/original/c19548f2-1658-442e-a67f-be42fd89bbd6.jpeg?im_w=720');
INSERT INTO IMAGE (IMAGE_ID, ACCOMODATION_ID, IMAGE_URL) VALUES (1279, 76, 'https://a0.muscache.com/im/pictures/f474676e-b04c-4173-964d-80179db71c88.jpg?im_w=720');
INSERT INTO IMAGE (IMAGE_ID, ACCOMODATION_ID, IMAGE_URL) VALUES (1280, 76, 'https://a0.muscache.com/im/pictures/79219262-c3f4-4140-bca8-5712cea4bf5b.jpg?im_w=720');
INSERT INTO IMAGE (IMAGE_ID, ACCOMODATION_ID, IMAGE_URL) VALUES (1281, 76, 'https://a0.muscache.com/im/pictures/ef80325d-39b5-4770-9acc-6b52905d6ee9.jpg?im_w=720');
INSERT INTO IMAGE (IMAGE_ID, ACCOMODATION_ID, IMAGE_URL) VALUES (1282, 76, 'https://a0.muscache.com/im/pictures/144f2b64-feb0-44b2-852e-1dab468d28c7.jpg?im_w=720');
INSERT INTO IMAGE (IMAGE_ID, ACCOMODATION_ID, IMAGE_URL) VALUES (1283, 76, 'https://a0.muscache.com/im/pictures/ebaaa9e9-a8a4-4bca-9f27-e234d3153b03.jpg?im_w=720');
INSERT INTO IMAGE (IMAGE_ID, ACCOMODATION_ID, IMAGE_URL) VALUES (1284, 76, 'https://a0.muscache.com/im/pictures/2f300753-ee47-418f-982d-acf65f518b2e.jpg?im_w=720');
INSERT INTO IMAGE (IMAGE_ID, ACCOMODATION_ID, IMAGE_URL) VALUES (1285, 76, 'https://a0.muscache.com/im/pictures/c48191ab-fd5e-4d37-9019-d9a85922097d.jpg?im_w=720');
INSERT INTO IMAGE (IMAGE_ID, ACCOMODATION_ID, IMAGE_URL) VALUES (1286, 76, 'https://a0.muscache.com/im/pictures/f7448e23-7009-4c76-a118-efdda9ee2e02.jpg?im_w=720');
INSERT INTO IMAGE (IMAGE_ID, ACCOMODATION_ID, IMAGE_URL) VALUES (1287, 76, 'https://a0.muscache.com/im/pictures/miso/Hosting-44159716/original/63e6f7cf-09d8-41af-b691-0e59fc210cd1.jpeg?im_w=720');
INSERT INTO IMAGE (IMAGE_ID, ACCOMODATION_ID, IMAGE_URL) VALUES (1288, 76, 'https://a0.muscache.com/im/pictures/miso/Hosting-44159716/original/4cb9b04b-da66-40bc-a81c-2e9ff973df6c.jpeg?im_w=720');

INSERT INTO LOCATION (LOCATION_ID, LOCATION_NAME, COUNTRY, REGION, CITY, LATITUDE, LONGITUDE) VALUES (77, '지명77', ' 한국', ' 서울', '종로구', 37.57032, 126.98394);
INSERT INTO ACCOMODATION (`ACCOMODATION_ID`, `LOCATION_ID`, `ACCOMODATION_NAME`, `HOST_NAME`, `DISCRIPTION`, `ACCOMODATION_TYPE`, `PRICE`, `MAXIMUM_OCCUPANCY`, `AVERAGE_POINT`, `BED_ROOM`, `BATH_ROOM`, `BED_COUNT`,`OPTION`) VALUES (77, 77, '빙고호스텔 인사동점- 101', '호스트77', '설명77', '호텔 객실', 378452, 1, 5.4, 0, 1,0, '주방,무선 인터넷,에어컨,헤어드라이어');
INSERT INTO IMAGE (IMAGE_ID, ACCOMODATION_ID, IMAGE_URL) VALUES (1289, 77, 'https://a0.muscache.com/im/pictures/miso/Hosting-24699822/original/8508aa46-eb9f-4577-95c0-d94d7e8d8de9.jpeg?im_w=720');
INSERT INTO IMAGE (IMAGE_ID, ACCOMODATION_ID, IMAGE_URL) VALUES (1290, 77, 'https://a0.muscache.com/im/pictures/miso/Hosting-24699822/original/8d55c18e-4456-4a9e-9bad-ef747f7b5cce.jpeg?im_w=720');
INSERT INTO IMAGE (IMAGE_ID, ACCOMODATION_ID, IMAGE_URL) VALUES (1291, 77, 'https://a0.muscache.com/im/pictures/f9dcba6e-7488-43ae-a198-f9618c95128a.jpg?im_w=720');
INSERT INTO IMAGE (IMAGE_ID, ACCOMODATION_ID, IMAGE_URL) VALUES (1292, 77, 'https://a0.muscache.com/im/pictures/33c33146-cfba-48bd-b30d-f4bd9eaac9ef.jpg?im_w=720');
INSERT INTO IMAGE (IMAGE_ID, ACCOMODATION_ID, IMAGE_URL) VALUES (1293, 77, 'https://a0.muscache.com/im/pictures/c5b22132-1788-4086-874e-49d3c5c0649a.jpg?im_w=720');
INSERT INTO IMAGE (IMAGE_ID, ACCOMODATION_ID, IMAGE_URL) VALUES (1294, 77, 'https://a0.muscache.com/im/pictures/c5af80dc-a68e-4d86-8e20-ae9015079871.jpg?im_w=720');
INSERT INTO IMAGE (IMAGE_ID, ACCOMODATION_ID, IMAGE_URL) VALUES (1295, 77, 'https://a0.muscache.com/im/pictures/78936f61-b63e-4b15-9c20-517fa9f7b278.jpg?im_w=720');
INSERT INTO IMAGE (IMAGE_ID, ACCOMODATION_ID, IMAGE_URL) VALUES (1296, 77, 'https://a0.muscache.com/im/pictures/b3c48893-4bb6-40ff-827d-5409c7da1c00.jpg?im_w=720');
INSERT INTO IMAGE (IMAGE_ID, ACCOMODATION_ID, IMAGE_URL) VALUES (1297, 77, 'https://a0.muscache.com/im/pictures/b87d726b-9ce7-473b-a56c-0f41bc82df8b.jpg?im_w=720');
INSERT INTO IMAGE (IMAGE_ID, ACCOMODATION_ID, IMAGE_URL) VALUES (1298, 77, 'https://a0.muscache.com/im/pictures/bce4cf1d-874f-4ad1-80db-11fee2a50b1a.jpg?im_w=720');
INSERT INTO IMAGE (IMAGE_ID, ACCOMODATION_ID, IMAGE_URL) VALUES (1299, 77, 'https://a0.muscache.com/im/pictures/9f9aef0d-65db-4171-b948-75f50260899c.jpg?im_w=720');
INSERT INTO IMAGE (IMAGE_ID, ACCOMODATION_ID, IMAGE_URL) VALUES (1300, 77, 'https://a0.muscache.com/im/pictures/5768aa4b-bbd6-4306-af73-7037d66b6feb.jpg?im_w=720');

INSERT INTO LOCATION (LOCATION_ID, LOCATION_NAME, COUNTRY, REGION, CITY, LATITUDE, LONGITUDE) VALUES (78, '지명78', ' 한국', ' 서울', '종로구', 37.57493, 127.01975);
INSERT INTO ACCOMODATION (`ACCOMODATION_ID`, `LOCATION_ID`, `ACCOMODATION_NAME`, `HOST_NAME`, `DISCRIPTION`, `ACCOMODATION_TYPE`, `PRICE`, `MAXIMUM_OCCUPANCY`, `AVERAGE_POINT`, `BED_ROOM`, `BATH_ROOM`, `BED_COUNT`,`OPTION`) VALUES (78, 78, 'dmyk_"Trois"', '호스트78', '설명78', '집 전체', 29839, 2, 2.3, 0, 1,0, '무선 인터넷,에어컨,헤어드라이어');
INSERT INTO IMAGE (IMAGE_ID, ACCOMODATION_ID, IMAGE_URL) VALUES (1301, 78, 'https://a0.muscache.com/im/pictures/c32e84f8-77c4-442c-8d11-566835f3412c.jpg?im_w=720');
INSERT INTO IMAGE (IMAGE_ID, ACCOMODATION_ID, IMAGE_URL) VALUES (1302, 78, 'https://a0.muscache.com/im/pictures/0e2f35b2-afff-4247-8da7-74f612be0fd7.jpg?im_w=720');
INSERT INTO IMAGE (IMAGE_ID, ACCOMODATION_ID, IMAGE_URL) VALUES (1303, 78, 'https://a0.muscache.com/im/pictures/4c904049-898d-4fe0-b35e-56bb0c345050.jpg?im_w=720');
INSERT INTO IMAGE (IMAGE_ID, ACCOMODATION_ID, IMAGE_URL) VALUES (1304, 78, 'https://a0.muscache.com/im/pictures/9f2900fd-d865-4dfe-95a2-2b862ec6024d.jpg?im_w=720');
INSERT INTO IMAGE (IMAGE_ID, ACCOMODATION_ID, IMAGE_URL) VALUES (1305, 78, 'https://a0.muscache.com/im/pictures/a771881a-656c-42a4-8bfc-b370f559f6a3.jpg?im_w=720');
INSERT INTO IMAGE (IMAGE_ID, ACCOMODATION_ID, IMAGE_URL) VALUES (1306, 78, 'https://a0.muscache.com/im/pictures/d1a01679-7adc-4a5c-b92c-c76e6ad563ab.jpg?im_w=720');
INSERT INTO IMAGE (IMAGE_ID, ACCOMODATION_ID, IMAGE_URL) VALUES (1307, 78, 'https://a0.muscache.com/im/pictures/5668c52b-fed9-4c05-b7ad-0572388959c3.jpg?im_w=720');
INSERT INTO IMAGE (IMAGE_ID, ACCOMODATION_ID, IMAGE_URL) VALUES (1308, 78, 'https://a0.muscache.com/im/pictures/771f5064-0b6d-4544-acae-b5c05a0c26ad.jpg?im_w=720');
INSERT INTO IMAGE (IMAGE_ID, ACCOMODATION_ID, IMAGE_URL) VALUES (1309, 78, 'https://a0.muscache.com/im/pictures/2091ff18-9473-44fa-8bbd-ec863951f899.jpg?im_w=720');
INSERT INTO IMAGE (IMAGE_ID, ACCOMODATION_ID, IMAGE_URL) VALUES (1310, 78, 'https://a0.muscache.com/im/pictures/9dd633fc-d961-426b-8644-32d680a86b59.jpg?im_w=720');
INSERT INTO IMAGE (IMAGE_ID, ACCOMODATION_ID, IMAGE_URL) VALUES (1311, 78, 'https://a0.muscache.com/im/pictures/386977ec-3453-4e01-b48a-fa489cb95b9b.jpg?im_w=720');
INSERT INTO IMAGE (IMAGE_ID, ACCOMODATION_ID, IMAGE_URL) VALUES (1312, 78, 'https://a0.muscache.com/im/pictures/89e9e4ef-2d1e-4ca7-b27a-1d237d4f1007.jpg?im_w=720');
INSERT INTO IMAGE (IMAGE_ID, ACCOMODATION_ID, IMAGE_URL) VALUES (1313, 78, 'https://a0.muscache.com/im/pictures/e50589b1-ef91-428f-ae77-e174c4a297a1.jpg?im_w=720');

INSERT INTO LOCATION (LOCATION_ID, LOCATION_NAME, COUNTRY, REGION, CITY, LATITUDE, LONGITUDE) VALUES (79, '지명79', ' 한국', ' 서울', '종로구', 37.57649, 127.01988);
INSERT INTO ACCOMODATION (`ACCOMODATION_ID`, `LOCATION_ID`, `ACCOMODATION_NAME`, `HOST_NAME`, `DISCRIPTION`, `ACCOMODATION_TYPE`, `PRICE`, `MAXIMUM_OCCUPANCY`, `AVERAGE_POINT`, `BED_ROOM`, `BATH_ROOM`, `BED_COUNT`,`OPTION`) VALUES (79, 79, 'dmyk-oblong', '호스트79', '설명79', '집 전체', 526786, 2, 2.8, 0, 1,0, '무선 인터넷,에어컨,헤어드라이어');
INSERT INTO IMAGE (IMAGE_ID, ACCOMODATION_ID, IMAGE_URL) VALUES (1314, 79, 'https://a0.muscache.com/im/pictures/3dfeacd4-bea8-4c2e-820f-bf61f8053323.jpg?im_w=720');
INSERT INTO IMAGE (IMAGE_ID, ACCOMODATION_ID, IMAGE_URL) VALUES (1315, 79, 'https://a0.muscache.com/im/pictures/4f01dedf-ccfb-4d08-8ffb-77c3d6c08043.jpg?im_w=720');
INSERT INTO IMAGE (IMAGE_ID, ACCOMODATION_ID, IMAGE_URL) VALUES (1316, 79, 'https://a0.muscache.com/im/pictures/894fb768-578d-4c74-b55c-a8f2b391eeea.jpg?im_w=720');
INSERT INTO IMAGE (IMAGE_ID, ACCOMODATION_ID, IMAGE_URL) VALUES (1317, 79, 'https://a0.muscache.com/im/pictures/54aa4fd6-648e-4389-8caf-fd8807fb3c12.jpg?im_w=720');
INSERT INTO IMAGE (IMAGE_ID, ACCOMODATION_ID, IMAGE_URL) VALUES (1318, 79, 'https://a0.muscache.com/im/pictures/b225e782-ca50-4176-bde9-5f83386c26ef.jpg?im_w=720');
INSERT INTO IMAGE (IMAGE_ID, ACCOMODATION_ID, IMAGE_URL) VALUES (1319, 79, 'https://a0.muscache.com/im/pictures/8fca6e8a-036f-4eb2-9ed3-433aaa9c05ec.jpg?im_w=720');
INSERT INTO IMAGE (IMAGE_ID, ACCOMODATION_ID, IMAGE_URL) VALUES (1320, 79, 'https://a0.muscache.com/im/pictures/84dcee45-d1e4-4b6a-b4a6-c9bfe95f06e3.jpg?im_w=720');
INSERT INTO IMAGE (IMAGE_ID, ACCOMODATION_ID, IMAGE_URL) VALUES (1321, 79, 'https://a0.muscache.com/im/pictures/82f03dff-c05d-4f86-8d0f-8c79e6c2a64c.jpg?im_w=720');
INSERT INTO IMAGE (IMAGE_ID, ACCOMODATION_ID, IMAGE_URL) VALUES (1322, 79, 'https://a0.muscache.com/im/pictures/45b77d08-794d-4a03-a495-d597969e0bd4.jpg?im_w=720');
INSERT INTO IMAGE (IMAGE_ID, ACCOMODATION_ID, IMAGE_URL) VALUES (1323, 79, 'https://a0.muscache.com/im/pictures/63ee0d96-9f13-4ff5-894b-ed552052f686.jpg?im_w=720');
INSERT INTO IMAGE (IMAGE_ID, ACCOMODATION_ID, IMAGE_URL) VALUES (1324, 79, 'https://a0.muscache.com/im/pictures/249cc763-f0e4-48c8-a799-1a46ae0a55c7.jpg?im_w=720');

INSERT INTO LOCATION (LOCATION_ID, LOCATION_NAME, COUNTRY, REGION, CITY, LATITUDE, LONGITUDE) VALUES (80, '지명80', ' 서울', ' Jongno-gu', 'Changsin 1(il)-dong', 37.569792840393774, 127.01482854641743);
INSERT INTO ACCOMODATION (`ACCOMODATION_ID`, `LOCATION_ID`, `ACCOMODATION_NAME`, `HOST_NAME`, `DISCRIPTION`, `ACCOMODATION_TYPE`, `PRICE`, `MAXIMUM_OCCUPANCY`, `AVERAGE_POINT`, `BED_ROOM`, `BATH_ROOM`, `BED_COUNT`,`OPTION`) VALUES (80, 80, '[Double room1]Hotel Gaon GoldenPark in Dongdaemun', '호스트80', '설명80', '개인실', 555292, 1, 4.9, 1, 1,1, '주방,무선 인터넷,에어컨,헤어드라이어');
INSERT INTO IMAGE (IMAGE_ID, ACCOMODATION_ID, IMAGE_URL) VALUES (1325, 80, 'https://a0.muscache.com/im/pictures/miso/Hosting-49941485/original/55f95774-c6e2-4772-bb9d-19bc4ecea510.jpeg?im_w=720');
INSERT INTO IMAGE (IMAGE_ID, ACCOMODATION_ID, IMAGE_URL) VALUES (1326, 80, 'https://a0.muscache.com/im/pictures/miso/Hosting-49941485/original/3d3c11da-ac4c-490e-9a5a-349387bf70d9.jpeg?im_w=720');
INSERT INTO IMAGE (IMAGE_ID, ACCOMODATION_ID, IMAGE_URL) VALUES (1327, 80, 'https://a0.muscache.com/im/pictures/17cb0fcb-00db-4de5-a9f8-ca76ec8b7215.jpg?im_w=720');
INSERT INTO IMAGE (IMAGE_ID, ACCOMODATION_ID, IMAGE_URL) VALUES (1328, 80, 'https://a0.muscache.com/im/pictures/629959d4-c48f-4735-9d5f-c8a3f56271fb.jpg?im_w=720');
INSERT INTO IMAGE (IMAGE_ID, ACCOMODATION_ID, IMAGE_URL) VALUES (1329, 80, 'https://a0.muscache.com/im/pictures/c9277272-ebbb-497c-be74-b5fcebe340c5.jpg?im_w=720');
INSERT INTO IMAGE (IMAGE_ID, ACCOMODATION_ID, IMAGE_URL) VALUES (1330, 80, 'https://a0.muscache.com/im/pictures/b397329e-831f-41bd-9ab8-9ea79f0aa340.jpg?im_w=720');
INSERT INTO IMAGE (IMAGE_ID, ACCOMODATION_ID, IMAGE_URL) VALUES (1331, 80, 'https://a0.muscache.com/im/pictures/10c3c6b4-a5b2-40ea-b556-9d1397f2f023.jpg?im_w=720');
INSERT INTO IMAGE (IMAGE_ID, ACCOMODATION_ID, IMAGE_URL) VALUES (1332, 80, 'https://a0.muscache.com/im/pictures/fef9b3fa-bdfd-4ee3-ae4b-805ea31d4703.jpg?im_w=720');
INSERT INTO IMAGE (IMAGE_ID, ACCOMODATION_ID, IMAGE_URL) VALUES (1333, 80, 'https://a0.muscache.com/im/pictures/2e06397b-9ed4-4261-b87f-707d32208235.jpg?im_w=720');
INSERT INTO IMAGE (IMAGE_ID, ACCOMODATION_ID, IMAGE_URL) VALUES (1334, 80, 'https://a0.muscache.com/im/pictures/3752b656-f2e8-4dea-ac49-f7d87e5af1ea.jpg?im_w=720');
INSERT INTO IMAGE (IMAGE_ID, ACCOMODATION_ID, IMAGE_URL) VALUES (1335, 80, 'https://a0.muscache.com/im/pictures/45c68868-a317-42e4-b983-9696b80437da.jpg?im_w=720');
INSERT INTO IMAGE (IMAGE_ID, ACCOMODATION_ID, IMAGE_URL) VALUES (1336, 80, 'https://a0.muscache.com/im/pictures/17f11773-db17-416a-a486-0a57c019396a.jpg?im_w=720');
INSERT INTO IMAGE (IMAGE_ID, ACCOMODATION_ID, IMAGE_URL) VALUES (1337, 80, 'https://a0.muscache.com/im/pictures/443d469c-3a86-4a27-bbb9-8cb5caecf083.jpg?im_w=720');

INSERT INTO LOCATION (LOCATION_ID, LOCATION_NAME, COUNTRY, REGION, CITY, LATITUDE, LONGITUDE) VALUES (81, '지명81', ' 서울', ' Jongno-gu', 'Waryong-dong', 37.57755, 126.98972);
INSERT INTO ACCOMODATION (`ACCOMODATION_ID`, `LOCATION_ID`, `ACCOMODATION_NAME`, `HOST_NAME`, `DISCRIPTION`, `ACCOMODATION_TYPE`, `PRICE`, `MAXIMUM_OCCUPANCY`, `AVERAGE_POINT`, `BED_ROOM`, `BATH_ROOM`, `BED_COUNT`,`OPTION`) VALUES (81, 81, '폴리몰리 빈백 쇼파가 있는 휴식이 필요하다면 여기로 NETFLEX 자체 로그인️', '호스트81', '설명81', '개인실', 372440, 2, 8.2, 0, 1,0, '무선 인터넷,에어컨,헤어드라이어');
INSERT INTO IMAGE (IMAGE_ID, ACCOMODATION_ID, IMAGE_URL) VALUES (1338, 81, 'https://a0.muscache.com/im/pictures/ca3d3949-ce94-427d-988d-bf8ff0c73a4f.jpg?im_w=720');
INSERT INTO IMAGE (IMAGE_ID, ACCOMODATION_ID, IMAGE_URL) VALUES (1339, 81, 'https://a0.muscache.com/im/pictures/dd11b652-e276-4359-b67e-e5414b6d3bb8.jpg?im_w=720');
INSERT INTO IMAGE (IMAGE_ID, ACCOMODATION_ID, IMAGE_URL) VALUES (1340, 81, 'https://a0.muscache.com/im/pictures/7a91674f-d986-421e-85f9-7a59baddffd9.jpg?im_w=720');
INSERT INTO IMAGE (IMAGE_ID, ACCOMODATION_ID, IMAGE_URL) VALUES (1341, 81, 'https://a0.muscache.com/im/pictures/f6f503df-bb4d-487b-9a24-f26a01e9640a.jpg?im_w=720');
INSERT INTO IMAGE (IMAGE_ID, ACCOMODATION_ID, IMAGE_URL) VALUES (1342, 81, 'https://a0.muscache.com/im/pictures/13f2ced3-af1d-4d0a-a58d-eb10e3e07c16.jpg?im_w=720');
INSERT INTO IMAGE (IMAGE_ID, ACCOMODATION_ID, IMAGE_URL) VALUES (1343, 81, 'https://a0.muscache.com/im/pictures/4a3ef51f-ae6f-491c-80de-1e076ad299d1.jpg?im_w=720');
INSERT INTO IMAGE (IMAGE_ID, ACCOMODATION_ID, IMAGE_URL) VALUES (1344, 81, 'https://a0.muscache.com/im/pictures/850fd528-de75-4831-b631-d5c98d27b8e0.jpg?im_w=720');
INSERT INTO IMAGE (IMAGE_ID, ACCOMODATION_ID, IMAGE_URL) VALUES (1345, 81, 'https://a0.muscache.com/im/pictures/c17919e8-4547-4426-8157-6ea674fa95eb.jpg?im_w=720');
INSERT INTO IMAGE (IMAGE_ID, ACCOMODATION_ID, IMAGE_URL) VALUES (1346, 81, 'https://a0.muscache.com/im/pictures/e607ca1a-20a5-4e9f-917e-8417292a98aa.jpg?im_w=720');
INSERT INTO IMAGE (IMAGE_ID, ACCOMODATION_ID, IMAGE_URL) VALUES (1347, 81, 'https://a0.muscache.com/im/pictures/9385af06-a14c-4224-a9e6-f50da52cdb58.jpg?im_w=720');
INSERT INTO IMAGE (IMAGE_ID, ACCOMODATION_ID, IMAGE_URL) VALUES (1348, 81, 'https://a0.muscache.com/im/pictures/891ac40a-3306-4007-b229-d5addcd5b7ae.jpg?im_w=720');
INSERT INTO IMAGE (IMAGE_ID, ACCOMODATION_ID, IMAGE_URL) VALUES (1349, 81, 'https://a0.muscache.com/im/pictures/c1877298-7381-412e-ba94-5f69f359bf10.jpg?im_w=720');
INSERT INTO IMAGE (IMAGE_ID, ACCOMODATION_ID, IMAGE_URL) VALUES (1350, 81, 'https://a0.muscache.com/im/pictures/1514b5a2-89c2-454b-af16-aa0d93469b0e.jpg?im_w=720');
INSERT INTO IMAGE (IMAGE_ID, ACCOMODATION_ID, IMAGE_URL) VALUES (1351, 81, 'https://a0.muscache.com/im/pictures/9186eb63-a6ba-44bb-8847-d10c8caad15f.jpg?im_w=720');
INSERT INTO IMAGE (IMAGE_ID, ACCOMODATION_ID, IMAGE_URL) VALUES (1352, 81, 'https://a0.muscache.com/im/pictures/0f2c057f-1005-4b7e-8da7-f72e76b58bf2.jpg?im_w=720');
INSERT INTO IMAGE (IMAGE_ID, ACCOMODATION_ID, IMAGE_URL) VALUES (1353, 81, 'https://a0.muscache.com/im/pictures/e643c6bd-a495-45d5-af01-d2c2996984f1.jpg?im_w=720');
INSERT INTO IMAGE (IMAGE_ID, ACCOMODATION_ID, IMAGE_URL) VALUES (1354, 81, 'https://a0.muscache.com/im/pictures/ee455da7-1677-41e9-bb10-ce60036d6045.jpg?im_w=720');
INSERT INTO IMAGE (IMAGE_ID, ACCOMODATION_ID, IMAGE_URL) VALUES (1355, 81, 'https://a0.muscache.com/im/pictures/50b71337-0610-4388-ac72-33b74c2a0ad6.jpg?im_w=720');
INSERT INTO IMAGE (IMAGE_ID, ACCOMODATION_ID, IMAGE_URL) VALUES (1356, 81, 'https://a0.muscache.com/im/pictures/52173004-03bc-4bae-98ba-cd5f354ecdd3.jpg?im_w=720');
INSERT INTO IMAGE (IMAGE_ID, ACCOMODATION_ID, IMAGE_URL) VALUES (1357, 81, 'https://a0.muscache.com/im/pictures/68042163-7365-468f-af3a-45e13dbdf3e7.jpg?im_w=720');
INSERT INTO IMAGE (IMAGE_ID, ACCOMODATION_ID, IMAGE_URL) VALUES (1358, 81, 'https://a0.muscache.com/im/pictures/4f134df3-bfd9-48bb-a367-cc14212f7021.jpg?im_w=720');
INSERT INTO IMAGE (IMAGE_ID, ACCOMODATION_ID, IMAGE_URL) VALUES (1359, 81, 'https://a0.muscache.com/im/pictures/45460785-c8a3-4d77-ac3a-5a0d4e0033b1.jpg?im_w=720');
INSERT INTO IMAGE (IMAGE_ID, ACCOMODATION_ID, IMAGE_URL) VALUES (1360, 81, 'https://a0.muscache.com/im/pictures/a57a432e-fd0e-4600-bb76-7c104312d833.jpg?im_w=720');
INSERT INTO IMAGE (IMAGE_ID, ACCOMODATION_ID, IMAGE_URL) VALUES (1361, 81, 'https://a0.muscache.com/im/pictures/955d5074-9565-41da-8006-eaafc0333bfd.jpg?im_w=720');
INSERT INTO IMAGE (IMAGE_ID, ACCOMODATION_ID, IMAGE_URL) VALUES (1362, 81, 'https://a0.muscache.com/im/pictures/8683af43-7816-4418-93b0-84639c7ab0b8.jpg?im_w=720');
INSERT INTO IMAGE (IMAGE_ID, ACCOMODATION_ID, IMAGE_URL) VALUES (1363, 81, 'https://a0.muscache.com/im/pictures/7a3a0cc3-d1a9-4cc3-a297-aa4d299a764a.jpg?im_w=720');
INSERT INTO IMAGE (IMAGE_ID, ACCOMODATION_ID, IMAGE_URL) VALUES (1364, 81, 'https://a0.muscache.com/im/pictures/c0b74ebb-6b2f-45ca-ab0c-72b0b270e802.jpg?im_w=720');
INSERT INTO IMAGE (IMAGE_ID, ACCOMODATION_ID, IMAGE_URL) VALUES (1365, 81, 'https://a0.muscache.com/im/pictures/8e742611-1e01-44b1-ad2d-07f74c72f267.jpg?im_w=720');

INSERT INTO LOCATION (LOCATION_ID, LOCATION_NAME, COUNTRY, REGION, CITY, LATITUDE, LONGITUDE) VALUES (82, '지명82', ' 서울', ' Jongno-gu', 'Waryong-dong', 37.57756, 126.99157);
INSERT INTO ACCOMODATION (`ACCOMODATION_ID`, `LOCATION_ID`, `ACCOMODATION_NAME`, `HOST_NAME`, `DISCRIPTION`, `ACCOMODATION_TYPE`, `PRICE`, `MAXIMUM_OCCUPANCY`, `AVERAGE_POINT`, `BED_ROOM`, `BATH_ROOM`, `BED_COUNT`,`OPTION`) VALUES (82, 82, '이케아 그뢰나달 흔들의자가 있는 깨끗한 신축 감성 숙소', '호스트82', '설명82', '개인실', 442459, 2, 8.9, 1, 1,1, '무선 인터넷,에어컨,헤어드라이어');
INSERT INTO IMAGE (IMAGE_ID, ACCOMODATION_ID, IMAGE_URL) VALUES (1366, 82, 'https://a0.muscache.com/im/pictures/c9cad5de-d197-4878-afda-59347ba6df6c.jpg?im_w=720');
INSERT INTO IMAGE (IMAGE_ID, ACCOMODATION_ID, IMAGE_URL) VALUES (1367, 82, 'https://a0.muscache.com/im/pictures/11283b8f-a2d5-4bf8-8b18-9dd323dee9a0.jpg?im_w=720');
INSERT INTO IMAGE (IMAGE_ID, ACCOMODATION_ID, IMAGE_URL) VALUES (1368, 82, 'https://a0.muscache.com/im/pictures/47aa6cbf-b7cb-4f35-afa5-76481eb9cf02.jpg?im_w=720');
INSERT INTO IMAGE (IMAGE_ID, ACCOMODATION_ID, IMAGE_URL) VALUES (1369, 82, 'https://a0.muscache.com/im/pictures/5322ac1f-1b5e-4d63-b0e3-6207db257142.jpg?im_w=720');
INSERT INTO IMAGE (IMAGE_ID, ACCOMODATION_ID, IMAGE_URL) VALUES (1370, 82, 'https://a0.muscache.com/im/pictures/a875dab2-0e44-49ba-8a1c-debd1c46b5ac.jpg?im_w=720');
INSERT INTO IMAGE (IMAGE_ID, ACCOMODATION_ID, IMAGE_URL) VALUES (1371, 82, 'https://a0.muscache.com/im/pictures/dd4dbd56-89a2-4494-a7a0-38c74c9037cc.jpg?im_w=720');
INSERT INTO IMAGE (IMAGE_ID, ACCOMODATION_ID, IMAGE_URL) VALUES (1372, 82, 'https://a0.muscache.com/im/pictures/17f5061b-6c07-4337-8609-2d85d4949e3b.jpg?im_w=720');
INSERT INTO IMAGE (IMAGE_ID, ACCOMODATION_ID, IMAGE_URL) VALUES (1373, 82, 'https://a0.muscache.com/im/pictures/e42b1e77-9f4c-4bf4-a3b7-b080be66a80b.jpg?im_w=720');
INSERT INTO IMAGE (IMAGE_ID, ACCOMODATION_ID, IMAGE_URL) VALUES (1374, 82, 'https://a0.muscache.com/im/pictures/c784bc5d-1a48-4247-82f3-447d96c00348.jpg?im_w=720');
INSERT INTO IMAGE (IMAGE_ID, ACCOMODATION_ID, IMAGE_URL) VALUES (1375, 82, 'https://a0.muscache.com/im/pictures/e250243d-80f5-416b-befe-209f8bf95705.jpg?im_w=720');
INSERT INTO IMAGE (IMAGE_ID, ACCOMODATION_ID, IMAGE_URL) VALUES (1376, 82, 'https://a0.muscache.com/im/pictures/f3532e73-78bb-41f2-8dc6-f45a25e6ae5d.jpg?im_w=720');
INSERT INTO IMAGE (IMAGE_ID, ACCOMODATION_ID, IMAGE_URL) VALUES (1377, 82, 'https://a0.muscache.com/im/pictures/9bc0ac8e-6c90-4da1-9c90-5593413f8fb8.jpg?im_w=720');
INSERT INTO IMAGE (IMAGE_ID, ACCOMODATION_ID, IMAGE_URL) VALUES (1378, 82, 'https://a0.muscache.com/im/pictures/f5c9b53a-8bea-4f8a-9b89-7a44cb06ac81.jpg?im_w=720');
INSERT INTO IMAGE (IMAGE_ID, ACCOMODATION_ID, IMAGE_URL) VALUES (1379, 82, 'https://a0.muscache.com/im/pictures/764cc482-0f9b-4493-9b62-017f1200cb8e.jpg?im_w=720');
INSERT INTO IMAGE (IMAGE_ID, ACCOMODATION_ID, IMAGE_URL) VALUES (1380, 82, 'https://a0.muscache.com/im/pictures/65d1ad35-222b-4bc9-9b93-60f401bb184f.jpg?im_w=720');
INSERT INTO IMAGE (IMAGE_ID, ACCOMODATION_ID, IMAGE_URL) VALUES (1381, 82, 'https://a0.muscache.com/im/pictures/4f43bb32-5369-4caf-9639-b920ec0d3db3.jpg?im_w=720');
INSERT INTO IMAGE (IMAGE_ID, ACCOMODATION_ID, IMAGE_URL) VALUES (1382, 82, 'https://a0.muscache.com/im/pictures/41a1c944-3f20-401f-ad1f-e11def16539a.jpg?im_w=720');
INSERT INTO IMAGE (IMAGE_ID, ACCOMODATION_ID, IMAGE_URL) VALUES (1383, 82, 'https://a0.muscache.com/im/pictures/63dc89cd-5143-46aa-b171-fb5889b0704d.jpg?im_w=720');
INSERT INTO IMAGE (IMAGE_ID, ACCOMODATION_ID, IMAGE_URL) VALUES (1384, 82, 'https://a0.muscache.com/im/pictures/32228bbb-098c-40fc-8659-adce5d583146.jpg?im_w=720');
INSERT INTO IMAGE (IMAGE_ID, ACCOMODATION_ID, IMAGE_URL) VALUES (1385, 82, 'https://a0.muscache.com/im/pictures/872fdf31-3e6d-4e33-a29a-b861b294f25e.jpg?im_w=720');
INSERT INTO IMAGE (IMAGE_ID, ACCOMODATION_ID, IMAGE_URL) VALUES (1386, 82, 'https://a0.muscache.com/im/pictures/d3a2dc57-a7b0-488b-bb17-48360b2a9624.jpg?im_w=720');

INSERT INTO LOCATION (LOCATION_ID, LOCATION_NAME, COUNTRY, REGION, CITY, LATITUDE, LONGITUDE) VALUES (83, '지명83', ' 서울', ' Jongno-gu', 'Sungin 2(i)-dong', 37.57915, 127.02349);
INSERT INTO ACCOMODATION (`ACCOMODATION_ID`, `LOCATION_ID`, `ACCOMODATION_NAME`, `HOST_NAME`, `DISCRIPTION`, `ACCOMODATION_TYPE`, `PRICE`, `MAXIMUM_OCCUPANCY`, `AVERAGE_POINT`, `BED_ROOM`, `BATH_ROOM`, `BED_COUNT`,`OPTION`) VALUES (83, 83, 'HOSTEL SEOUL - Double room with a bathroom', '호스트83', '설명83', '개인실', 380997, 2, 7.0, 1, 1,1, '주방,무선 인터넷,에어컨,헤어드라이어');
INSERT INTO IMAGE (IMAGE_ID, ACCOMODATION_ID, IMAGE_URL) VALUES (1387, 83, 'https://a0.muscache.com/im/pictures/1b363415-58b7-4a1f-9d61-a2a6b10e3996.jpg?im_w=720');
INSERT INTO IMAGE (IMAGE_ID, ACCOMODATION_ID, IMAGE_URL) VALUES (1388, 83, 'https://a0.muscache.com/im/pictures/f6c93e58-9cb5-47e3-842b-b042c1894979.jpg?im_w=720');
INSERT INTO IMAGE (IMAGE_ID, ACCOMODATION_ID, IMAGE_URL) VALUES (1389, 83, 'https://a0.muscache.com/im/pictures/miso/Hosting-49239379/original/ac61924d-d7cd-4e71-b45c-ded668968e9c.jpeg?im_w=720');
INSERT INTO IMAGE (IMAGE_ID, ACCOMODATION_ID, IMAGE_URL) VALUES (1390, 83, 'https://a0.muscache.com/im/pictures/miso/Hosting-49150712/original/c8e15eee-e1a0-4e91-912d-4bf2fca6860b.jpeg?im_w=720');
INSERT INTO IMAGE (IMAGE_ID, ACCOMODATION_ID, IMAGE_URL) VALUES (1391, 83, 'https://a0.muscache.com/im/pictures/miso/Hosting-49131805/original/f40b5394-42b9-4e71-ab39-7593dee4d5aa.jpeg?im_w=720');
INSERT INTO IMAGE (IMAGE_ID, ACCOMODATION_ID, IMAGE_URL) VALUES (1392, 83, 'https://a0.muscache.com/im/pictures/8012bdbf-e281-4fc8-b645-ef663143135d.jpg?im_w=720');
INSERT INTO IMAGE (IMAGE_ID, ACCOMODATION_ID, IMAGE_URL) VALUES (1393, 83, 'https://a0.muscache.com/im/pictures/46bf7e9a-23dc-4174-864f-8967b7859175.jpg?im_w=720');
INSERT INTO IMAGE (IMAGE_ID, ACCOMODATION_ID, IMAGE_URL) VALUES (1394, 83, 'https://a0.muscache.com/im/pictures/daf17c3d-3520-4103-8135-38fc6e6865aa.jpg?im_w=720');
INSERT INTO IMAGE (IMAGE_ID, ACCOMODATION_ID, IMAGE_URL) VALUES (1395, 83, 'https://a0.muscache.com/im/pictures/9f52c84f-e648-4208-916e-194e64ec48fa.jpg?im_w=720');
INSERT INTO IMAGE (IMAGE_ID, ACCOMODATION_ID, IMAGE_URL) VALUES (1396, 83, 'https://a0.muscache.com/im/pictures/ed01fcd7-a882-41e7-a5b2-662ba2a36938.jpg?im_w=720');
INSERT INTO IMAGE (IMAGE_ID, ACCOMODATION_ID, IMAGE_URL) VALUES (1397, 83, 'https://a0.muscache.com/im/pictures/a0528d71-018f-45c1-bee9-d38b5dcf29a6.jpg?im_w=720');
INSERT INTO IMAGE (IMAGE_ID, ACCOMODATION_ID, IMAGE_URL) VALUES (1398, 83, 'https://a0.muscache.com/im/pictures/c5264df5-f483-4021-96dd-ef85f184a7c2.jpg?im_w=720');
INSERT INTO IMAGE (IMAGE_ID, ACCOMODATION_ID, IMAGE_URL) VALUES (1399, 83, 'https://a0.muscache.com/im/pictures/45d9e8ca-1d15-4dda-b4a7-02696cbce714.jpg?im_w=720');
INSERT INTO IMAGE (IMAGE_ID, ACCOMODATION_ID, IMAGE_URL) VALUES (1400, 83, 'https://a0.muscache.com/im/pictures/miso/Hosting-49150712/original/4bdb422a-949b-47d8-85d7-eac0dc2b8caa.jpeg?im_w=720');
INSERT INTO IMAGE (IMAGE_ID, ACCOMODATION_ID, IMAGE_URL) VALUES (1401, 83, 'https://a0.muscache.com/im/pictures/miso/Hosting-49150712/original/190c7b35-04b1-4519-a66d-e217530f7bdd.jpeg?im_w=720');
INSERT INTO IMAGE (IMAGE_ID, ACCOMODATION_ID, IMAGE_URL) VALUES (1402, 83, 'https://a0.muscache.com/im/pictures/miso/Hosting-49150712/original/b808fea9-3f14-4fd8-881e-79e55fa6ce34.jpeg?im_w=720');
INSERT INTO IMAGE (IMAGE_ID, ACCOMODATION_ID, IMAGE_URL) VALUES (1403, 83, 'https://a0.muscache.com/im/pictures/miso/Hosting-49239379/original/a2e2dabd-49a6-4862-84f8-b79dd38d9605.jpeg?im_w=720');
INSERT INTO IMAGE (IMAGE_ID, ACCOMODATION_ID, IMAGE_URL) VALUES (1404, 83, 'https://a0.muscache.com/im/pictures/miso/Hosting-49239379/original/ee47672b-9a15-40ce-9e79-eed71d07619b.jpeg?im_w=720');
INSERT INTO IMAGE (IMAGE_ID, ACCOMODATION_ID, IMAGE_URL) VALUES (1405, 83, 'https://a0.muscache.com/im/pictures/c4517a03-8adf-403b-8896-a51124df5806.jpg?im_w=720');

INSERT INTO LOCATION (LOCATION_ID, LOCATION_NAME, COUNTRY, REGION, CITY, LATITUDE, LONGITUDE) VALUES (84, '지명84', ' 서울', ' Jongno-gu', 'Jongno 5(o).6(yuk)ga-dong', 37.57237, 127.00097);
INSERT INTO ACCOMODATION (`ACCOMODATION_ID`, `LOCATION_ID`, `ACCOMODATION_NAME`, `HOST_NAME`, `DISCRIPTION`, `ACCOMODATION_TYPE`, `PRICE`, `MAXIMUM_OCCUPANCY`, `AVERAGE_POINT`, `BED_ROOM`, `BATH_ROOM`, `BED_COUNT`,`OPTION`) VALUES (84, 84, '[자가격리전용] 서울안심숙소 종로구 미니룸 M304', '호스트84', '설명84', '개인실', 22202, 1, 1.7, 1, 1,1, '무선 인터넷,에어컨,헤어드라이어');
INSERT INTO IMAGE (IMAGE_ID, ACCOMODATION_ID, IMAGE_URL) VALUES (1406, 84, 'https://a0.muscache.com/im/pictures/539fc586-dd1e-4089-96d1-83fa9f54ab3a.jpg?im_w=720');
INSERT INTO IMAGE (IMAGE_ID, ACCOMODATION_ID, IMAGE_URL) VALUES (1407, 84, 'https://a0.muscache.com/im/pictures/173067b5-d652-41aa-8fb3-032e3c9fbbce.jpg?im_w=720');
INSERT INTO IMAGE (IMAGE_ID, ACCOMODATION_ID, IMAGE_URL) VALUES (1408, 84, 'https://a0.muscache.com/im/pictures/f54dbb86-73bd-4738-98ec-8dd5d8bf6041.jpg?im_w=720');
INSERT INTO IMAGE (IMAGE_ID, ACCOMODATION_ID, IMAGE_URL) VALUES (1409, 84, 'https://a0.muscache.com/im/pictures/d8a9fc85-3930-4990-86bb-c118bf602c0a.jpg?im_w=720');
INSERT INTO IMAGE (IMAGE_ID, ACCOMODATION_ID, IMAGE_URL) VALUES (1410, 84, 'https://a0.muscache.com/im/pictures/463a2009-4fae-4a44-81a6-12975f1f35bd.jpg?im_w=720');
INSERT INTO IMAGE (IMAGE_ID, ACCOMODATION_ID, IMAGE_URL) VALUES (1411, 84, 'https://a0.muscache.com/im/pictures/91cd2113-81ed-4eda-b178-4382c8fd196f.jpg?im_w=720');
INSERT INTO IMAGE (IMAGE_ID, ACCOMODATION_ID, IMAGE_URL) VALUES (1412, 84, 'https://a0.muscache.com/im/pictures/4760cf01-b0ab-428d-b9ca-5d4cc4a47e6e.jpg?im_w=720');
INSERT INTO IMAGE (IMAGE_ID, ACCOMODATION_ID, IMAGE_URL) VALUES (1413, 84, 'https://a0.muscache.com/im/pictures/miso/Hosting-48532256/original/e320147c-42f7-4fe8-82b6-b01df3c63a36.jpeg?im_w=720');
INSERT INTO IMAGE (IMAGE_ID, ACCOMODATION_ID, IMAGE_URL) VALUES (1414, 84, 'https://a0.muscache.com/im/pictures/23534a81-1db9-43cc-a903-44e4cc4e6f97.jpg?im_w=720');
INSERT INTO IMAGE (IMAGE_ID, ACCOMODATION_ID, IMAGE_URL) VALUES (1415, 84, 'https://a0.muscache.com/im/pictures/f7b9476e-b401-4512-b655-87f3b666cbd1.jpg?im_w=720');
INSERT INTO IMAGE (IMAGE_ID, ACCOMODATION_ID, IMAGE_URL) VALUES (1416, 84, 'https://a0.muscache.com/im/pictures/a4c6e0f9-c779-404b-a2d6-18e06dd33fee.jpg?im_w=720');
INSERT INTO IMAGE (IMAGE_ID, ACCOMODATION_ID, IMAGE_URL) VALUES (1417, 84, 'https://a0.muscache.com/im/pictures/746cdb7f-137a-4a6c-8c74-3eb5f260f153.jpg?im_w=720');

INSERT INTO LOCATION (LOCATION_ID, LOCATION_NAME, COUNTRY, REGION, CITY, LATITUDE, LONGITUDE) VALUES (85, '지명85', ' 한국', ' 서울', '종로구', 37.5685, 126.99014);
INSERT INTO ACCOMODATION (`ACCOMODATION_ID`, `LOCATION_ID`, `ACCOMODATION_NAME`, `HOST_NAME`, `DISCRIPTION`, `ACCOMODATION_TYPE`, `PRICE`, `MAXIMUM_OCCUPANCY`, `AVERAGE_POINT`, `BED_ROOM`, `BATH_ROOM`, `BED_COUNT`,`OPTION`) VALUES (85, 85, '종로3가역 종각역 국일관 YBM어학원근처 가성비 갑 숙소 -  1', '호스트85', '설명85', '개인실', 630072, 1, 1.2, 1, 1,1, '주방,무선 인터넷,에어컨,헤어드라이어');
INSERT INTO IMAGE (IMAGE_ID, ACCOMODATION_ID, IMAGE_URL) VALUES (1418, 85, 'https://a0.muscache.com/im/pictures/348aad06-6b03-4725-b37d-6adb38eac034.jpg?im_w=720');
INSERT INTO IMAGE (IMAGE_ID, ACCOMODATION_ID, IMAGE_URL) VALUES (1419, 85, 'https://a0.muscache.com/im/pictures/8473d030-4134-48f7-87ff-960810b69e95.jpg?im_w=720');
INSERT INTO IMAGE (IMAGE_ID, ACCOMODATION_ID, IMAGE_URL) VALUES (1420, 85, 'https://a0.muscache.com/im/pictures/c8678e29-5441-4d81-983e-d124491d6661.jpg?im_w=720');
INSERT INTO IMAGE (IMAGE_ID, ACCOMODATION_ID, IMAGE_URL) VALUES (1421, 85, 'https://a0.muscache.com/im/pictures/f50e87d9-53f2-41f2-9fa2-9fc7bc87fad6.jpg?im_w=720');
INSERT INTO IMAGE (IMAGE_ID, ACCOMODATION_ID, IMAGE_URL) VALUES (1422, 85, 'https://a0.muscache.com/im/pictures/d31186ab-16b4-46b1-8290-07021ca317c1.jpg?im_w=720');
INSERT INTO IMAGE (IMAGE_ID, ACCOMODATION_ID, IMAGE_URL) VALUES (1423, 85, 'https://a0.muscache.com/im/pictures/3d4b9bda-b9bd-4720-a770-a3a0a475e45f.jpg?im_w=720');
INSERT INTO IMAGE (IMAGE_ID, ACCOMODATION_ID, IMAGE_URL) VALUES (1424, 85, 'https://a0.muscache.com/im/pictures/d14b0e31-d3fa-4fa2-b242-ae013a355081.jpg?im_w=720');
INSERT INTO IMAGE (IMAGE_ID, ACCOMODATION_ID, IMAGE_URL) VALUES (1425, 85, 'https://a0.muscache.com/im/pictures/be45b09b-b08e-4b79-9dfc-f08f6e14bbea.jpg?im_w=720');
INSERT INTO IMAGE (IMAGE_ID, ACCOMODATION_ID, IMAGE_URL) VALUES (1426, 85, 'https://a0.muscache.com/im/pictures/6fa21f23-bb75-43ee-a359-fafea67a3271.jpg?im_w=720');

INSERT INTO LOCATION (LOCATION_ID, LOCATION_NAME, COUNTRY, REGION, CITY, LATITUDE, LONGITUDE) VALUES (86, '지명86', ' 서울', ' Seodaemun-gu', 'Yeonhui-dong', 37.56174871445267, 126.92863661531081);
INSERT INTO ACCOMODATION (`ACCOMODATION_ID`, `LOCATION_ID`, `ACCOMODATION_NAME`, `HOST_NAME`, `DISCRIPTION`, `ACCOMODATION_TYPE`, `PRICE`, `MAXIMUM_OCCUPANCY`, `AVERAGE_POINT`, `BED_ROOM`, `BATH_ROOM`, `BED_COUNT`,`OPTION`) VALUES (86, 86, '한달, 단기, 하루 살기 연세대 세브란스 홍대 신촌 연희동 연남동', '호스트86', '설명86', '집 전체', 976033, 2, 8.7, 0, 1,0, '주방,에어컨,헤어드라이어');
INSERT INTO IMAGE (IMAGE_ID, ACCOMODATION_ID, IMAGE_URL) VALUES (1427, 86, 'https://a0.muscache.com/im/pictures/33edb9f4-a413-43d1-919e-7d71d5eff827.jpg?im_w=720');
INSERT INTO IMAGE (IMAGE_ID, ACCOMODATION_ID, IMAGE_URL) VALUES (1428, 86, 'https://a0.muscache.com/im/pictures/8b4df203-f73a-418b-b32c-565f3e6277a2.jpg?im_w=720');
INSERT INTO IMAGE (IMAGE_ID, ACCOMODATION_ID, IMAGE_URL) VALUES (1429, 86, 'https://a0.muscache.com/im/pictures/b7b5fb30-5916-4310-9aba-8991d35cce91.jpg?im_w=720');

INSERT INTO LOCATION (LOCATION_ID, LOCATION_NAME, COUNTRY, REGION, CITY, LATITUDE, LONGITUDE) VALUES (87, '지명87', ' 서울', ' Seongbuk-gu', 'Hawolgok-dong', 37.60191188096099, 127.04248038732278);
INSERT INTO ACCOMODATION (`ACCOMODATION_ID`, `LOCATION_ID`, `ACCOMODATION_NAME`, `HOST_NAME`, `DISCRIPTION`, `ACCOMODATION_TYPE`, `PRICE`, `MAXIMUM_OCCUPANCY`, `AVERAGE_POINT`, `BED_ROOM`, `BATH_ROOM`, `BED_COUNT`,`OPTION`) VALUES (87, 87, '1 bedroom rental unit perfect for quarantine', '호스트87', '설명87', '집 전체', 582427, 1, 4.9, 1, 1,1, '주방,무선 인터넷,에어컨');
INSERT INTO IMAGE (IMAGE_ID, ACCOMODATION_ID, IMAGE_URL) VALUES (1430, 87, 'https://a0.muscache.com/im/pictures/miso/Hosting-50023495/original/056775ef-82a8-4803-80e7-7cd0bc483876.jpeg?im_w=720');
INSERT INTO IMAGE (IMAGE_ID, ACCOMODATION_ID, IMAGE_URL) VALUES (1431, 87, 'https://a0.muscache.com/im/pictures/miso/Hosting-50023495/original/2cdc31f3-62f0-47c6-8105-49a68107287b.jpeg?im_w=720');
INSERT INTO IMAGE (IMAGE_ID, ACCOMODATION_ID, IMAGE_URL) VALUES (1432, 87, 'https://a0.muscache.com/im/pictures/miso/Hosting-50023495/original/f0ac63a9-e964-4380-aeeb-fa721d1a2a57.jpeg?im_w=720');
INSERT INTO IMAGE (IMAGE_ID, ACCOMODATION_ID, IMAGE_URL) VALUES (1433, 87, 'https://a0.muscache.com/im/pictures/miso/Hosting-50023495/original/e88b4bba-01ac-4da9-8df5-3b522d811068.jpeg?im_w=720');
INSERT INTO IMAGE (IMAGE_ID, ACCOMODATION_ID, IMAGE_URL) VALUES (1434, 87, 'https://a0.muscache.com/im/pictures/miso/Hosting-50023495/original/e6d28ca4-686c-4661-bd7a-c25f598b4489.jpeg?im_w=720');
INSERT INTO IMAGE (IMAGE_ID, ACCOMODATION_ID, IMAGE_URL) VALUES (1435, 87, 'https://a0.muscache.com/im/pictures/miso/Hosting-50023495/original/9186f486-ea7d-4ac3-9d29-60e4cb829bd6.jpeg?im_w=720');
INSERT INTO IMAGE (IMAGE_ID, ACCOMODATION_ID, IMAGE_URL) VALUES (1436, 87, 'https://a0.muscache.com/im/pictures/miso/Hosting-50023495/original/82168288-3aaa-4651-9f77-d0087e6445c6.jpeg?im_w=720');
INSERT INTO IMAGE (IMAGE_ID, ACCOMODATION_ID, IMAGE_URL) VALUES (1437, 87, 'https://a0.muscache.com/im/pictures/miso/Hosting-50023495/original/07f36bdf-3ed5-47f7-bff9-f0b4630d404f.jpeg?im_w=720');
INSERT INTO IMAGE (IMAGE_ID, ACCOMODATION_ID, IMAGE_URL) VALUES (1438, 87, 'https://a0.muscache.com/im/pictures/miso/Hosting-50023495/original/a51aa3c8-30ee-497e-b327-7b1f94f1f6ca.jpeg?im_w=720');
INSERT INTO IMAGE (IMAGE_ID, ACCOMODATION_ID, IMAGE_URL) VALUES (1439, 87, 'https://a0.muscache.com/im/pictures/miso/Hosting-50023495/original/27c9b7e5-1f46-4f97-82fd-8b4423c68d71.jpeg?im_w=720');
INSERT INTO IMAGE (IMAGE_ID, ACCOMODATION_ID, IMAGE_URL) VALUES (1440, 87, 'https://a0.muscache.com/im/pictures/miso/Hosting-50023495/original/349e0e06-65b5-4d8a-918e-8e0ce97465a8.jpeg?im_w=720');
INSERT INTO IMAGE (IMAGE_ID, ACCOMODATION_ID, IMAGE_URL) VALUES (1441, 87, 'https://a0.muscache.com/im/pictures/miso/Hosting-50023495/original/607f610f-e5cb-43be-aee3-0cc8d5385263.jpeg?im_w=720');
INSERT INTO IMAGE (IMAGE_ID, ACCOMODATION_ID, IMAGE_URL) VALUES (1442, 87, 'https://a0.muscache.com/im/pictures/miso/Hosting-50023495/original/68caee0d-c440-49fb-bbf4-16b3200d4c7c.jpeg?im_w=720');
INSERT INTO IMAGE (IMAGE_ID, ACCOMODATION_ID, IMAGE_URL) VALUES (1443, 87, 'https://a0.muscache.com/im/pictures/miso/Hosting-50023495/original/291d21f8-d86f-4e50-bf73-21b69812499d.jpeg?im_w=720');
INSERT INTO IMAGE (IMAGE_ID, ACCOMODATION_ID, IMAGE_URL) VALUES (1444, 87, 'https://a0.muscache.com/im/pictures/miso/Hosting-50023495/original/9c13d0d5-500c-4ff9-b370-bceb016e4d72.jpeg?im_w=720');
INSERT INTO IMAGE (IMAGE_ID, ACCOMODATION_ID, IMAGE_URL) VALUES (1445, 87, 'https://a0.muscache.com/im/pictures/miso/Hosting-50023495/original/99819572-f031-4e3f-8845-f05aa6e8a4ac.jpeg?im_w=720');

INSERT INTO LOCATION (LOCATION_ID, LOCATION_NAME, COUNTRY, REGION, CITY, LATITUDE, LONGITUDE) VALUES (88, '지명88', ' 한국', ' 서울', '종로구', 37.58218, 126.96385);
INSERT INTO ACCOMODATION (`ACCOMODATION_ID`, `LOCATION_ID`, `ACCOMODATION_NAME`, `HOST_NAME`, `DISCRIPTION`, `ACCOMODATION_TYPE`, `PRICE`, `MAXIMUM_OCCUPANCY`, `AVERAGE_POINT`, `BED_ROOM`, `BATH_ROOM`, `BED_COUNT`,`OPTION`) VALUES (88, 88, '서촌유닛(Sechon Unit)-종로구,경복궁역,서촌', '호스트88', '설명88', '집 전체', 232313, 2, 7.9, 2, 1,2, '주방,무선 인터넷,에어컨,헤어드라이어');
INSERT INTO IMAGE (IMAGE_ID, ACCOMODATION_ID, IMAGE_URL) VALUES (1446, 88, 'https://a0.muscache.com/im/pictures/3092f646-e2bf-426d-895d-f413ffdf7263.jpg?im_w=720');
INSERT INTO IMAGE (IMAGE_ID, ACCOMODATION_ID, IMAGE_URL) VALUES (1447, 88, 'https://a0.muscache.com/im/pictures/866f333c-5459-473c-a155-6f3e0b140b1a.jpg?im_w=720');
INSERT INTO IMAGE (IMAGE_ID, ACCOMODATION_ID, IMAGE_URL) VALUES (1448, 88, 'https://a0.muscache.com/im/pictures/987acad5-45d0-4cb5-b403-05fdce1bf8f4.jpg?im_w=720');
INSERT INTO IMAGE (IMAGE_ID, ACCOMODATION_ID, IMAGE_URL) VALUES (1449, 88, 'https://a0.muscache.com/im/pictures/31e61c20-17d9-450f-92dc-4fa1ced8f4c1.jpg?im_w=720');
INSERT INTO IMAGE (IMAGE_ID, ACCOMODATION_ID, IMAGE_URL) VALUES (1450, 88, 'https://a0.muscache.com/im/pictures/0c41170a-8bfb-4ab7-bddd-66cc3052226b.jpg?im_w=720');
INSERT INTO IMAGE (IMAGE_ID, ACCOMODATION_ID, IMAGE_URL) VALUES (1451, 88, 'https://a0.muscache.com/im/pictures/8a61d2dc-de35-4ab2-adc4-679f063de53a.jpg?im_w=720');
INSERT INTO IMAGE (IMAGE_ID, ACCOMODATION_ID, IMAGE_URL) VALUES (1452, 88, 'https://a0.muscache.com/im/pictures/3bfd5d9c-ea1c-4f7b-9d7d-78c4ea9885ef.jpg?im_w=720');
INSERT INTO IMAGE (IMAGE_ID, ACCOMODATION_ID, IMAGE_URL) VALUES (1453, 88, 'https://a0.muscache.com/im/pictures/6e8cd6aa-2793-47b2-b8cf-01f9d171b425.jpg?im_w=720');
INSERT INTO IMAGE (IMAGE_ID, ACCOMODATION_ID, IMAGE_URL) VALUES (1454, 88, 'https://a0.muscache.com/im/pictures/df6cd89b-02d8-40c9-b603-6106f48408b2.jpg?im_w=720');
INSERT INTO IMAGE (IMAGE_ID, ACCOMODATION_ID, IMAGE_URL) VALUES (1455, 88, 'https://a0.muscache.com/im/pictures/0e8f8ee8-dc15-42db-8376-15d7eeea2462.jpg?im_w=720');
INSERT INTO IMAGE (IMAGE_ID, ACCOMODATION_ID, IMAGE_URL) VALUES (1456, 88, 'https://a0.muscache.com/im/pictures/e245c18f-7f31-4b2f-a2e3-d79f63740382.jpg?im_w=720');
INSERT INTO IMAGE (IMAGE_ID, ACCOMODATION_ID, IMAGE_URL) VALUES (1457, 88, 'https://a0.muscache.com/im/pictures/722ffc68-dc8d-4678-86db-96974e44586e.jpg?im_w=720');
INSERT INTO IMAGE (IMAGE_ID, ACCOMODATION_ID, IMAGE_URL) VALUES (1458, 88, 'https://a0.muscache.com/im/pictures/739e2ad8-82e2-43c3-860a-6eccae1c841c.jpg?im_w=720');
INSERT INTO IMAGE (IMAGE_ID, ACCOMODATION_ID, IMAGE_URL) VALUES (1459, 88, 'https://a0.muscache.com/im/pictures/8402ea1a-7fa5-4c55-a0a7-ac46f86c5ca0.jpg?im_w=720');
INSERT INTO IMAGE (IMAGE_ID, ACCOMODATION_ID, IMAGE_URL) VALUES (1460, 88, 'https://a0.muscache.com/im/pictures/6a4b44a8-f1d6-4b93-ad7c-d249177b8ce8.jpg?im_w=720');
INSERT INTO IMAGE (IMAGE_ID, ACCOMODATION_ID, IMAGE_URL) VALUES (1461, 88, 'https://a0.muscache.com/im/pictures/6d0944cc-3122-4614-9fc9-f0250b23d449.jpg?im_w=720');
INSERT INTO IMAGE (IMAGE_ID, ACCOMODATION_ID, IMAGE_URL) VALUES (1462, 88, 'https://a0.muscache.com/im/pictures/cb15619b-a655-4234-9141-d8abc45b493b.jpg?im_w=720');
INSERT INTO IMAGE (IMAGE_ID, ACCOMODATION_ID, IMAGE_URL) VALUES (1463, 88, 'https://a0.muscache.com/im/pictures/f0aaf2ba-1e9e-49c1-8f86-1bb5979b0d55.jpg?im_w=720');
INSERT INTO IMAGE (IMAGE_ID, ACCOMODATION_ID, IMAGE_URL) VALUES (1464, 88, 'https://a0.muscache.com/im/pictures/3e0315e8-9561-4bd4-9800-362fb194ec37.jpg?im_w=720');
INSERT INTO IMAGE (IMAGE_ID, ACCOMODATION_ID, IMAGE_URL) VALUES (1465, 88, 'https://a0.muscache.com/im/pictures/60f2c114-cc67-48f1-9f2c-970b9fe35105.jpg?im_w=720');
INSERT INTO IMAGE (IMAGE_ID, ACCOMODATION_ID, IMAGE_URL) VALUES (1466, 88, 'https://a0.muscache.com/im/pictures/63baa9fc-448d-4a85-b21c-df0c90f5a651.jpg?im_w=720');
INSERT INTO IMAGE (IMAGE_ID, ACCOMODATION_ID, IMAGE_URL) VALUES (1467, 88, 'https://a0.muscache.com/im/pictures/7e1845b1-bb0f-406a-bbe7-91264898eb44.jpg?im_w=720');
INSERT INTO IMAGE (IMAGE_ID, ACCOMODATION_ID, IMAGE_URL) VALUES (1468, 88, 'https://a0.muscache.com/im/pictures/8669a1df-ee17-4cd6-959c-c71f0a04a742.jpg?im_w=720');
INSERT INTO IMAGE (IMAGE_ID, ACCOMODATION_ID, IMAGE_URL) VALUES (1469, 88, 'https://a0.muscache.com/im/pictures/6325641e-b06d-4c2b-b366-f6b3b48b35a7.jpg?im_w=720');
INSERT INTO IMAGE (IMAGE_ID, ACCOMODATION_ID, IMAGE_URL) VALUES (1470, 88, 'https://a0.muscache.com/im/pictures/0c006229-0c40-446a-abbf-4227f3ea5a7f.jpg?im_w=720');
INSERT INTO IMAGE (IMAGE_ID, ACCOMODATION_ID, IMAGE_URL) VALUES (1471, 88, 'https://a0.muscache.com/im/pictures/d72b2976-9532-4c13-bac3-5b6f8aaff3ab.jpg?im_w=720');
INSERT INTO IMAGE (IMAGE_ID, ACCOMODATION_ID, IMAGE_URL) VALUES (1472, 88, 'https://a0.muscache.com/im/pictures/c4394abc-c454-4567-88af-dece2c586c9b.jpg?im_w=720');
INSERT INTO IMAGE (IMAGE_ID, ACCOMODATION_ID, IMAGE_URL) VALUES (1473, 88, 'https://a0.muscache.com/im/pictures/792eef64-cdfd-4e84-ad06-3387cadf9dde.jpg?im_w=720');
INSERT INTO IMAGE (IMAGE_ID, ACCOMODATION_ID, IMAGE_URL) VALUES (1474, 88, 'https://a0.muscache.com/im/pictures/1eb8fbd7-e859-4cff-881d-934d4f689050.jpg?im_w=720');
INSERT INTO IMAGE (IMAGE_ID, ACCOMODATION_ID, IMAGE_URL) VALUES (1475, 88, 'https://a0.muscache.com/im/pictures/53f5064f-de22-4d41-bad0-cb999ca7c3c0.jpg?im_w=720');

INSERT INTO LOCATION (LOCATION_ID, LOCATION_NAME, COUNTRY, REGION, CITY, LATITUDE, LONGITUDE) VALUES (89, '지명89', ' 한국', ' 서울', '종로구', 37.57701, 126.98673);
INSERT INTO ACCOMODATION (`ACCOMODATION_ID`, `LOCATION_ID`, `ACCOMODATION_NAME`, `HOST_NAME`, `DISCRIPTION`, `ACCOMODATION_TYPE`, `PRICE`, `MAXIMUM_OCCUPANCY`, `AVERAGE_POINT`, `BED_ROOM`, `BATH_ROOM`, `BED_COUNT`,`OPTION`) VALUES (89, 89, 'NEW, seoul,jongno,insadong,Bukchon #D', '호스트89', '설명89', '집 전체', 495326, 3, 8.5, 1, 1,1, '주방,무선 인터넷,에어컨,헤어드라이어');
INSERT INTO IMAGE (IMAGE_ID, ACCOMODATION_ID, IMAGE_URL) VALUES (1476, 89, 'https://a0.muscache.com/im/pictures/7e18c395-6407-4413-b511-e0cc54427286.jpg?im_w=720');
INSERT INTO IMAGE (IMAGE_ID, ACCOMODATION_ID, IMAGE_URL) VALUES (1477, 89, 'https://a0.muscache.com/im/pictures/cd01a82b-06c2-4447-937a-a2054a9c8977.jpg?im_w=720');
INSERT INTO IMAGE (IMAGE_ID, ACCOMODATION_ID, IMAGE_URL) VALUES (1478, 89, 'https://a0.muscache.com/im/pictures/33ecabc7-c5ca-4049-9603-226b4a33eb68.jpg?im_w=720');
INSERT INTO IMAGE (IMAGE_ID, ACCOMODATION_ID, IMAGE_URL) VALUES (1479, 89, 'https://a0.muscache.com/im/pictures/d48d10be-295c-4d46-a651-d8d619f27b4a.jpg?im_w=720');
INSERT INTO IMAGE (IMAGE_ID, ACCOMODATION_ID, IMAGE_URL) VALUES (1480, 89, 'https://a0.muscache.com/im/pictures/d103c452-de3b-4752-8a57-000924c59da7.jpg?im_w=720');
INSERT INTO IMAGE (IMAGE_ID, ACCOMODATION_ID, IMAGE_URL) VALUES (1481, 89, 'https://a0.muscache.com/im/pictures/1e9d294f-de4d-4458-b4d6-3eb55da80c92.jpg?im_w=720');
INSERT INTO IMAGE (IMAGE_ID, ACCOMODATION_ID, IMAGE_URL) VALUES (1482, 89, 'https://a0.muscache.com/im/pictures/f234bb87-2e69-4950-b800-3b67303bbc7a.jpg?im_w=720');
INSERT INTO IMAGE (IMAGE_ID, ACCOMODATION_ID, IMAGE_URL) VALUES (1483, 89, 'https://a0.muscache.com/im/pictures/d8f7af81-9afb-4fc4-bd25-1105a02a9e35.jpg?im_w=720');
INSERT INTO IMAGE (IMAGE_ID, ACCOMODATION_ID, IMAGE_URL) VALUES (1484, 89, 'https://a0.muscache.com/im/pictures/ab35f6b4-d053-476d-8ea0-b39719826bec.jpg?im_w=720');
INSERT INTO IMAGE (IMAGE_ID, ACCOMODATION_ID, IMAGE_URL) VALUES (1485, 89, 'https://a0.muscache.com/im/pictures/f446e17e-cab9-4e5f-b755-c0fabc2ddb4f.jpg?im_w=720');
INSERT INTO IMAGE (IMAGE_ID, ACCOMODATION_ID, IMAGE_URL) VALUES (1486, 89, 'https://a0.muscache.com/im/pictures/62b84e0e-34a5-47a3-87c2-619b533d3011.jpg?im_w=720');
INSERT INTO IMAGE (IMAGE_ID, ACCOMODATION_ID, IMAGE_URL) VALUES (1487, 89, 'https://a0.muscache.com/im/pictures/aac287c2-0077-4417-876b-1fddad2a6e04.jpg?im_w=720');
INSERT INTO IMAGE (IMAGE_ID, ACCOMODATION_ID, IMAGE_URL) VALUES (1488, 89, 'https://a0.muscache.com/im/pictures/c3df7258-c26c-46c2-88ff-b957a5a9ded4.jpg?im_w=720');
INSERT INTO IMAGE (IMAGE_ID, ACCOMODATION_ID, IMAGE_URL) VALUES (1489, 89, 'https://a0.muscache.com/im/pictures/12cf0292-017a-423c-a3b1-2b133a3d82d7.jpg?im_w=720');
INSERT INTO IMAGE (IMAGE_ID, ACCOMODATION_ID, IMAGE_URL) VALUES (1490, 89, 'https://a0.muscache.com/im/pictures/54de74b9-a877-4ee3-9627-8cd2b041dceb.jpg?im_w=720');
INSERT INTO IMAGE (IMAGE_ID, ACCOMODATION_ID, IMAGE_URL) VALUES (1491, 89, 'https://a0.muscache.com/im/pictures/24f830b1-eb6c-45e7-9e8f-8411570403d2.jpg?im_w=720');
INSERT INTO IMAGE (IMAGE_ID, ACCOMODATION_ID, IMAGE_URL) VALUES (1492, 89, 'https://a0.muscache.com/im/pictures/c8b538cb-d33c-429d-802f-cab7ddb89ceb.jpg?im_w=720');
INSERT INTO IMAGE (IMAGE_ID, ACCOMODATION_ID, IMAGE_URL) VALUES (1493, 89, 'https://a0.muscache.com/im/pictures/ca3ca22c-fb47-4f8e-a7e6-855c01dfc9a5.jpg?im_w=720');
INSERT INTO IMAGE (IMAGE_ID, ACCOMODATION_ID, IMAGE_URL) VALUES (1494, 89, 'https://a0.muscache.com/im/pictures/19415838-38f6-4731-bb56-78477625af9c.jpg?im_w=720');
INSERT INTO IMAGE (IMAGE_ID, ACCOMODATION_ID, IMAGE_URL) VALUES (1495, 89, 'https://a0.muscache.com/im/pictures/64fc6cdf-aad8-4b57-95d2-63b3541246a1.jpg?im_w=720');
INSERT INTO IMAGE (IMAGE_ID, ACCOMODATION_ID, IMAGE_URL) VALUES (1496, 89, 'https://a0.muscache.com/im/pictures/628b15f0-7346-4a79-9657-2ed6e0218977.jpg?im_w=720');
INSERT INTO IMAGE (IMAGE_ID, ACCOMODATION_ID, IMAGE_URL) VALUES (1497, 89, 'https://a0.muscache.com/im/pictures/2401f6c1-02c6-41aa-be63-5646c2c66854.jpg?im_w=720');
INSERT INTO IMAGE (IMAGE_ID, ACCOMODATION_ID, IMAGE_URL) VALUES (1498, 89, 'https://a0.muscache.com/im/pictures/52c9f99d-8cf4-46e0-8f66-2e4bb11970a4.jpg?im_w=720');
INSERT INTO IMAGE (IMAGE_ID, ACCOMODATION_ID, IMAGE_URL) VALUES (1499, 89, 'https://a0.muscache.com/im/pictures/2edd4dac-145f-4975-8b40-46bc3858dd0e.jpg?im_w=720');
INSERT INTO IMAGE (IMAGE_ID, ACCOMODATION_ID, IMAGE_URL) VALUES (1500, 89, 'https://a0.muscache.com/im/pictures/ed31fa17-331a-42c4-a74f-93af6bced903.jpg?im_w=720');
INSERT INTO IMAGE (IMAGE_ID, ACCOMODATION_ID, IMAGE_URL) VALUES (1501, 89, 'https://a0.muscache.com/im/pictures/96ed0fdf-6767-4bcd-9a1f-6ef362b61807.jpg?im_w=720');
INSERT INTO IMAGE (IMAGE_ID, ACCOMODATION_ID, IMAGE_URL) VALUES (1502, 89, 'https://a0.muscache.com/im/pictures/084fc586-b202-4e1b-a0b3-9ef364e83f3d.jpg?im_w=720');
INSERT INTO IMAGE (IMAGE_ID, ACCOMODATION_ID, IMAGE_URL) VALUES (1503, 89, 'https://a0.muscache.com/im/pictures/d9188929-22ba-4410-8c4d-00b5ec1281f2.jpg?im_w=720');
INSERT INTO IMAGE (IMAGE_ID, ACCOMODATION_ID, IMAGE_URL) VALUES (1504, 89, 'https://a0.muscache.com/im/pictures/60bc8382-a107-4677-82f2-ddb6fed26e50.jpg?im_w=720');
INSERT INTO IMAGE (IMAGE_ID, ACCOMODATION_ID, IMAGE_URL) VALUES (1505, 89, 'https://a0.muscache.com/im/pictures/65ec2003-ccc1-466e-9bd5-1f1569fffe9f.jpg?im_w=720');

INSERT INTO LOCATION (LOCATION_ID, LOCATION_NAME, COUNTRY, REGION, CITY, LATITUDE, LONGITUDE) VALUES (90, '지명90', ' 한국', ' 서울', '용산구', 37.54346, 126.9651);
INSERT INTO ACCOMODATION (`ACCOMODATION_ID`, `LOCATION_ID`, `ACCOMODATION_NAME`, `HOST_NAME`, `DISCRIPTION`, `ACCOMODATION_TYPE`, `PRICE`, `MAXIMUM_OCCUPANCY`, `AVERAGE_POINT`, `BED_ROOM`, `BATH_ROOM`, `BED_COUNT`,`OPTION`) VALUES (90, 90, '숙대 앞 안전하고 살기좋은 빌라 Calm&Mood-103(only woman)', '호스트90', '설명90', '개인실', 515831, 1, 3.3, 1, 3,1, '주방,무선 인터넷,에어컨,헤어드라이어');
INSERT INTO IMAGE (IMAGE_ID, ACCOMODATION_ID, IMAGE_URL) VALUES (1506, 90, 'https://a0.muscache.com/im/pictures/193d722d-0ead-42d3-b773-ca8c94a66b66.jpg?im_w=720');
INSERT INTO IMAGE (IMAGE_ID, ACCOMODATION_ID, IMAGE_URL) VALUES (1507, 90, 'https://a0.muscache.com/im/pictures/de648c69-6973-46b7-bb1c-0f81aa804e26.jpg?im_w=720');
INSERT INTO IMAGE (IMAGE_ID, ACCOMODATION_ID, IMAGE_URL) VALUES (1508, 90, 'https://a0.muscache.com/im/pictures/bd425d9f-4c1f-4057-9bae-c4d15ccb4f72.jpg?im_w=720');
INSERT INTO IMAGE (IMAGE_ID, ACCOMODATION_ID, IMAGE_URL) VALUES (1509, 90, 'https://a0.muscache.com/im/pictures/12c2e6a5-4f4d-42b5-af98-fb30771cece8.jpg?im_w=720');
INSERT INTO IMAGE (IMAGE_ID, ACCOMODATION_ID, IMAGE_URL) VALUES (1510, 90, 'https://a0.muscache.com/im/pictures/ed0e03e1-c293-43f9-a993-7346928cb942.jpg?im_w=720');
INSERT INTO IMAGE (IMAGE_ID, ACCOMODATION_ID, IMAGE_URL) VALUES (1511, 90, 'https://a0.muscache.com/im/pictures/0e0d7bbc-b5e6-499d-9bfe-5e8dcb9e8a5c.jpg?im_w=720');
INSERT INTO IMAGE (IMAGE_ID, ACCOMODATION_ID, IMAGE_URL) VALUES (1512, 90, 'https://a0.muscache.com/im/pictures/78e26989-6654-4d36-ae87-14ee6880d7ce.jpg?im_w=720');
INSERT INTO IMAGE (IMAGE_ID, ACCOMODATION_ID, IMAGE_URL) VALUES (1513, 90, 'https://a0.muscache.com/im/pictures/b2440602-b68e-4649-8718-02029971f31d.jpg?im_w=720');
INSERT INTO IMAGE (IMAGE_ID, ACCOMODATION_ID, IMAGE_URL) VALUES (1514, 90, 'https://a0.muscache.com/im/pictures/ddc9e3c8-2697-47d8-8f9a-7d7f57cd6e82.jpg?im_w=720');
INSERT INTO IMAGE (IMAGE_ID, ACCOMODATION_ID, IMAGE_URL) VALUES (1515, 90, 'https://a0.muscache.com/im/pictures/b5a62102-55b3-4c95-aa53-60706cfb49a3.jpg?im_w=720');
INSERT INTO IMAGE (IMAGE_ID, ACCOMODATION_ID, IMAGE_URL) VALUES (1516, 90, 'https://a0.muscache.com/im/pictures/56051203-88da-447f-bf77-77589475703d.jpg?im_w=720');
INSERT INTO IMAGE (IMAGE_ID, ACCOMODATION_ID, IMAGE_URL) VALUES (1517, 90, 'https://a0.muscache.com/im/pictures/c9f761f9-53ea-463a-8087-98a2d7112509.jpg?im_w=720');
INSERT INTO IMAGE (IMAGE_ID, ACCOMODATION_ID, IMAGE_URL) VALUES (1518, 90, 'https://a0.muscache.com/im/pictures/2766c4ed-a69e-4f2f-8c7e-28c5dc7f38cd.jpg?im_w=720');
INSERT INTO IMAGE (IMAGE_ID, ACCOMODATION_ID, IMAGE_URL) VALUES (1519, 90, 'https://a0.muscache.com/im/pictures/38678970-0015-4c66-b857-5a9ca4bf6544.jpg?im_w=720');
INSERT INTO IMAGE (IMAGE_ID, ACCOMODATION_ID, IMAGE_URL) VALUES (1520, 90, 'https://a0.muscache.com/im/pictures/cd5f1789-87c5-4803-9c1d-63ad282138af.jpg?im_w=720');
INSERT INTO IMAGE (IMAGE_ID, ACCOMODATION_ID, IMAGE_URL) VALUES (1521, 90, 'https://a0.muscache.com/im/pictures/3762b0b1-e6a1-4d75-a240-52d0b1ac400b.jpg?im_w=720');
INSERT INTO IMAGE (IMAGE_ID, ACCOMODATION_ID, IMAGE_URL) VALUES (1522, 90, 'https://a0.muscache.com/im/pictures/269678b1-6022-4110-aafe-a0e7cec8c037.jpg?im_w=720');
INSERT INTO IMAGE (IMAGE_ID, ACCOMODATION_ID, IMAGE_URL) VALUES (1523, 90, 'https://a0.muscache.com/im/pictures/ada13521-c5f4-414e-9058-0946810d3d13.jpg?im_w=720');
INSERT INTO IMAGE (IMAGE_ID, ACCOMODATION_ID, IMAGE_URL) VALUES (1524, 90, 'https://a0.muscache.com/im/pictures/432f7025-88da-403c-8f35-8d17d666c842.jpg?im_w=720');
INSERT INTO IMAGE (IMAGE_ID, ACCOMODATION_ID, IMAGE_URL) VALUES (1525, 90, 'https://a0.muscache.com/im/pictures/ac6340ce-4a02-4abf-b2ab-1fd6ef09796d.jpg?im_w=720');
INSERT INTO IMAGE (IMAGE_ID, ACCOMODATION_ID, IMAGE_URL) VALUES (1526, 90, 'https://a0.muscache.com/im/pictures/14119386-2a1e-4bf5-a6c7-039d49025d39.jpg?im_w=720');
INSERT INTO IMAGE (IMAGE_ID, ACCOMODATION_ID, IMAGE_URL) VALUES (1527, 90, 'https://a0.muscache.com/im/pictures/bdb2e90b-9a57-4bd7-8384-ec420f5279c2.jpg?im_w=720');
INSERT INTO IMAGE (IMAGE_ID, ACCOMODATION_ID, IMAGE_URL) VALUES (1528, 90, 'https://a0.muscache.com/im/pictures/a4bac3c8-6a16-4405-9306-7c802a450f76.jpg?im_w=720');
INSERT INTO IMAGE (IMAGE_ID, ACCOMODATION_ID, IMAGE_URL) VALUES (1529, 90, 'https://a0.muscache.com/im/pictures/87bf85ab-6923-43df-b25b-2ce3e2b47e8e.jpg?im_w=720');
INSERT INTO IMAGE (IMAGE_ID, ACCOMODATION_ID, IMAGE_URL) VALUES (1530, 90, 'https://a0.muscache.com/im/pictures/e1c45cf2-cf6c-4eb6-91fd-9cba3b2740d5.jpg?im_w=720');
INSERT INTO IMAGE (IMAGE_ID, ACCOMODATION_ID, IMAGE_URL) VALUES (1531, 90, 'https://a0.muscache.com/im/pictures/32605461-45b9-4586-a980-e5b30b303ace.jpg?im_w=720');
INSERT INTO IMAGE (IMAGE_ID, ACCOMODATION_ID, IMAGE_URL) VALUES (1532, 90, 'https://a0.muscache.com/im/pictures/e620c818-dc3a-46b2-b725-dfa4bd3679f7.jpg?im_w=720');

INSERT INTO LOCATION (LOCATION_ID, LOCATION_NAME, COUNTRY, REGION, CITY, LATITUDE, LONGITUDE) VALUES (91, '지명91', ' 서울', ' Jongno-gu', 'Ihwa-dong', 37.57816, 127.00468);
INSERT INTO ACCOMODATION (`ACCOMODATION_ID`, `LOCATION_ID`, `ACCOMODATION_NAME`, `HOST_NAME`, `DISCRIPTION`, `ACCOMODATION_TYPE`, `PRICE`, `MAXIMUM_OCCUPANCY`, `AVERAGE_POINT`, `BED_ROOM`, `BATH_ROOM`, `BED_COUNT`,`OPTION`) VALUES (91, 91, '대학로 Mins House!!406', '호스트91', '설명91', '집 전체', 181640, 2, 6.4, 1, 0,1, '주방,무선 인터넷,에어컨,헤어드라이어');
INSERT INTO IMAGE (IMAGE_ID, ACCOMODATION_ID, IMAGE_URL) VALUES (1533, 91, 'https://a0.muscache.com/im/pictures/4ae9672c-39e2-475a-adaa-1dd4d138e7e1.jpg?im_w=720');
INSERT INTO IMAGE (IMAGE_ID, ACCOMODATION_ID, IMAGE_URL) VALUES (1534, 91, 'https://a0.muscache.com/im/pictures/99ccdbff-cd8f-4b77-ba5f-06c6a1daf879.jpg?im_w=720');
INSERT INTO IMAGE (IMAGE_ID, ACCOMODATION_ID, IMAGE_URL) VALUES (1535, 91, 'https://a0.muscache.com/im/pictures/3733f800-6281-42e2-93b2-302635f689ad.jpg?im_w=720');
INSERT INTO IMAGE (IMAGE_ID, ACCOMODATION_ID, IMAGE_URL) VALUES (1536, 91, 'https://a0.muscache.com/im/pictures/12bffabd-a3d6-451e-bc98-24a8c0fcd60f.jpg?im_w=720');
INSERT INTO IMAGE (IMAGE_ID, ACCOMODATION_ID, IMAGE_URL) VALUES (1537, 91, 'https://a0.muscache.com/im/pictures/f38108b9-5bea-4fca-99cd-f4cc1f78b5e9.jpg?im_w=720');
INSERT INTO IMAGE (IMAGE_ID, ACCOMODATION_ID, IMAGE_URL) VALUES (1538, 91, 'https://a0.muscache.com/im/pictures/0af5e835-9dc5-4bc1-bdc8-cf71499273fe.jpg?im_w=720');
INSERT INTO IMAGE (IMAGE_ID, ACCOMODATION_ID, IMAGE_URL) VALUES (1539, 91, 'https://a0.muscache.com/im/pictures/4e3cd960-cf67-4e88-957c-b562415f24b0.jpg?im_w=720');
INSERT INTO IMAGE (IMAGE_ID, ACCOMODATION_ID, IMAGE_URL) VALUES (1540, 91, 'https://a0.muscache.com/im/pictures/a9cc3902-ddde-4a38-9eac-170d8e20e8d8.jpg?im_w=720');
INSERT INTO IMAGE (IMAGE_ID, ACCOMODATION_ID, IMAGE_URL) VALUES (1541, 91, 'https://a0.muscache.com/im/pictures/046e6956-9c85-4e88-b0cc-a36dcc3dfe60.jpg?im_w=720');
INSERT INTO IMAGE (IMAGE_ID, ACCOMODATION_ID, IMAGE_URL) VALUES (1542, 91, 'https://a0.muscache.com/im/pictures/9b4f732f-8af3-479a-9317-d482c6d3bd05.jpg?im_w=720');
INSERT INTO IMAGE (IMAGE_ID, ACCOMODATION_ID, IMAGE_URL) VALUES (1543, 91, 'https://a0.muscache.com/im/pictures/66eee562-adb3-459e-8c21-9a34973679ab.jpg?im_w=720');

INSERT INTO LOCATION (LOCATION_ID, LOCATION_NAME, COUNTRY, REGION, CITY, LATITUDE, LONGITUDE) VALUES (92, '지명92', ' 서울', ' Jung-gu', 'Myeong-dong', 37.56153, 126.98397);
INSERT INTO ACCOMODATION (`ACCOMODATION_ID`, `LOCATION_ID`, `ACCOMODATION_NAME`, `HOST_NAME`, `DISCRIPTION`, `ACCOMODATION_TYPE`, `PRICE`, `MAXIMUM_OCCUPANCY`, `AVERAGE_POINT`, `BED_ROOM`, `BATH_ROOM`, `BED_COUNT`,`OPTION`) VALUES (92, 92, '명동 쇼핑거리 감성유닛 TD (방역완료, 소독ing)', '호스트92', '설명92', '집 전체', 727364, 2, 1.8, 1, 1,1, '무선 인터넷,에어컨,헤어드라이어');
INSERT INTO IMAGE (IMAGE_ID, ACCOMODATION_ID, IMAGE_URL) VALUES (1544, 92, 'https://a0.muscache.com/im/pictures/896764dd-ece5-4f91-8ac2-57f01197d161.jpg?im_w=720');
INSERT INTO IMAGE (IMAGE_ID, ACCOMODATION_ID, IMAGE_URL) VALUES (1545, 92, 'https://a0.muscache.com/im/pictures/60059495-fecf-4064-9b2c-227a583adcea.jpg?im_w=720');
INSERT INTO IMAGE (IMAGE_ID, ACCOMODATION_ID, IMAGE_URL) VALUES (1546, 92, 'https://a0.muscache.com/im/pictures/47f9bdd6-f4b1-467f-99dd-d6d9bf4382c3.jpg?im_w=720');
INSERT INTO IMAGE (IMAGE_ID, ACCOMODATION_ID, IMAGE_URL) VALUES (1547, 92, 'https://a0.muscache.com/im/pictures/64a1318a-810c-4c40-97a8-b16821dc47ed.jpg?im_w=720');
INSERT INTO IMAGE (IMAGE_ID, ACCOMODATION_ID, IMAGE_URL) VALUES (1548, 92, 'https://a0.muscache.com/im/pictures/838b6c8c-450d-4964-8182-ce7a9a8d76a9.jpg?im_w=720');
INSERT INTO IMAGE (IMAGE_ID, ACCOMODATION_ID, IMAGE_URL) VALUES (1549, 92, 'https://a0.muscache.com/im/pictures/aaec5dbd-a023-46af-8b4d-611f0946ee1c.jpg?im_w=720');
INSERT INTO IMAGE (IMAGE_ID, ACCOMODATION_ID, IMAGE_URL) VALUES (1550, 92, 'https://a0.muscache.com/im/pictures/e8faea08-9bb8-415f-a3e9-880f8d216b3e.jpg?im_w=720');
INSERT INTO IMAGE (IMAGE_ID, ACCOMODATION_ID, IMAGE_URL) VALUES (1551, 92, 'https://a0.muscache.com/im/pictures/6d1dbc6e-bc75-4ddf-9526-8532947e39ff.jpg?im_w=720');
INSERT INTO IMAGE (IMAGE_ID, ACCOMODATION_ID, IMAGE_URL) VALUES (1552, 92, 'https://a0.muscache.com/im/pictures/d0d4a7f7-7e69-434c-96cf-52f314cd56f2.jpg?im_w=720');
INSERT INTO IMAGE (IMAGE_ID, ACCOMODATION_ID, IMAGE_URL) VALUES (1553, 92, 'https://a0.muscache.com/im/pictures/miso/Hosting-40501983/original/f5535d88-a505-4322-a846-d5b1b5064cb3.jpeg?im_w=720');
INSERT INTO IMAGE (IMAGE_ID, ACCOMODATION_ID, IMAGE_URL) VALUES (1554, 92, 'https://a0.muscache.com/im/pictures/3f16b922-abc0-4be9-9dcf-e106e16d6df9.jpg?im_w=720');
INSERT INTO IMAGE (IMAGE_ID, ACCOMODATION_ID, IMAGE_URL) VALUES (1555, 92, 'https://a0.muscache.com/im/pictures/4a810b3a-d697-477f-9aed-8d2ce955e5d8.jpg?im_w=720');
INSERT INTO IMAGE (IMAGE_ID, ACCOMODATION_ID, IMAGE_URL) VALUES (1556, 92, 'https://a0.muscache.com/im/pictures/0e766321-47c5-49e9-83ab-16ea361702b9.jpg?im_w=720');
INSERT INTO IMAGE (IMAGE_ID, ACCOMODATION_ID, IMAGE_URL) VALUES (1557, 92, 'https://a0.muscache.com/im/pictures/4f9073a4-c1bb-4288-96ba-f8b60beba23e.jpg?im_w=720');
INSERT INTO IMAGE (IMAGE_ID, ACCOMODATION_ID, IMAGE_URL) VALUES (1558, 92, 'https://a0.muscache.com/im/pictures/38782f6d-c27f-4a4e-893a-71d1bcfa4a42.jpg?im_w=720');
INSERT INTO IMAGE (IMAGE_ID, ACCOMODATION_ID, IMAGE_URL) VALUES (1559, 92, 'https://a0.muscache.com/im/pictures/miso/Hosting-40501983/original/82a3e064-51c7-40b7-b44d-768857f6a1e1.jpeg?im_w=720');
INSERT INTO IMAGE (IMAGE_ID, ACCOMODATION_ID, IMAGE_URL) VALUES (1560, 92, 'https://a0.muscache.com/im/pictures/miso/Hosting-40501983/original/0fee76c3-a385-4d43-bf07-21e17a1e9a4a.jpeg?im_w=720');
INSERT INTO IMAGE (IMAGE_ID, ACCOMODATION_ID, IMAGE_URL) VALUES (1561, 92, 'https://a0.muscache.com/im/pictures/4e3a0090-50df-420e-80fa-f8391c711f3d.jpg?im_w=720');
INSERT INTO IMAGE (IMAGE_ID, ACCOMODATION_ID, IMAGE_URL) VALUES (1562, 92, 'https://a0.muscache.com/im/pictures/16a07f0c-0b80-4265-8062-ab1fcb3ca3e1.jpg?im_w=720');
INSERT INTO IMAGE (IMAGE_ID, ACCOMODATION_ID, IMAGE_URL) VALUES (1563, 92, 'https://a0.muscache.com/im/pictures/a6836717-8683-461d-ba43-2528937a2d22.jpg?im_w=720');
INSERT INTO IMAGE (IMAGE_ID, ACCOMODATION_ID, IMAGE_URL) VALUES (1564, 92, 'https://a0.muscache.com/im/pictures/miso/Hosting-40501983/original/8e4ec922-e585-45fc-80be-87afe7434796.jpeg?im_w=720');
INSERT INTO IMAGE (IMAGE_ID, ACCOMODATION_ID, IMAGE_URL) VALUES (1565, 92, 'https://a0.muscache.com/im/pictures/707fdbbe-5cc6-4a07-b1f4-df18fb6ad52b.jpg?im_w=720');
INSERT INTO IMAGE (IMAGE_ID, ACCOMODATION_ID, IMAGE_URL) VALUES (1566, 92, 'https://a0.muscache.com/im/pictures/ce5b88fe-5601-4119-8627-fa5edd718ffa.jpg?im_w=720');
INSERT INTO IMAGE (IMAGE_ID, ACCOMODATION_ID, IMAGE_URL) VALUES (1567, 92, 'https://a0.muscache.com/im/pictures/10451012-749d-4543-829f-60dab048fddb.jpg?im_w=720');
INSERT INTO IMAGE (IMAGE_ID, ACCOMODATION_ID, IMAGE_URL) VALUES (1568, 92, 'https://a0.muscache.com/im/pictures/b9569366-8c87-475b-ac25-6a6be9d9ba35.jpg?im_w=720');
INSERT INTO IMAGE (IMAGE_ID, ACCOMODATION_ID, IMAGE_URL) VALUES (1569, 92, 'https://a0.muscache.com/im/pictures/5733a00d-935b-419f-909a-ee128d8ce01c.jpg?im_w=720');
INSERT INTO IMAGE (IMAGE_ID, ACCOMODATION_ID, IMAGE_URL) VALUES (1570, 92, 'https://a0.muscache.com/im/pictures/63ccebaf-e573-4f74-9b21-053e82ad8229.jpg?im_w=720');
INSERT INTO IMAGE (IMAGE_ID, ACCOMODATION_ID, IMAGE_URL) VALUES (1571, 92, 'https://a0.muscache.com/im/pictures/ce6fa3d9-99d8-426f-9a12-aa35d0fe6920.jpg?im_w=720');
INSERT INTO IMAGE (IMAGE_ID, ACCOMODATION_ID, IMAGE_URL) VALUES (1572, 92, 'https://a0.muscache.com/im/pictures/fa3a6f6d-51a9-4e35-b812-05fab628a879.jpg?im_w=720');
INSERT INTO IMAGE (IMAGE_ID, ACCOMODATION_ID, IMAGE_URL) VALUES (1573, 92, 'https://a0.muscache.com/im/pictures/0b172e7f-9482-452c-8615-5ca443a5e610.jpg?im_w=720');

INSERT INTO LOCATION (LOCATION_ID, LOCATION_NAME, COUNTRY, REGION, CITY, LATITUDE, LONGITUDE) VALUES (93, '지명93', ' 서울', ' Jongno-gu', 'Jongno 1(il).2(i).3(sam).4(sa)', 37.5717, 126.9888);
INSERT INTO ACCOMODATION (`ACCOMODATION_ID`, `LOCATION_ID`, `ACCOMODATION_NAME`, `HOST_NAME`, `DISCRIPTION`, `ACCOMODATION_TYPE`, `PRICE`, `MAXIMUM_OCCUPANCY`, `AVERAGE_POINT`, `BED_ROOM`, `BATH_ROOM`, `BED_COUNT`,`OPTION`) VALUES (93, 93, '[재택근무패키지 오전8시~당일 오후8시] Modern Double', '호스트93', '설명93', '개인실', 15770, 1, 7.9, 1, 1,1, '무선 인터넷,에어컨,헤어드라이어');
INSERT INTO IMAGE (IMAGE_ID, ACCOMODATION_ID, IMAGE_URL) VALUES (1574, 93, 'https://a0.muscache.com/im/pictures/d844ff5f-ec0e-4233-892b-4d7e3d7e1e84.jpg?im_w=720');
INSERT INTO IMAGE (IMAGE_ID, ACCOMODATION_ID, IMAGE_URL) VALUES (1575, 93, 'https://a0.muscache.com/im/pictures/1fd5ebe2-9712-4a9b-b793-feb8f4da4497.jpg?im_w=720');
INSERT INTO IMAGE (IMAGE_ID, ACCOMODATION_ID, IMAGE_URL) VALUES (1576, 93, 'https://a0.muscache.com/im/pictures/8fec9a37-faa0-4dba-9098-92c85b8d649a.jpg?im_w=720');
INSERT INTO IMAGE (IMAGE_ID, ACCOMODATION_ID, IMAGE_URL) VALUES (1577, 93, 'https://a0.muscache.com/im/pictures/64531134-9e3f-4b98-8385-6f2211a71657.jpg?im_w=720');
INSERT INTO IMAGE (IMAGE_ID, ACCOMODATION_ID, IMAGE_URL) VALUES (1578, 93, 'https://a0.muscache.com/im/pictures/fb5ce5eb-6f52-4ff4-8a54-8ed6d3e7610e.jpg?im_w=720');
INSERT INTO IMAGE (IMAGE_ID, ACCOMODATION_ID, IMAGE_URL) VALUES (1579, 93, 'https://a0.muscache.com/im/pictures/54a89cc5-1f75-454d-8f99-4fe0e32d312f.jpg?im_w=720');
INSERT INTO IMAGE (IMAGE_ID, ACCOMODATION_ID, IMAGE_URL) VALUES (1580, 93, 'https://a0.muscache.com/im/pictures/ae094e82-1c14-4b70-9107-fb244c0f6aa6.jpg?im_w=720');
INSERT INTO IMAGE (IMAGE_ID, ACCOMODATION_ID, IMAGE_URL) VALUES (1581, 93, 'https://a0.muscache.com/im/pictures/25f3e866-12ec-4b39-93cd-f690d5de3ec8.jpg?im_w=720');
INSERT INTO IMAGE (IMAGE_ID, ACCOMODATION_ID, IMAGE_URL) VALUES (1582, 93, 'https://a0.muscache.com/im/pictures/9c3dc656-8377-40cd-8d7a-0e5a6e99f9d8.jpg?im_w=720');
INSERT INTO IMAGE (IMAGE_ID, ACCOMODATION_ID, IMAGE_URL) VALUES (1583, 93, 'https://a0.muscache.com/im/pictures/a56fc412-6403-4818-b8e2-cdc7bb9d99c1.jpg?im_w=720');
INSERT INTO IMAGE (IMAGE_ID, ACCOMODATION_ID, IMAGE_URL) VALUES (1584, 93, 'https://a0.muscache.com/im/pictures/d7f8cdad-7552-45fd-becb-1f695a6ded33.jpg?im_w=720');
INSERT INTO IMAGE (IMAGE_ID, ACCOMODATION_ID, IMAGE_URL) VALUES (1585, 93, 'https://a0.muscache.com/im/pictures/e6c4ddcf-c575-435b-9ea9-338bc7bb3029.jpg?im_w=720');
INSERT INTO IMAGE (IMAGE_ID, ACCOMODATION_ID, IMAGE_URL) VALUES (1586, 93, 'https://a0.muscache.com/im/pictures/e500ac4f-773c-47d4-a228-873d364b4ded.jpg?im_w=720');
INSERT INTO IMAGE (IMAGE_ID, ACCOMODATION_ID, IMAGE_URL) VALUES (1587, 93, 'https://a0.muscache.com/im/pictures/766e748a-0244-4531-9dd6-acca717c7788.jpg?im_w=720');
INSERT INTO IMAGE (IMAGE_ID, ACCOMODATION_ID, IMAGE_URL) VALUES (1588, 93, 'https://a0.muscache.com/im/pictures/526c15eb-31e9-43ff-8052-3a245d60fe6e.jpg?im_w=720');
INSERT INTO IMAGE (IMAGE_ID, ACCOMODATION_ID, IMAGE_URL) VALUES (1589, 93, 'https://a0.muscache.com/im/pictures/54d2fa2e-aa83-42cf-8eb0-d0afbea13f4f.jpg?im_w=720');
INSERT INTO IMAGE (IMAGE_ID, ACCOMODATION_ID, IMAGE_URL) VALUES (1590, 93, 'https://a0.muscache.com/im/pictures/9e5c4bfe-2a93-484c-aa39-0e910436a6cc.jpg?im_w=720');
INSERT INTO IMAGE (IMAGE_ID, ACCOMODATION_ID, IMAGE_URL) VALUES (1591, 93, 'https://a0.muscache.com/im/pictures/09fad424-61c8-44d1-8a49-f6466627de7c.jpg?im_w=720');
INSERT INTO IMAGE (IMAGE_ID, ACCOMODATION_ID, IMAGE_URL) VALUES (1592, 93, 'https://a0.muscache.com/im/pictures/3241b632-e36f-4793-ad94-c0c979d52782.jpg?im_w=720');
INSERT INTO IMAGE (IMAGE_ID, ACCOMODATION_ID, IMAGE_URL) VALUES (1593, 93, 'https://a0.muscache.com/im/pictures/327d9c9d-3b32-45e9-92ab-6f0504db2026.jpg?im_w=720');
INSERT INTO IMAGE (IMAGE_ID, ACCOMODATION_ID, IMAGE_URL) VALUES (1594, 93, 'https://a0.muscache.com/im/pictures/3a0603ef-d714-406a-a955-3ea90e1059d2.jpg?im_w=720');
INSERT INTO IMAGE (IMAGE_ID, ACCOMODATION_ID, IMAGE_URL) VALUES (1595, 93, 'https://a0.muscache.com/im/pictures/eb629453-d6f1-427b-9d2f-691cb1ad9cf7.jpg?im_w=720');
INSERT INTO IMAGE (IMAGE_ID, ACCOMODATION_ID, IMAGE_URL) VALUES (1596, 93, 'https://a0.muscache.com/im/pictures/39629b0b-95ca-4cdf-9f3b-1f876279ea0c.jpg?im_w=720');
INSERT INTO IMAGE (IMAGE_ID, ACCOMODATION_ID, IMAGE_URL) VALUES (1597, 93, 'https://a0.muscache.com/im/pictures/be7868da-3332-48d4-a940-a10f9495df4e.jpg?im_w=720');
INSERT INTO IMAGE (IMAGE_ID, ACCOMODATION_ID, IMAGE_URL) VALUES (1598, 93, 'https://a0.muscache.com/im/pictures/e472845b-8858-4e64-9100-cd7fe49d00ab.jpg?im_w=720');
INSERT INTO IMAGE (IMAGE_ID, ACCOMODATION_ID, IMAGE_URL) VALUES (1599, 93, 'https://a0.muscache.com/im/pictures/c7e03cd4-0ea1-47f3-b792-beb0abfff53c.jpg?im_w=720');
INSERT INTO IMAGE (IMAGE_ID, ACCOMODATION_ID, IMAGE_URL) VALUES (1600, 93, 'https://a0.muscache.com/im/pictures/cd122be4-49bc-4177-b074-5705d1374b50.jpg?im_w=720');
INSERT INTO IMAGE (IMAGE_ID, ACCOMODATION_ID, IMAGE_URL) VALUES (1601, 93, 'https://a0.muscache.com/im/pictures/6ef6f121-8100-4385-a7d6-2df8389b1880.jpg?im_w=720');
INSERT INTO IMAGE (IMAGE_ID, ACCOMODATION_ID, IMAGE_URL) VALUES (1602, 93, 'https://a0.muscache.com/im/pictures/75df38f9-5953-49f8-8e0a-9b84929a96b5.jpg?im_w=720');
INSERT INTO IMAGE (IMAGE_ID, ACCOMODATION_ID, IMAGE_URL) VALUES (1603, 93, 'https://a0.muscache.com/im/pictures/36420ac9-2e06-4fb7-a465-a41f56b8b943.jpg?im_w=720');

INSERT INTO LOCATION (LOCATION_ID, LOCATION_NAME, COUNTRY, REGION, CITY, LATITUDE, LONGITUDE) VALUES (94, '지명94', ' 한국', ' 서울특별시', '종로구', 37.58037, 126.96382);
INSERT INTO ACCOMODATION (`ACCOMODATION_ID`, `LOCATION_ID`, `ACCOMODATION_NAME`, `HOST_NAME`, `DISCRIPTION`, `ACCOMODATION_TYPE`, `PRICE`, `MAXIMUM_OCCUPANCY`, `AVERAGE_POINT`, `BED_ROOM`, `BATH_ROOM`, `BED_COUNT`,`OPTION`) VALUES (94, 94, '구르미(gurumi)-경복궁역,서울,서촌', '호스트94', '설명94', '집 전체', 208956, 3, 5.0, 2, 1,2, '주방,무선 인터넷,에어컨,헤어드라이어');
INSERT INTO IMAGE (IMAGE_ID, ACCOMODATION_ID, IMAGE_URL) VALUES (1604, 94, 'https://a0.muscache.com/im/pictures/21d2ee5c-ae21-4553-922b-362536c5675b.jpg?im_w=720');
INSERT INTO IMAGE (IMAGE_ID, ACCOMODATION_ID, IMAGE_URL) VALUES (1605, 94, 'https://a0.muscache.com/im/pictures/a7632493-5e7c-476f-be56-e3c6d86a720e.jpg?im_w=720');
INSERT INTO IMAGE (IMAGE_ID, ACCOMODATION_ID, IMAGE_URL) VALUES (1606, 94, 'https://a0.muscache.com/im/pictures/0a3ad29a-8d9a-4d5e-9572-75ef837edcb8.jpg?im_w=720');
INSERT INTO IMAGE (IMAGE_ID, ACCOMODATION_ID, IMAGE_URL) VALUES (1607, 94, 'https://a0.muscache.com/im/pictures/4dc39a80-7934-4b84-a0da-f2e741e73d9b.jpg?im_w=720');
INSERT INTO IMAGE (IMAGE_ID, ACCOMODATION_ID, IMAGE_URL) VALUES (1608, 94, 'https://a0.muscache.com/im/pictures/f43f719f-edf9-4eb0-87fc-7a02c5040657.jpg?im_w=720');
INSERT INTO IMAGE (IMAGE_ID, ACCOMODATION_ID, IMAGE_URL) VALUES (1609, 94, 'https://a0.muscache.com/im/pictures/dd6c9c2d-4e22-4868-8ddd-017c3db39676.jpg?im_w=720');
INSERT INTO IMAGE (IMAGE_ID, ACCOMODATION_ID, IMAGE_URL) VALUES (1610, 94, 'https://a0.muscache.com/im/pictures/1aa253b9-ec23-44f0-9de7-c70e8d81c156.jpg?im_w=720');
INSERT INTO IMAGE (IMAGE_ID, ACCOMODATION_ID, IMAGE_URL) VALUES (1611, 94, 'https://a0.muscache.com/im/pictures/9d8a3711-5057-4a79-8c19-1e84a4f6adac.jpg?im_w=720');
INSERT INTO IMAGE (IMAGE_ID, ACCOMODATION_ID, IMAGE_URL) VALUES (1612, 94, 'https://a0.muscache.com/im/pictures/0b329693-5ffe-4011-bd50-58fe754d1fdd.jpg?im_w=720');
INSERT INTO IMAGE (IMAGE_ID, ACCOMODATION_ID, IMAGE_URL) VALUES (1613, 94, 'https://a0.muscache.com/im/pictures/b8e586dc-8624-430e-a6e9-54b5c76d28d1.jpg?im_w=720');
INSERT INTO IMAGE (IMAGE_ID, ACCOMODATION_ID, IMAGE_URL) VALUES (1614, 94, 'https://a0.muscache.com/im/pictures/147d1250-271b-43d6-bc6d-a258eea4b978.jpg?im_w=720');
INSERT INTO IMAGE (IMAGE_ID, ACCOMODATION_ID, IMAGE_URL) VALUES (1615, 94, 'https://a0.muscache.com/im/pictures/90d33d97-105e-42d7-a007-0abecf326217.jpg?im_w=720');
INSERT INTO IMAGE (IMAGE_ID, ACCOMODATION_ID, IMAGE_URL) VALUES (1616, 94, 'https://a0.muscache.com/im/pictures/5a28bfeb-68de-4da7-b4d6-21cb766cd3c6.jpg?im_w=720');
INSERT INTO IMAGE (IMAGE_ID, ACCOMODATION_ID, IMAGE_URL) VALUES (1617, 94, 'https://a0.muscache.com/im/pictures/fb3506a4-0d92-440a-be5a-e080423bc325.jpg?im_w=720');
INSERT INTO IMAGE (IMAGE_ID, ACCOMODATION_ID, IMAGE_URL) VALUES (1618, 94, 'https://a0.muscache.com/im/pictures/37d521a8-e58f-488c-a7e4-bbfe8a0d0077.jpg?im_w=720');
INSERT INTO IMAGE (IMAGE_ID, ACCOMODATION_ID, IMAGE_URL) VALUES (1619, 94, 'https://a0.muscache.com/im/pictures/2f9bf879-4a2f-477a-80b1-e6f9c9683298.jpg?im_w=720');
INSERT INTO IMAGE (IMAGE_ID, ACCOMODATION_ID, IMAGE_URL) VALUES (1620, 94, 'https://a0.muscache.com/im/pictures/1e7a40ba-2a15-446d-9755-d9b92d480c2a.jpg?im_w=720');
INSERT INTO IMAGE (IMAGE_ID, ACCOMODATION_ID, IMAGE_URL) VALUES (1621, 94, 'https://a0.muscache.com/im/pictures/0ed58d08-b8b2-4091-80fb-b78172c39835.jpg?im_w=720');
INSERT INTO IMAGE (IMAGE_ID, ACCOMODATION_ID, IMAGE_URL) VALUES (1622, 94, 'https://a0.muscache.com/im/pictures/05e48ae3-c694-4563-ac25-1205b94c10fb.jpg?im_w=720');
INSERT INTO IMAGE (IMAGE_ID, ACCOMODATION_ID, IMAGE_URL) VALUES (1623, 94, 'https://a0.muscache.com/im/pictures/45469d5d-6b29-4de4-b3e9-7f927a0cf48c.jpg?im_w=720');
INSERT INTO IMAGE (IMAGE_ID, ACCOMODATION_ID, IMAGE_URL) VALUES (1624, 94, 'https://a0.muscache.com/im/pictures/6ff69240-3feb-4cce-a006-27682a18995a.jpg?im_w=720');
INSERT INTO IMAGE (IMAGE_ID, ACCOMODATION_ID, IMAGE_URL) VALUES (1625, 94, 'https://a0.muscache.com/im/pictures/ccabe78d-1684-4e03-96a4-f47a38d1376d.jpg?im_w=720');
INSERT INTO IMAGE (IMAGE_ID, ACCOMODATION_ID, IMAGE_URL) VALUES (1626, 94, 'https://a0.muscache.com/im/pictures/54409531-20c3-4e9c-8cf3-b26c56b71d1f.jpg?im_w=720');
INSERT INTO IMAGE (IMAGE_ID, ACCOMODATION_ID, IMAGE_URL) VALUES (1627, 94, 'https://a0.muscache.com/im/pictures/47d17a4d-5ba6-457e-8812-02e732221419.jpg?im_w=720');
INSERT INTO IMAGE (IMAGE_ID, ACCOMODATION_ID, IMAGE_URL) VALUES (1628, 94, 'https://a0.muscache.com/im/pictures/de1175f8-3c26-49f5-bd92-7bad1e5608b2.jpg?im_w=720');
INSERT INTO IMAGE (IMAGE_ID, ACCOMODATION_ID, IMAGE_URL) VALUES (1629, 94, 'https://a0.muscache.com/im/pictures/c6e2c513-7452-45aa-9b2d-422d2b96c154.jpg?im_w=720');
INSERT INTO IMAGE (IMAGE_ID, ACCOMODATION_ID, IMAGE_URL) VALUES (1630, 94, 'https://a0.muscache.com/im/pictures/c1222494-62aa-4bf2-acbc-7d6174a1dccc.jpg?im_w=720');
INSERT INTO IMAGE (IMAGE_ID, ACCOMODATION_ID, IMAGE_URL) VALUES (1631, 94, 'https://a0.muscache.com/im/pictures/81f0b606-c9b7-496b-b03b-f3f659e02c43.jpg?im_w=720');
INSERT INTO IMAGE (IMAGE_ID, ACCOMODATION_ID, IMAGE_URL) VALUES (1632, 94, 'https://a0.muscache.com/im/pictures/19df29a3-7b18-4844-afb7-9dbabd00aa65.jpg?im_w=720');
INSERT INTO IMAGE (IMAGE_ID, ACCOMODATION_ID, IMAGE_URL) VALUES (1633, 94, 'https://a0.muscache.com/im/pictures/51ac529a-01d3-4d7d-9365-abf9f6355b9d.jpg?im_w=720');

INSERT INTO LOCATION (LOCATION_ID, LOCATION_NAME, COUNTRY, REGION, CITY, LATITUDE, LONGITUDE) VALUES (95, '지명95', ' 한국', ' 성북구', '서울특별시', 37.58919, 127.01004);
INSERT INTO ACCOMODATION (`ACCOMODATION_ID`, `LOCATION_ID`, `ACCOMODATION_NAME`, `HOST_NAME`, `DISCRIPTION`, `ACCOMODATION_TYPE`, `PRICE`, `MAXIMUM_OCCUPANCY`, `AVERAGE_POINT`, `BED_ROOM`, `BATH_ROOM`, `BED_COUNT`,`OPTION`) VALUES (95, 95, 'Kevins home 2', '호스트95', '설명95', '집 전체', 995773, 2, 1.6, 1, 1,1, '주방,무선 인터넷,에어컨,헤어드라이어');
INSERT INTO IMAGE (IMAGE_ID, ACCOMODATION_ID, IMAGE_URL) VALUES (1634, 95, 'https://a0.muscache.com/im/pictures/f02dc1c6-8f90-4125-914c-5ed59224ab15.jpg?im_w=720');
INSERT INTO IMAGE (IMAGE_ID, ACCOMODATION_ID, IMAGE_URL) VALUES (1635, 95, 'https://a0.muscache.com/im/pictures/a64c01f8-ba0a-4589-90f0-6cfb11fb78ab.jpg?im_w=720');
INSERT INTO IMAGE (IMAGE_ID, ACCOMODATION_ID, IMAGE_URL) VALUES (1636, 95, 'https://a0.muscache.com/im/pictures/300bb393-dcb4-43e1-b8bf-50ad9e3cdad9.jpg?im_w=720');
INSERT INTO IMAGE (IMAGE_ID, ACCOMODATION_ID, IMAGE_URL) VALUES (1637, 95, 'https://a0.muscache.com/im/pictures/199642c2-1d67-41a9-97da-9d0bb91ddd9a.jpg?im_w=720');
INSERT INTO IMAGE (IMAGE_ID, ACCOMODATION_ID, IMAGE_URL) VALUES (1638, 95, 'https://a0.muscache.com/im/pictures/57f0d115-caf3-4b29-befe-024bda7acfa2.jpg?im_w=720');
INSERT INTO IMAGE (IMAGE_ID, ACCOMODATION_ID, IMAGE_URL) VALUES (1639, 95, 'https://a0.muscache.com/im/pictures/727bf0a5-a326-45e0-8ce8-2a45ba895b32.jpg?im_w=720');
INSERT INTO IMAGE (IMAGE_ID, ACCOMODATION_ID, IMAGE_URL) VALUES (1640, 95, 'https://a0.muscache.com/im/pictures/fd40f66f-871d-40ba-9201-e5e1d6d935de.jpg?im_w=720');
INSERT INTO IMAGE (IMAGE_ID, ACCOMODATION_ID, IMAGE_URL) VALUES (1641, 95, 'https://a0.muscache.com/im/pictures/db30e2df-63c8-4d18-82fc-c5b03271c917.jpg?im_w=720');
INSERT INTO IMAGE (IMAGE_ID, ACCOMODATION_ID, IMAGE_URL) VALUES (1642, 95, 'https://a0.muscache.com/im/pictures/4c1dc4e6-f4b1-4505-931e-101bbf8ff526.jpg?im_w=720');
INSERT INTO IMAGE (IMAGE_ID, ACCOMODATION_ID, IMAGE_URL) VALUES (1643, 95, 'https://a0.muscache.com/im/pictures/7e2f6e5f-4c48-4349-8ed4-d67c6df8d86b.jpg?im_w=720');
INSERT INTO IMAGE (IMAGE_ID, ACCOMODATION_ID, IMAGE_URL) VALUES (1644, 95, 'https://a0.muscache.com/im/pictures/11b11cd0-32e8-477d-892c-c75837359b03.jpg?im_w=720');
INSERT INTO IMAGE (IMAGE_ID, ACCOMODATION_ID, IMAGE_URL) VALUES (1645, 95, 'https://a0.muscache.com/im/pictures/c8e47aa9-8677-464e-87d5-29a54c37ffdc.jpg?im_w=720');
INSERT INTO IMAGE (IMAGE_ID, ACCOMODATION_ID, IMAGE_URL) VALUES (1646, 95, 'https://a0.muscache.com/im/pictures/50045938-2632-468b-a111-d374341d7bb4.jpg?im_w=720');
INSERT INTO IMAGE (IMAGE_ID, ACCOMODATION_ID, IMAGE_URL) VALUES (1647, 95, 'https://a0.muscache.com/im/pictures/988310f7-10ac-4ae6-945d-7fe7babb490b.jpg?im_w=720');
INSERT INTO IMAGE (IMAGE_ID, ACCOMODATION_ID, IMAGE_URL) VALUES (1648, 95, 'https://a0.muscache.com/im/pictures/7ac78c6c-1e4c-4a3b-abd1-6cfc16b9bd09.jpg?im_w=720');
INSERT INTO IMAGE (IMAGE_ID, ACCOMODATION_ID, IMAGE_URL) VALUES (1649, 95, 'https://a0.muscache.com/im/pictures/3479136e-a004-4b44-8a8e-d2e2de31646c.jpg?im_w=720');
INSERT INTO IMAGE (IMAGE_ID, ACCOMODATION_ID, IMAGE_URL) VALUES (1650, 95, 'https://a0.muscache.com/im/pictures/bf6797e1-42f1-4678-b194-385f8e52fe30.jpg?im_w=720');
INSERT INTO IMAGE (IMAGE_ID, ACCOMODATION_ID, IMAGE_URL) VALUES (1651, 95, 'https://a0.muscache.com/im/pictures/28f33145-7035-4ee6-abe3-abf5774985b9.jpg?im_w=720');
INSERT INTO IMAGE (IMAGE_ID, ACCOMODATION_ID, IMAGE_URL) VALUES (1652, 95, 'https://a0.muscache.com/im/pictures/48f3e7e3-c77d-4084-b431-a9acc3f22afe.jpg?im_w=720');
INSERT INTO IMAGE (IMAGE_ID, ACCOMODATION_ID, IMAGE_URL) VALUES (1653, 95, 'https://a0.muscache.com/im/pictures/3c341bbd-55d6-4e6f-a970-ea99452e10c5.jpg?im_w=720');
INSERT INTO IMAGE (IMAGE_ID, ACCOMODATION_ID, IMAGE_URL) VALUES (1654, 95, 'https://a0.muscache.com/im/pictures/a11fdbca-1d67-4afa-9f8e-6c46825ed5cf.jpg?im_w=720');
INSERT INTO IMAGE (IMAGE_ID, ACCOMODATION_ID, IMAGE_URL) VALUES (1655, 95, 'https://a0.muscache.com/im/pictures/cdda4949-76d9-4110-8353-8cc5589ef093.jpg?im_w=720');
INSERT INTO IMAGE (IMAGE_ID, ACCOMODATION_ID, IMAGE_URL) VALUES (1656, 95, 'https://a0.muscache.com/im/pictures/b87ebf75-e36b-46da-85a2-21c68e72deb9.jpg?im_w=720');
INSERT INTO IMAGE (IMAGE_ID, ACCOMODATION_ID, IMAGE_URL) VALUES (1657, 95, 'https://a0.muscache.com/im/pictures/9e80279c-dc12-4859-8a5f-83bc55d45f6f.jpg?im_w=720');
INSERT INTO IMAGE (IMAGE_ID, ACCOMODATION_ID, IMAGE_URL) VALUES (1658, 95, 'https://a0.muscache.com/im/pictures/54905e51-9f63-4598-aea6-4d0d7a8f2842.jpg?im_w=720');
INSERT INTO IMAGE (IMAGE_ID, ACCOMODATION_ID, IMAGE_URL) VALUES (1659, 95, 'https://a0.muscache.com/im/pictures/37d90904-089a-425b-bf48-2ac2056df4f1.jpg?im_w=720');
INSERT INTO IMAGE (IMAGE_ID, ACCOMODATION_ID, IMAGE_URL) VALUES (1660, 95, 'https://a0.muscache.com/im/pictures/7d752b20-bd4f-4010-99cf-872f3cb9e7c7.jpg?im_w=720');
INSERT INTO IMAGE (IMAGE_ID, ACCOMODATION_ID, IMAGE_URL) VALUES (1661, 95, 'https://a0.muscache.com/im/pictures/3ddf40fb-c5c7-4c1a-a5f8-5a261d6ac076.jpg?im_w=720');
INSERT INTO IMAGE (IMAGE_ID, ACCOMODATION_ID, IMAGE_URL) VALUES (1662, 95, 'https://a0.muscache.com/im/pictures/bc129d11-f032-45fc-b05b-eb25899a57f6.jpg?im_w=720');
INSERT INTO IMAGE (IMAGE_ID, ACCOMODATION_ID, IMAGE_URL) VALUES (1663, 95, 'https://a0.muscache.com/im/pictures/d5288763-c8c0-443a-9e06-6c7fdff31b88.jpg?im_w=720');

INSERT INTO LOCATION (LOCATION_ID, LOCATION_NAME, COUNTRY, REGION, CITY, LATITUDE, LONGITUDE) VALUES (96, '지명96', ' 한국', ' 서울', '성북구', 37.591255, 127.019005);
INSERT INTO ACCOMODATION (`ACCOMODATION_ID`, `LOCATION_ID`, `ACCOMODATION_NAME`, `HOST_NAME`, `DISCRIPTION`, `ACCOMODATION_TYPE`, `PRICE`, `MAXIMUM_OCCUPANCY`, `AVERAGE_POINT`, `BED_ROOM`, `BATH_ROOM`, `BED_COUNT`,`OPTION`) VALUES (96, 96, 'a cheap and comfortable accommodation', '호스트96', '설명96', '개인실', 350033, 2, 4.5, 1, 1,1, '주방,무선 인터넷,에어컨,헤어드라이어');
INSERT INTO IMAGE (IMAGE_ID, ACCOMODATION_ID, IMAGE_URL) VALUES (1664, 96, 'https://a0.muscache.com/im/pictures/b4229e6b-eb04-433e-8411-2ba6cbc2ca3c.jpg?im_w=720');
INSERT INTO IMAGE (IMAGE_ID, ACCOMODATION_ID, IMAGE_URL) VALUES (1665, 96, 'https://a0.muscache.com/im/pictures/2eec54e7-7ce2-4eb7-84a3-a79050f67a8f.jpg?im_w=720');
INSERT INTO IMAGE (IMAGE_ID, ACCOMODATION_ID, IMAGE_URL) VALUES (1666, 96, 'https://a0.muscache.com/im/pictures/6948eb1b-f668-407c-9724-4c39ad0f01c2.jpg?im_w=720');
INSERT INTO IMAGE (IMAGE_ID, ACCOMODATION_ID, IMAGE_URL) VALUES (1667, 96, 'https://a0.muscache.com/im/pictures/ed075d9a-46ad-4d00-ab3d-60716ff47f08.jpg?im_w=720');
INSERT INTO IMAGE (IMAGE_ID, ACCOMODATION_ID, IMAGE_URL) VALUES (1668, 96, 'https://a0.muscache.com/im/pictures/cb538f3e-9086-4e59-83bc-f961004285b9.jpg?im_w=720');
INSERT INTO IMAGE (IMAGE_ID, ACCOMODATION_ID, IMAGE_URL) VALUES (1669, 96, 'https://a0.muscache.com/im/pictures/0dc2bed0-6937-478f-ab19-91aea5fa0d35.jpg?im_w=720');
INSERT INTO IMAGE (IMAGE_ID, ACCOMODATION_ID, IMAGE_URL) VALUES (1670, 96, 'https://a0.muscache.com/im/pictures/e82fc97a-84a9-481c-b4fd-72ac6cfb604a.jpg?im_w=720');
INSERT INTO IMAGE (IMAGE_ID, ACCOMODATION_ID, IMAGE_URL) VALUES (1671, 96, 'https://a0.muscache.com/im/pictures/d81d1147-f80e-4ebc-86ad-03b3dd0470a6.jpg?im_w=720');
INSERT INTO IMAGE (IMAGE_ID, ACCOMODATION_ID, IMAGE_URL) VALUES (1672, 96, 'https://a0.muscache.com/im/pictures/6bb80171-ec0a-4f7f-b999-f00c21d26acb.jpg?im_w=720');
INSERT INTO IMAGE (IMAGE_ID, ACCOMODATION_ID, IMAGE_URL) VALUES (1673, 96, 'https://a0.muscache.com/im/pictures/38585ec4-359a-4c6e-8213-e03538ea3b4f.jpg?im_w=720');
INSERT INTO IMAGE (IMAGE_ID, ACCOMODATION_ID, IMAGE_URL) VALUES (1674, 96, 'https://a0.muscache.com/im/pictures/f11a86c9-5da5-4fa1-a0fb-f36eedfe89b7.jpg?im_w=720');
INSERT INTO IMAGE (IMAGE_ID, ACCOMODATION_ID, IMAGE_URL) VALUES (1675, 96, 'https://a0.muscache.com/im/pictures/d7ae6811-71fd-43ae-88cb-6276c0b4f295.jpg?im_w=720');
INSERT INTO IMAGE (IMAGE_ID, ACCOMODATION_ID, IMAGE_URL) VALUES (1676, 96, 'https://a0.muscache.com/im/pictures/bd2046e4-e1b6-4d1b-bded-d80cede3f19b.jpg?im_w=720');
INSERT INTO IMAGE (IMAGE_ID, ACCOMODATION_ID, IMAGE_URL) VALUES (1677, 96, 'https://a0.muscache.com/im/pictures/bb4e2767-e781-4a05-bb57-bbde50b8005a.jpg?im_w=720');
INSERT INTO IMAGE (IMAGE_ID, ACCOMODATION_ID, IMAGE_URL) VALUES (1678, 96, 'https://a0.muscache.com/im/pictures/fc00643e-a7ad-4383-a836-ab377c1bf7de.jpg?im_w=720');

INSERT INTO LOCATION (LOCATION_ID, LOCATION_NAME, COUNTRY, REGION, CITY, LATITUDE, LONGITUDE) VALUES (97, '지명97', ' 서울', ' Dongdaemun-gu', 'Jeonnong 1(il)-dong', 37.58327, 127.05176);
INSERT INTO ACCOMODATION (`ACCOMODATION_ID`, `LOCATION_ID`, `ACCOMODATION_NAME`, `HOST_NAME`, `DISCRIPTION`, `ACCOMODATION_TYPE`, `PRICE`, `MAXIMUM_OCCUPANCY`, `AVERAGE_POINT`, `BED_ROOM`, `BATH_ROOM`, `BED_COUNT`,`OPTION`) VALUES (97, 97, 'Covid19 safe-Clean and disinfected cosy studio', '호스트97', '설명97', '집 전체', 684170, 1, 1.1, 0, 1,0, '주방,무선 인터넷,에어컨');
INSERT INTO IMAGE (IMAGE_ID, ACCOMODATION_ID, IMAGE_URL) VALUES (1679, 97, 'https://a0.muscache.com/im/pictures/89c168c0-7d40-4745-95d7-fd376ea57555.jpg?im_w=720');
INSERT INTO IMAGE (IMAGE_ID, ACCOMODATION_ID, IMAGE_URL) VALUES (1680, 97, 'https://a0.muscache.com/im/pictures/934d3af4-f97b-49a3-9910-63742fde7f09.jpg?im_w=720');
INSERT INTO IMAGE (IMAGE_ID, ACCOMODATION_ID, IMAGE_URL) VALUES (1681, 97, 'https://a0.muscache.com/im/pictures/41105792-ed10-45c4-a15b-545cf84e7e97.jpg?im_w=720');
INSERT INTO IMAGE (IMAGE_ID, ACCOMODATION_ID, IMAGE_URL) VALUES (1682, 97, 'https://a0.muscache.com/im/pictures/miso/Hosting-43565146/original/b828c125-82d6-42af-949d-6305e27b121c.jpeg?im_w=720');
INSERT INTO IMAGE (IMAGE_ID, ACCOMODATION_ID, IMAGE_URL) VALUES (1683, 97, 'https://a0.muscache.com/im/pictures/miso/Hosting-43565146/original/64b09671-a981-4124-935f-cdf201ccb62b.jpeg?im_w=720');
INSERT INTO IMAGE (IMAGE_ID, ACCOMODATION_ID, IMAGE_URL) VALUES (1684, 97, 'https://a0.muscache.com/im/pictures/a07402c0-8974-4c53-8fcb-c7784611b5bb.jpg?im_w=720');
INSERT INTO IMAGE (IMAGE_ID, ACCOMODATION_ID, IMAGE_URL) VALUES (1685, 97, 'https://a0.muscache.com/im/pictures/miso/Hosting-43565146/original/fb8dc350-6484-4e95-9767-a84f45bc24bd.jpeg?im_w=720');
INSERT INTO IMAGE (IMAGE_ID, ACCOMODATION_ID, IMAGE_URL) VALUES (1686, 97, 'https://a0.muscache.com/im/pictures/miso/Hosting-43565146/original/4113ca32-27c1-4e97-a419-395bf44ecb44.jpeg?im_w=720');
INSERT INTO IMAGE (IMAGE_ID, ACCOMODATION_ID, IMAGE_URL) VALUES (1687, 97, 'https://a0.muscache.com/im/pictures/miso/Hosting-43565146/original/18e4ccd2-c64a-4428-8a88-d4f814931484.jpeg?im_w=720');
INSERT INTO IMAGE (IMAGE_ID, ACCOMODATION_ID, IMAGE_URL) VALUES (1688, 97, 'https://a0.muscache.com/im/pictures/miso/Hosting-43565146/original/9fcbfa7a-177b-4bc6-b0a2-33fb6de8f15a.jpeg?im_w=720');
INSERT INTO IMAGE (IMAGE_ID, ACCOMODATION_ID, IMAGE_URL) VALUES (1689, 97, 'https://a0.muscache.com/im/pictures/e99d7e97-940e-4764-a7b6-aa2730482445.jpg?im_w=720');

INSERT INTO LOCATION (LOCATION_ID, LOCATION_NAME, COUNTRY, REGION, CITY, LATITUDE, LONGITUDE) VALUES (98, '지명98', ' 서울', ' Jung-gu', 'Myeong-dong', 37.55774, 126.98429);
INSERT INTO ACCOMODATION (`ACCOMODATION_ID`, `LOCATION_ID`, `ACCOMODATION_NAME`, `HOST_NAME`, `DISCRIPTION`, `ACCOMODATION_TYPE`, `PRICE`, `MAXIMUM_OCCUPANCY`, `AVERAGE_POINT`, `BED_ROOM`, `BATH_ROOM`, `BED_COUNT`,`OPTION`) VALUES (98, 98, '4# 12 Bed Female Dorm[Myeong-dong, 明洞]', '호스트98', '설명98', '호텔 객실', 839839, 1, 9.0, 1, 5,1, '주방,무선 인터넷,에어컨,헤어드라이어');
INSERT INTO IMAGE (IMAGE_ID, ACCOMODATION_ID, IMAGE_URL) VALUES (1690, 98, 'https://a0.muscache.com/im/pictures/4aef6395-ceb8-4592-9313-a6d4680471a7.jpg?im_w=720');
INSERT INTO IMAGE (IMAGE_ID, ACCOMODATION_ID, IMAGE_URL) VALUES (1691, 98, 'https://a0.muscache.com/im/pictures/e0cbd6f8-c6fc-4bf7-893a-35d6ca732075.jpg?im_w=720');
INSERT INTO IMAGE (IMAGE_ID, ACCOMODATION_ID, IMAGE_URL) VALUES (1692, 98, 'https://a0.muscache.com/im/pictures/80f80af5-e8fe-45c5-b4e4-610a1f66d52c.jpg?im_w=720');
INSERT INTO IMAGE (IMAGE_ID, ACCOMODATION_ID, IMAGE_URL) VALUES (1693, 98, 'https://a0.muscache.com/im/pictures/ebd66864-ae9e-4caa-b24d-268c48bc8fc5.jpg?im_w=720');
INSERT INTO IMAGE (IMAGE_ID, ACCOMODATION_ID, IMAGE_URL) VALUES (1694, 98, 'https://a0.muscache.com/im/pictures/19d6ee40-4011-42af-a1e4-d07b44e720a0.jpg?im_w=720');
INSERT INTO IMAGE (IMAGE_ID, ACCOMODATION_ID, IMAGE_URL) VALUES (1695, 98, 'https://a0.muscache.com/im/pictures/32f8e359-4ba6-49a4-a810-b63a5923d47b.jpg?im_w=720');
INSERT INTO IMAGE (IMAGE_ID, ACCOMODATION_ID, IMAGE_URL) VALUES (1696, 98, 'https://a0.muscache.com/im/pictures/351dd26b-54f9-4d3c-bbcd-39ed1b1d4276.jpg?im_w=720');
INSERT INTO IMAGE (IMAGE_ID, ACCOMODATION_ID, IMAGE_URL) VALUES (1697, 98, 'https://a0.muscache.com/im/pictures/86e3da16-9b2d-4f97-a56b-26fd0826666a.jpg?im_w=720');
INSERT INTO IMAGE (IMAGE_ID, ACCOMODATION_ID, IMAGE_URL) VALUES (1698, 98, 'https://a0.muscache.com/im/pictures/f33d8ecd-cdbe-4a53-b9c5-836b10e893e5.jpg?im_w=720');
INSERT INTO IMAGE (IMAGE_ID, ACCOMODATION_ID, IMAGE_URL) VALUES (1699, 98, 'https://a0.muscache.com/im/pictures/db854534-75f6-4984-8c6b-d825e1546c57.jpg?im_w=720');
INSERT INTO IMAGE (IMAGE_ID, ACCOMODATION_ID, IMAGE_URL) VALUES (1700, 98, 'https://a0.muscache.com/im/pictures/9384e655-3dbb-4b61-9355-1460bf03ae99.jpg?im_w=720');
INSERT INTO IMAGE (IMAGE_ID, ACCOMODATION_ID, IMAGE_URL) VALUES (1701, 98, 'https://a0.muscache.com/im/pictures/759d79cc-c8b6-43d3-95c5-7a5c6c50f368.jpg?im_w=720');
INSERT INTO IMAGE (IMAGE_ID, ACCOMODATION_ID, IMAGE_URL) VALUES (1702, 98, 'https://a0.muscache.com/im/pictures/db4c2737-37a7-40c6-88bb-bc518b7573d3.jpg?im_w=720');
INSERT INTO IMAGE (IMAGE_ID, ACCOMODATION_ID, IMAGE_URL) VALUES (1703, 98, 'https://a0.muscache.com/im/pictures/e14156c8-fc25-45ea-89a2-5740da4a43ef.jpg?im_w=720');
INSERT INTO IMAGE (IMAGE_ID, ACCOMODATION_ID, IMAGE_URL) VALUES (1704, 98, 'https://a0.muscache.com/im/pictures/1d559ac1-bf1a-44fd-90b7-9ff32898f17d.jpg?im_w=720');
INSERT INTO IMAGE (IMAGE_ID, ACCOMODATION_ID, IMAGE_URL) VALUES (1705, 98, 'https://a0.muscache.com/im/pictures/128cf7f5-3ca2-4604-a799-4091794fa5ae.jpg?im_w=720');
INSERT INTO IMAGE (IMAGE_ID, ACCOMODATION_ID, IMAGE_URL) VALUES (1706, 98, 'https://a0.muscache.com/im/pictures/b72bbdb1-7a8f-4781-a759-f194d5b982b6.jpg?im_w=720');
INSERT INTO IMAGE (IMAGE_ID, ACCOMODATION_ID, IMAGE_URL) VALUES (1707, 98, 'https://a0.muscache.com/im/pictures/f53e783c-07b5-428b-b6e0-9d542a5bb0dc.jpg?im_w=720');
INSERT INTO IMAGE (IMAGE_ID, ACCOMODATION_ID, IMAGE_URL) VALUES (1708, 98, 'https://a0.muscache.com/im/pictures/284ab9e6-01c4-4175-b4a4-1efdb0609c11.jpg?im_w=720');
INSERT INTO IMAGE (IMAGE_ID, ACCOMODATION_ID, IMAGE_URL) VALUES (1709, 98, 'https://a0.muscache.com/im/pictures/d6ad15d1-8fd3-4231-920f-4eafb3be87db.jpg?im_w=720');
INSERT INTO IMAGE (IMAGE_ID, ACCOMODATION_ID, IMAGE_URL) VALUES (1710, 98, 'https://a0.muscache.com/im/pictures/92b35c9f-fedd-40f0-a57f-baae60f52cd5.jpg?im_w=720');
INSERT INTO IMAGE (IMAGE_ID, ACCOMODATION_ID, IMAGE_URL) VALUES (1711, 98, 'https://a0.muscache.com/im/pictures/4ec6faea-7906-49e2-b5b6-65699e91e987.jpg?im_w=720');
INSERT INTO IMAGE (IMAGE_ID, ACCOMODATION_ID, IMAGE_URL) VALUES (1712, 98, 'https://a0.muscache.com/im/pictures/2fe11227-cd15-42ae-8245-d14c82c02ecd.jpg?im_w=720');
INSERT INTO IMAGE (IMAGE_ID, ACCOMODATION_ID, IMAGE_URL) VALUES (1713, 98, 'https://a0.muscache.com/im/pictures/2242738f-1a3f-42c6-869b-0f02eb2f9e00.jpg?im_w=720');
INSERT INTO IMAGE (IMAGE_ID, ACCOMODATION_ID, IMAGE_URL) VALUES (1714, 98, 'https://a0.muscache.com/im/pictures/2c66ee03-0ad7-48bf-bfbc-63b49243eba1.jpg?im_w=720');
INSERT INTO IMAGE (IMAGE_ID, ACCOMODATION_ID, IMAGE_URL) VALUES (1715, 98, 'https://a0.muscache.com/im/pictures/f05ba3fc-9529-4f18-a2e7-0682763cc292.jpg?im_w=720');
INSERT INTO IMAGE (IMAGE_ID, ACCOMODATION_ID, IMAGE_URL) VALUES (1716, 98, 'https://a0.muscache.com/im/pictures/516e44cc-214c-46d2-9de7-7458ca2a4fc2.jpg?im_w=720');
INSERT INTO IMAGE (IMAGE_ID, ACCOMODATION_ID, IMAGE_URL) VALUES (1717, 98, 'https://a0.muscache.com/im/pictures/a7e35fc7-c515-48db-9ede-798228a7b862.jpg?im_w=720');
INSERT INTO IMAGE (IMAGE_ID, ACCOMODATION_ID, IMAGE_URL) VALUES (1718, 98, 'https://a0.muscache.com/im/pictures/4cb9a794-dcf3-4185-b5c1-be8eae2b4518.jpg?im_w=720');
INSERT INTO IMAGE (IMAGE_ID, ACCOMODATION_ID, IMAGE_URL) VALUES (1719, 98, 'https://a0.muscache.com/im/pictures/9c1f245f-591c-4861-9b77-d027e63d6b8b.jpg?im_w=720');

INSERT INTO LOCATION (LOCATION_ID, LOCATION_NAME, COUNTRY, REGION, CITY, LATITUDE, LONGITUDE) VALUES (99, '지명99', ' 한국', ' 서울', '마포구', 37.537302544745685, 126.94507421368779);
INSERT INTO ACCOMODATION (`ACCOMODATION_ID`, `LOCATION_ID`, `ACCOMODATION_NAME`, `HOST_NAME`, `DISCRIPTION`, `ACCOMODATION_TYPE`, `PRICE`, `MAXIMUM_OCCUPANCY`, `AVERAGE_POINT`, `BED_ROOM`, `BATH_ROOM`, `BED_COUNT`,`OPTION`) VALUES (99, 99, 'Cozy Hanriver-Offictel', '호스트99', '설명99', '집 전체', 635360, 2, 5.4, 0, 1,0, '주방,무선 인터넷,에어컨,헤어드라이어');
INSERT INTO IMAGE (IMAGE_ID, ACCOMODATION_ID, IMAGE_URL) VALUES (1720, 99, 'https://a0.muscache.com/im/pictures/b52d0793-e783-4230-a8b3-f391564ad007.jpg?im_w=720');
INSERT INTO IMAGE (IMAGE_ID, ACCOMODATION_ID, IMAGE_URL) VALUES (1721, 99, 'https://a0.muscache.com/im/pictures/d8b3f221-c35e-4db8-9390-d0f82f4b821a.jpg?im_w=720');
INSERT INTO IMAGE (IMAGE_ID, ACCOMODATION_ID, IMAGE_URL) VALUES (1722, 99, 'https://a0.muscache.com/im/pictures/73425001-a4cc-4dc4-b5be-b3526d389cba.jpg?im_w=720');
INSERT INTO IMAGE (IMAGE_ID, ACCOMODATION_ID, IMAGE_URL) VALUES (1723, 99, 'https://a0.muscache.com/im/pictures/1c2c547a-53aa-47aa-a2f8-dae8e67c4495.jpg?im_w=720');
INSERT INTO IMAGE (IMAGE_ID, ACCOMODATION_ID, IMAGE_URL) VALUES (1724, 99, 'https://a0.muscache.com/im/pictures/ce6afe92-39f6-4015-9cdb-f5562a968437.jpg?im_w=720');
INSERT INTO IMAGE (IMAGE_ID, ACCOMODATION_ID, IMAGE_URL) VALUES (1725, 99, 'https://a0.muscache.com/im/pictures/ae12fd44-d5fe-4e47-aee4-bf26d33d533b.jpg?im_w=720');
INSERT INTO IMAGE (IMAGE_ID, ACCOMODATION_ID, IMAGE_URL) VALUES (1726, 99, 'https://a0.muscache.com/im/pictures/42dde593-e1a1-4177-bc5c-2ae7421f27a0.jpg?im_w=720');
INSERT INTO IMAGE (IMAGE_ID, ACCOMODATION_ID, IMAGE_URL) VALUES (1727, 99, 'https://a0.muscache.com/im/pictures/21545dd5-d053-4b3d-b3f1-24dd9ae97d66.jpg?im_w=720');
INSERT INTO IMAGE (IMAGE_ID, ACCOMODATION_ID, IMAGE_URL) VALUES (1728, 99, 'https://a0.muscache.com/im/pictures/024d3380-17f1-4d21-950d-bb98eefab62f.jpg?im_w=720');
INSERT INTO IMAGE (IMAGE_ID, ACCOMODATION_ID, IMAGE_URL) VALUES (1729, 99, 'https://a0.muscache.com/im/pictures/64f0fa32-e098-42fd-a1b7-7982a5c9573b.jpg?im_w=720');
INSERT INTO IMAGE (IMAGE_ID, ACCOMODATION_ID, IMAGE_URL) VALUES (1730, 99, 'https://a0.muscache.com/im/pictures/63474785-3408-47f7-81fa-ae73650e6c51.jpg?im_w=720');
INSERT INTO IMAGE (IMAGE_ID, ACCOMODATION_ID, IMAGE_URL) VALUES (1731, 99, 'https://a0.muscache.com/im/pictures/ed1f9d0f-aa37-4fef-acf2-4e85a08f7a7d.jpg?im_w=720');

INSERT INTO LOCATION (LOCATION_ID, LOCATION_NAME, COUNTRY, REGION, CITY, LATITUDE, LONGITUDE) VALUES (100, '지명100', ' 한국', ' 서울', '종로구', 37.57594, 127.01976);
INSERT INTO ACCOMODATION (`ACCOMODATION_ID`, `LOCATION_ID`, `ACCOMODATION_NAME`, `HOST_NAME`, `DISCRIPTION`, `ACCOMODATION_TYPE`, `PRICE`, `MAXIMUM_OCCUPANCY`, `AVERAGE_POINT`, `BED_ROOM`, `BATH_ROOM`, `BED_COUNT`,`OPTION`) VALUES (100, 100, 'dmyk_Trapezoid', '호스트100', '설명100', '집 전체', 964754, 2, 1.7, 0, 1,0, '무선 인터넷,에어컨,헤어드라이어');
INSERT INTO IMAGE (IMAGE_ID, ACCOMODATION_ID, IMAGE_URL) VALUES (1732, 100, 'https://a0.muscache.com/im/pictures/cd48f6bd-42e8-4353-9c6a-36e19c56b667.jpg?im_w=720');
INSERT INTO IMAGE (IMAGE_ID, ACCOMODATION_ID, IMAGE_URL) VALUES (1733, 100, 'https://a0.muscache.com/im/pictures/1f477093-41ad-4417-95da-3d97f2f609b3.jpg?im_w=720');
INSERT INTO IMAGE (IMAGE_ID, ACCOMODATION_ID, IMAGE_URL) VALUES (1734, 100, 'https://a0.muscache.com/im/pictures/32e2675c-d5eb-4cb3-8979-6e557067fb4c.jpg?im_w=720');
INSERT INTO IMAGE (IMAGE_ID, ACCOMODATION_ID, IMAGE_URL) VALUES (1735, 100, 'https://a0.muscache.com/im/pictures/ba8b7a68-e54e-4226-aa18-a6c15d96078a.jpg?im_w=720');
INSERT INTO IMAGE (IMAGE_ID, ACCOMODATION_ID, IMAGE_URL) VALUES (1736, 100, 'https://a0.muscache.com/im/pictures/652082aa-9311-44b1-a910-8709e9b5c168.jpg?im_w=720');
INSERT INTO IMAGE (IMAGE_ID, ACCOMODATION_ID, IMAGE_URL) VALUES (1737, 100, 'https://a0.muscache.com/im/pictures/5ee50ba9-dda8-41bf-94f9-34745af2e782.jpg?im_w=720');
INSERT INTO IMAGE (IMAGE_ID, ACCOMODATION_ID, IMAGE_URL) VALUES (1738, 100, 'https://a0.muscache.com/im/pictures/918379ee-fbc9-4c1c-865d-1f421ce499b1.jpg?im_w=720');
INSERT INTO IMAGE (IMAGE_ID, ACCOMODATION_ID, IMAGE_URL) VALUES (1739, 100, 'https://a0.muscache.com/im/pictures/c350a29b-98bf-4dc5-b86c-bf4f3a257d34.jpg?im_w=720');
INSERT INTO IMAGE (IMAGE_ID, ACCOMODATION_ID, IMAGE_URL) VALUES (1740, 100, 'https://a0.muscache.com/im/pictures/30b901b7-cff6-4619-b897-8f5ba1fe6bf1.jpg?im_w=720');
INSERT INTO IMAGE (IMAGE_ID, ACCOMODATION_ID, IMAGE_URL) VALUES (1741, 100, 'https://a0.muscache.com/im/pictures/c344bd78-aa00-463f-a864-9e23b1dae69c.jpg?im_w=720');
INSERT INTO IMAGE (IMAGE_ID, ACCOMODATION_ID, IMAGE_URL) VALUES (1742, 100, 'https://a0.muscache.com/im/pictures/fbbf155f-c61e-4511-ac99-2421cb6e82dd.jpg?im_w=720');
INSERT INTO IMAGE (IMAGE_ID, ACCOMODATION_ID, IMAGE_URL) VALUES (1743, 100, 'https://a0.muscache.com/im/pictures/e84ee68c-4728-4b3c-afd8-abfe130a4846.jpg?im_w=720');


INSERT INTO LOCATION (LOCATION_ID, LOCATION_NAME, COUNTRY, REGION, CITY, LATITUDE, LONGITUDE) VALUES (101, '지명101', ' 한국', ' 서울', '마포구', 37.55723, 126.91665);
INSERT INTO ACCOMODATION (`ACCOMODATION_ID`, `LOCATION_ID`, `ACCOMODATION_NAME`, `HOST_NAME`, `DISCRIPTION`, `ACCOMODATION_TYPE`, `PRICE`, `MAXIMUM_OCCUPANCY`, `AVERAGE_POINT`, `BED_ROOM`, `BATH_ROOM`, `BED_COUNT`,`OPTION`) VALUES (101, 101, '홍대의 당신의 아름다운 장기 렌탈집! (+ wifi에그)', '호스트101', '설명101', '집 전체', 398631, 3, 4.1, 1, 1,1, '주방,무선 인터넷,에어컨,헤어드라이어');
INSERT INTO IMAGE (IMAGE_ID, ACCOMODATION_ID, IMAGE_URL) VALUES (1744, 101, 'https://a0.muscache.com/im/pictures/ccf7ecef-2801-4b8e-9a57-bf4b0d1dceb5.jpg?im_w=720');
INSERT INTO IMAGE (IMAGE_ID, ACCOMODATION_ID, IMAGE_URL) VALUES (1745, 101, 'https://a0.muscache.com/im/pictures/7ec18bca-54b8-4748-98cb-c527c8c61514.jpg?im_w=720');
INSERT INTO IMAGE (IMAGE_ID, ACCOMODATION_ID, IMAGE_URL) VALUES (1746, 101, 'https://a0.muscache.com/im/pictures/d9a6e3d2-41e1-4128-a820-a46f31d5b13d.jpg?im_w=720');
INSERT INTO IMAGE (IMAGE_ID, ACCOMODATION_ID, IMAGE_URL) VALUES (1747, 101, 'https://a0.muscache.com/im/pictures/754f6294-28f3-46c6-b070-7a65aeac00f3.jpg?im_w=720');
INSERT INTO IMAGE (IMAGE_ID, ACCOMODATION_ID, IMAGE_URL) VALUES (1748, 101, 'https://a0.muscache.com/im/pictures/fedbaa09-864a-401a-89dc-ff3e9ea1f8b4.jpg?im_w=720');
INSERT INTO IMAGE (IMAGE_ID, ACCOMODATION_ID, IMAGE_URL) VALUES (1749, 101, 'https://a0.muscache.com/im/pictures/0d242fc1-3f44-47ba-a35c-961f3a9f6c8b.jpg?im_w=720');
INSERT INTO IMAGE (IMAGE_ID, ACCOMODATION_ID, IMAGE_URL) VALUES (1750, 101, 'https://a0.muscache.com/im/pictures/81861874/f6055795_original.jpg?im_w=720');
INSERT INTO IMAGE (IMAGE_ID, ACCOMODATION_ID, IMAGE_URL) VALUES (1751, 101, 'https://a0.muscache.com/im/pictures/58ac6632-4fc2-4ef5-9d30-146954a58dac.jpg?im_w=720');
INSERT INTO IMAGE (IMAGE_ID, ACCOMODATION_ID, IMAGE_URL) VALUES (1752, 101, 'https://a0.muscache.com/im/pictures/e8885055-1728-43d5-9ae9-1fa09d3267f7.jpg?im_w=720');
INSERT INTO IMAGE (IMAGE_ID, ACCOMODATION_ID, IMAGE_URL) VALUES (1753, 101, 'https://a0.muscache.com/im/pictures/d6758e59-cd01-4261-bc7b-f737a4a1372f.jpg?im_w=720');
INSERT INTO IMAGE (IMAGE_ID, ACCOMODATION_ID, IMAGE_URL) VALUES (1754, 101, 'https://a0.muscache.com/im/pictures/cefaffba-4d3c-4b2a-b63f-7f7a959865c9.jpg?im_w=720');
INSERT INTO IMAGE (IMAGE_ID, ACCOMODATION_ID, IMAGE_URL) VALUES (1755, 101, 'https://a0.muscache.com/im/pictures/29e1a8f0-2c99-418f-9c3e-facb1ca7aeda.jpg?im_w=720');
INSERT INTO IMAGE (IMAGE_ID, ACCOMODATION_ID, IMAGE_URL) VALUES (1756, 101, 'https://a0.muscache.com/im/pictures/a348b823-ac14-4550-b769-5f821e1ec3d0.jpg?im_w=720');
INSERT INTO IMAGE (IMAGE_ID, ACCOMODATION_ID, IMAGE_URL) VALUES (1757, 101, 'https://a0.muscache.com/im/pictures/0d0afb93-14f7-46bd-9a8a-21233ccb00d0.jpg?im_w=720');
INSERT INTO IMAGE (IMAGE_ID, ACCOMODATION_ID, IMAGE_URL) VALUES (1758, 101, 'https://a0.muscache.com/im/pictures/7a23d72e-04bc-4dfa-a942-98c9b270f651.jpg?im_w=720');
INSERT INTO IMAGE (IMAGE_ID, ACCOMODATION_ID, IMAGE_URL) VALUES (1759, 101, 'https://a0.muscache.com/im/pictures/7cfadaca-5a32-4fdf-b081-2c21644be0c2.jpg?im_w=720');
INSERT INTO IMAGE (IMAGE_ID, ACCOMODATION_ID, IMAGE_URL) VALUES (1760, 101, 'https://a0.muscache.com/im/pictures/ef319400-a283-42b2-969d-cb0d55fe93d7.jpg?im_w=720');
INSERT INTO IMAGE (IMAGE_ID, ACCOMODATION_ID, IMAGE_URL) VALUES (1761, 101, 'https://a0.muscache.com/im/pictures/5bcf8709-90f6-48ae-8ca2-67e1ab04afe8.jpg?im_w=720');
INSERT INTO IMAGE (IMAGE_ID, ACCOMODATION_ID, IMAGE_URL) VALUES (1762, 101, 'https://a0.muscache.com/im/pictures/df0f9244-6f7d-4295-8ec7-0cd068d98b83.jpg?im_w=720');
INSERT INTO IMAGE (IMAGE_ID, ACCOMODATION_ID, IMAGE_URL) VALUES (1763, 101, 'https://a0.muscache.com/im/pictures/82851701/9fa2d512_original.jpg?im_w=720');
INSERT INTO IMAGE (IMAGE_ID, ACCOMODATION_ID, IMAGE_URL) VALUES (1764, 101, 'https://a0.muscache.com/im/pictures/83795705/88f3711d_original.jpg?im_w=720');
INSERT INTO IMAGE (IMAGE_ID, ACCOMODATION_ID, IMAGE_URL) VALUES (1765, 101, 'https://a0.muscache.com/im/pictures/83632999/9b6f7025_original.jpg?im_w=720');
INSERT INTO IMAGE (IMAGE_ID, ACCOMODATION_ID, IMAGE_URL) VALUES (1766, 101, 'https://a0.muscache.com/im/pictures/b1cb8b0f-bb13-4257-b95d-0e50c15bea37.jpg?im_w=720');
INSERT INTO IMAGE (IMAGE_ID, ACCOMODATION_ID, IMAGE_URL) VALUES (1767, 101, 'https://a0.muscache.com/im/pictures/83632839/7406e8b5_original.jpg?im_w=720');
INSERT INTO IMAGE (IMAGE_ID, ACCOMODATION_ID, IMAGE_URL) VALUES (1768, 101, 'https://a0.muscache.com/im/pictures/81861993/ded807ce_original.jpg?im_w=720');
INSERT INTO IMAGE (IMAGE_ID, ACCOMODATION_ID, IMAGE_URL) VALUES (1769, 101, 'https://a0.muscache.com/im/pictures/81aacbab-ac77-4299-9212-637ac47dab0f.jpg?im_w=720');
INSERT INTO IMAGE (IMAGE_ID, ACCOMODATION_ID, IMAGE_URL) VALUES (1770, 101, 'https://a0.muscache.com/im/pictures/83632873/98df24e2_original.jpg?im_w=720');
INSERT INTO IMAGE (IMAGE_ID, ACCOMODATION_ID, IMAGE_URL) VALUES (1771, 101, 'https://a0.muscache.com/im/pictures/81861911/8c62ed60_original.jpg?im_w=720');
INSERT INTO IMAGE (IMAGE_ID, ACCOMODATION_ID, IMAGE_URL) VALUES (1772, 101, 'https://a0.muscache.com/im/pictures/82851738/5b628405_original.jpg?im_w=720');
INSERT INTO IMAGE (IMAGE_ID, ACCOMODATION_ID, IMAGE_URL) VALUES (1773, 101, 'https://a0.muscache.com/im/pictures/82851435/d9112d65_original.jpg?im_w=720');

INSERT INTO LOCATION (LOCATION_ID, LOCATION_NAME, COUNTRY, REGION, CITY, LATITUDE, LONGITUDE) VALUES (102, '지명102', ' 한국', ' 서울', '마포구', 37.5509, 126.91622);
INSERT INTO ACCOMODATION (`ACCOMODATION_ID`, `LOCATION_ID`, `ACCOMODATION_NAME`, `HOST_NAME`, `DISCRIPTION`, `ACCOMODATION_TYPE`, `PRICE`, `MAXIMUM_OCCUPANCY`, `AVERAGE_POINT`, `BED_ROOM`, `BATH_ROOM`, `BED_COUNT`,`OPTION`) VALUES (102, 102, 'Your beautiful long term nest, cosy & memorable', '호스트102', '설명102', '집 전체', 203297, 3, 8.4, 1, 1,1, '주방,무선 인터넷,에어컨,헤어드라이어');
INSERT INTO IMAGE (IMAGE_ID, ACCOMODATION_ID, IMAGE_URL) VALUES (1774, 102, 'https://a0.muscache.com/im/pictures/948b432a-747f-4365-b894-156a975631c5.jpg?im_w=720');
INSERT INTO IMAGE (IMAGE_ID, ACCOMODATION_ID, IMAGE_URL) VALUES (1775, 102, 'https://a0.muscache.com/im/pictures/3461cca3-fc63-410e-8077-fe070d13429d.jpg?im_w=720');
INSERT INTO IMAGE (IMAGE_ID, ACCOMODATION_ID, IMAGE_URL) VALUES (1776, 102, 'https://a0.muscache.com/im/pictures/5df5324c-2d4f-4c83-9c95-3f03c4663191.jpg?im_w=720');
INSERT INTO IMAGE (IMAGE_ID, ACCOMODATION_ID, IMAGE_URL) VALUES (1777, 102, 'https://a0.muscache.com/im/pictures/6df66edb-0950-477e-959a-762ee9e742c4.jpg?im_w=720');
INSERT INTO IMAGE (IMAGE_ID, ACCOMODATION_ID, IMAGE_URL) VALUES (1778, 102, 'https://a0.muscache.com/im/pictures/edcf2e2a-37d6-4c82-8db8-b2bf8ca1ed36.jpg?im_w=720');
INSERT INTO IMAGE (IMAGE_ID, ACCOMODATION_ID, IMAGE_URL) VALUES (1779, 102, 'https://a0.muscache.com/im/pictures/e66794b0-8f4f-4ff5-9e0f-a2fb0fa32c0e.jpg?im_w=720');
INSERT INTO IMAGE (IMAGE_ID, ACCOMODATION_ID, IMAGE_URL) VALUES (1780, 102, 'https://a0.muscache.com/im/pictures/df5d6133-8398-4bed-a222-f3d5a1c2d2d9.jpg?im_w=720');
INSERT INTO IMAGE (IMAGE_ID, ACCOMODATION_ID, IMAGE_URL) VALUES (1781, 102, 'https://a0.muscache.com/im/pictures/bac13c00-ab60-4d10-93d8-a5c028ba5cc6.jpg?im_w=720');
INSERT INTO IMAGE (IMAGE_ID, ACCOMODATION_ID, IMAGE_URL) VALUES (1782, 102, 'https://a0.muscache.com/im/pictures/7a97c34a-262f-4249-bc8f-ca250ea15a6e.jpg?im_w=720');
INSERT INTO IMAGE (IMAGE_ID, ACCOMODATION_ID, IMAGE_URL) VALUES (1783, 102, 'https://a0.muscache.com/im/pictures/01fd50cb-458e-4acf-b5b6-26cdb5b10f85.jpg?im_w=720');
INSERT INTO IMAGE (IMAGE_ID, ACCOMODATION_ID, IMAGE_URL) VALUES (1784, 102, 'https://a0.muscache.com/im/pictures/1104f9d6-8ff6-4da1-b366-3bfa676519dd.jpg?im_w=720');
INSERT INTO IMAGE (IMAGE_ID, ACCOMODATION_ID, IMAGE_URL) VALUES (1785, 102, 'https://a0.muscache.com/im/pictures/5dcacc69-5f64-426a-a99a-b4ec9db5d226.jpg?im_w=720');
INSERT INTO IMAGE (IMAGE_ID, ACCOMODATION_ID, IMAGE_URL) VALUES (1786, 102, 'https://a0.muscache.com/im/pictures/a0820fe5-39bb-42b5-bd4a-0102d7fa787c.jpg?im_w=720');
INSERT INTO IMAGE (IMAGE_ID, ACCOMODATION_ID, IMAGE_URL) VALUES (1787, 102, 'https://a0.muscache.com/im/pictures/072bf321-e0a6-42d5-aa0a-e87da08eec14.jpg?im_w=720');
INSERT INTO IMAGE (IMAGE_ID, ACCOMODATION_ID, IMAGE_URL) VALUES (1788, 102, 'https://a0.muscache.com/im/pictures/a151ac67-b93d-4cf1-81ff-d11a992a01db.jpg?im_w=720');
INSERT INTO IMAGE (IMAGE_ID, ACCOMODATION_ID, IMAGE_URL) VALUES (1789, 102, 'https://a0.muscache.com/im/pictures/a9cc2c34-948d-4893-b9b7-e58def962726.jpg?im_w=720');
INSERT INTO IMAGE (IMAGE_ID, ACCOMODATION_ID, IMAGE_URL) VALUES (1790, 102, 'https://a0.muscache.com/im/pictures/8c8ae36d-21d1-4da2-a236-cd2f5c2a1d0a.jpg?im_w=720');
INSERT INTO IMAGE (IMAGE_ID, ACCOMODATION_ID, IMAGE_URL) VALUES (1791, 102, 'https://a0.muscache.com/im/pictures/91eff3bf-67e0-43f2-b0b5-27cc4ea658f8.jpg?im_w=720');
INSERT INTO IMAGE (IMAGE_ID, ACCOMODATION_ID, IMAGE_URL) VALUES (1792, 102, 'https://a0.muscache.com/im/pictures/51018395-be1d-4252-a160-e73081bb9e21.jpg?im_w=720');
INSERT INTO IMAGE (IMAGE_ID, ACCOMODATION_ID, IMAGE_URL) VALUES (1793, 102, 'https://a0.muscache.com/im/pictures/6c877d75-176b-4cf6-bbf6-814ba8f45224.jpg?im_w=720');
INSERT INTO IMAGE (IMAGE_ID, ACCOMODATION_ID, IMAGE_URL) VALUES (1794, 102, 'https://a0.muscache.com/im/pictures/e26612ed-54be-45a3-bbac-b10d95325afd.jpg?im_w=720');
INSERT INTO IMAGE (IMAGE_ID, ACCOMODATION_ID, IMAGE_URL) VALUES (1795, 102, 'https://a0.muscache.com/im/pictures/087a4f18-09d1-4cbe-b70b-029d4ce43a26.jpg?im_w=720');
INSERT INTO IMAGE (IMAGE_ID, ACCOMODATION_ID, IMAGE_URL) VALUES (1796, 102, 'https://a0.muscache.com/im/pictures/0678ef0b-49d9-4337-a445-b018dd69a170.jpg?im_w=720');
INSERT INTO IMAGE (IMAGE_ID, ACCOMODATION_ID, IMAGE_URL) VALUES (1797, 102, 'https://a0.muscache.com/im/pictures/7fb8a153-8f92-4182-b6c9-9663c0c5c626.jpg?im_w=720');
INSERT INTO IMAGE (IMAGE_ID, ACCOMODATION_ID, IMAGE_URL) VALUES (1798, 102, 'https://a0.muscache.com/im/pictures/4f3c02a2-8b3d-42fe-b8cf-025bb561728c.jpg?im_w=720');

INSERT INTO LOCATION (LOCATION_ID, LOCATION_NAME, COUNTRY, REGION, CITY, LATITUDE, LONGITUDE) VALUES (103, '지명103', ' 한국', ' 서울', '서대문구', 37.5558, 126.93128);
INSERT INTO ACCOMODATION (`ACCOMODATION_ID`, `LOCATION_ID`, `ACCOMODATION_NAME`, `HOST_NAME`, `DISCRIPTION`, `ACCOMODATION_TYPE`, `PRICE`, `MAXIMUM_OCCUPANCY`, `AVERAGE_POINT`, `BED_ROOM`, `BATH_ROOM`, `BED_COUNT`,`OPTION`) VALUES (103, 103, '#2 홍대입구역 도보 5분 조용하고 깔끔한 집', '호스트103', '설명103', '집 전체', 942871, 2, 9.7, 1, 1,1, '주방,무선 인터넷,에어컨,헤어드라이어');
INSERT INTO IMAGE (IMAGE_ID, ACCOMODATION_ID, IMAGE_URL) VALUES (1799, 103, 'https://a0.muscache.com/im/pictures/miso/Hosting-48235229/original/4bf6a5cc-dc35-49fa-a625-951f8a76fec5.jpeg?im_w=720');
INSERT INTO IMAGE (IMAGE_ID, ACCOMODATION_ID, IMAGE_URL) VALUES (1800, 103, 'https://a0.muscache.com/im/pictures/miso/Hosting-48235229/original/4a9c2baa-44fc-4a4d-a067-854f167bfcfb.jpeg?im_w=720');
INSERT INTO IMAGE (IMAGE_ID, ACCOMODATION_ID, IMAGE_URL) VALUES (1801, 103, 'https://a0.muscache.com/im/pictures/miso/Hosting-48235229/original/37764a52-e072-41f4-8f19-c3f89e242bef.jpeg?im_w=720');
INSERT INTO IMAGE (IMAGE_ID, ACCOMODATION_ID, IMAGE_URL) VALUES (1802, 103, 'https://a0.muscache.com/im/pictures/miso/Hosting-48235229/original/5ce4b1ac-92b3-46bc-92c9-3a2e9f85aa0b.jpeg?im_w=720');
INSERT INTO IMAGE (IMAGE_ID, ACCOMODATION_ID, IMAGE_URL) VALUES (1803, 103, 'https://a0.muscache.com/im/pictures/miso/Hosting-48235229/original/b1102385-8db1-4ef6-97e9-e34027388355.jpeg?im_w=720');
INSERT INTO IMAGE (IMAGE_ID, ACCOMODATION_ID, IMAGE_URL) VALUES (1804, 103, 'https://a0.muscache.com/im/pictures/miso/Hosting-48235229/original/e88fbe17-6d58-410d-8799-83ca5022a543.jpeg?im_w=720');
INSERT INTO IMAGE (IMAGE_ID, ACCOMODATION_ID, IMAGE_URL) VALUES (1805, 103, 'https://a0.muscache.com/im/pictures/miso/Hosting-48235229/original/9eb245eb-ea25-40da-b045-4cecde615617.jpeg?im_w=720');
INSERT INTO IMAGE (IMAGE_ID, ACCOMODATION_ID, IMAGE_URL) VALUES (1806, 103, 'https://a0.muscache.com/im/pictures/miso/Hosting-48235229/original/217258d6-fb04-439a-840e-7223ad6b0563.jpeg?im_w=720');
INSERT INTO IMAGE (IMAGE_ID, ACCOMODATION_ID, IMAGE_URL) VALUES (1807, 103, 'https://a0.muscache.com/im/pictures/miso/Hosting-48235229/original/5872cd69-2885-439e-babe-e2e0dc7b2f9f.jpeg?im_w=720');
INSERT INTO IMAGE (IMAGE_ID, ACCOMODATION_ID, IMAGE_URL) VALUES (1808, 103, 'https://a0.muscache.com/im/pictures/miso/Hosting-48235229/original/5190dd47-c437-4e2c-90fa-b040c5f5b9c1.jpeg?im_w=720');
INSERT INTO IMAGE (IMAGE_ID, ACCOMODATION_ID, IMAGE_URL) VALUES (1809, 103, 'https://a0.muscache.com/im/pictures/miso/Hosting-48235229/original/89596b22-de26-4ea8-9470-362329e70d30.jpeg?im_w=720');
INSERT INTO IMAGE (IMAGE_ID, ACCOMODATION_ID, IMAGE_URL) VALUES (1810, 103, 'https://a0.muscache.com/im/pictures/miso/Hosting-48110410/original/e7b47cfc-d049-49b1-9b1e-b8d6b87c3527.jpeg?im_w=720');
INSERT INTO IMAGE (IMAGE_ID, ACCOMODATION_ID, IMAGE_URL) VALUES (1811, 103, 'https://a0.muscache.com/im/pictures/miso/Hosting-48110410/original/b7d92379-d4ce-4850-8cb2-394d07852685.jpeg?im_w=720');
INSERT INTO IMAGE (IMAGE_ID, ACCOMODATION_ID, IMAGE_URL) VALUES (1812, 103, 'https://a0.muscache.com/im/pictures/miso/Hosting-48235229/original/0e3f3867-54c9-405f-9454-e27009572b75.jpeg?im_w=720');

INSERT INTO LOCATION (LOCATION_ID, LOCATION_NAME, COUNTRY, REGION, CITY, LATITUDE, LONGITUDE) VALUES (104, '지명104', ' 서울', ' Mapo-gu', 'Yeonnam-dong', 37.56395, 126.92294);
INSERT INTO ACCOMODATION (`ACCOMODATION_ID`, `LOCATION_ID`, `ACCOMODATION_NAME`, `HOST_NAME`, `DISCRIPTION`, `ACCOMODATION_TYPE`, `PRICE`, `MAXIMUM_OCCUPANCY`, `AVERAGE_POINT`, `BED_ROOM`, `BATH_ROOM`, `BED_COUNT`,`OPTION`) VALUES (104, 104, '#303 Big Private room with private bathroom', '호스트104', '설명104', '개인실', 443631, 1, 8.0, 1, 2,1, '주방,무선 인터넷,에어컨');
INSERT INTO IMAGE (IMAGE_ID, ACCOMODATION_ID, IMAGE_URL) VALUES (1813, 104, 'https://a0.muscache.com/im/pictures/miso/Hosting-49694275/original/2b946a2e-2566-476c-a5b5-0131d1db172b.jpeg?im_w=720');
INSERT INTO IMAGE (IMAGE_ID, ACCOMODATION_ID, IMAGE_URL) VALUES (1814, 104, 'https://a0.muscache.com/im/pictures/04c6a45b-b6a9-43f1-8200-bfa9571ccc0e.jpg?im_w=720');
INSERT INTO IMAGE (IMAGE_ID, ACCOMODATION_ID, IMAGE_URL) VALUES (1815, 104, 'https://a0.muscache.com/im/pictures/miso/Hosting-49694275/original/d089a0ad-fd8a-43c8-abd5-964650566311.jpeg?im_w=720');
INSERT INTO IMAGE (IMAGE_ID, ACCOMODATION_ID, IMAGE_URL) VALUES (1816, 104, 'https://a0.muscache.com/im/pictures/miso/Hosting-49694275/original/1a5fd333-33c1-4e04-8b4f-6f46ad55facc.jpeg?im_w=720');
INSERT INTO IMAGE (IMAGE_ID, ACCOMODATION_ID, IMAGE_URL) VALUES (1817, 104, 'https://a0.muscache.com/im/pictures/miso/Hosting-49694275/original/ebb1e31e-293d-4dd1-b4de-f72907f5829b.jpeg?im_w=720');
INSERT INTO IMAGE (IMAGE_ID, ACCOMODATION_ID, IMAGE_URL) VALUES (1818, 104, 'https://a0.muscache.com/im/pictures/miso/Hosting-49694275/original/0a8d8d7b-5160-49b7-9393-6325c80ac37f.jpeg?im_w=720');
INSERT INTO IMAGE (IMAGE_ID, ACCOMODATION_ID, IMAGE_URL) VALUES (1819, 104, 'https://a0.muscache.com/im/pictures/miso/Hosting-49694275/original/9a5761ce-bfe5-41ea-b29c-dd7c8ba81f30.jpeg?im_w=720');
INSERT INTO IMAGE (IMAGE_ID, ACCOMODATION_ID, IMAGE_URL) VALUES (1820, 104, 'https://a0.muscache.com/im/pictures/miso/Hosting-49694275/original/3ce047dd-09e6-422e-94c1-e63df77fa207.jpeg?im_w=720');
INSERT INTO IMAGE (IMAGE_ID, ACCOMODATION_ID, IMAGE_URL) VALUES (1821, 104, 'https://a0.muscache.com/im/pictures/miso/Hosting-49694275/original/f4b18725-62e8-4590-a802-11cc0543e90f.jpeg?im_w=720');
INSERT INTO IMAGE (IMAGE_ID, ACCOMODATION_ID, IMAGE_URL) VALUES (1822, 104, 'https://a0.muscache.com/im/pictures/miso/Hosting-49694275/original/05f39231-33cc-4fad-ac7e-1b91550b1077.jpeg?im_w=720');

INSERT INTO LOCATION (LOCATION_ID, LOCATION_NAME, COUNTRY, REGION, CITY, LATITUDE, LONGITUDE) VALUES (105, '지명105', ' 한국', ' 서울', '마포구', 37.54792, 126.91518);
INSERT INTO ACCOMODATION (`ACCOMODATION_ID`, `LOCATION_ID`, `ACCOMODATION_NAME`, `HOST_NAME`, `DISCRIPTION`, `ACCOMODATION_TYPE`, `PRICE`, `MAXIMUM_OCCUPANCY`, `AVERAGE_POINT`, `BED_ROOM`, `BATH_ROOM`, `BED_COUNT`,`OPTION`) VALUES (105, 105, '합정역에서 도보5분거리 위치  홍대거리까지 도보 5분', '호스트105', '설명105', '집 전체', 403753, 4, 7.7, 2, 1,2, '주방,무선 인터넷,에어컨,헤어드라이어');
INSERT INTO IMAGE (IMAGE_ID, ACCOMODATION_ID, IMAGE_URL) VALUES (1823, 105, 'https://a0.muscache.com/im/pictures/90bd6a97-1d9b-4b32-87aa-880f2c7b0043.jpg?im_w=720');
INSERT INTO IMAGE (IMAGE_ID, ACCOMODATION_ID, IMAGE_URL) VALUES (1824, 105, 'https://a0.muscache.com/im/pictures/1e90b943-f783-48d9-a15c-932878c99cc3.jpg?im_w=720');
INSERT INTO IMAGE (IMAGE_ID, ACCOMODATION_ID, IMAGE_URL) VALUES (1825, 105, 'https://a0.muscache.com/im/pictures/9e6e51e8-bd1e-46e0-9833-083b21fb53a1.jpg?im_w=720');
INSERT INTO IMAGE (IMAGE_ID, ACCOMODATION_ID, IMAGE_URL) VALUES (1826, 105, 'https://a0.muscache.com/im/pictures/773acd12-a408-4864-9dda-e281318ee444.jpg?im_w=720');
INSERT INTO IMAGE (IMAGE_ID, ACCOMODATION_ID, IMAGE_URL) VALUES (1827, 105, 'https://a0.muscache.com/im/pictures/64be460a-5421-4c11-a729-5603555f1242.jpg?im_w=720');
INSERT INTO IMAGE (IMAGE_ID, ACCOMODATION_ID, IMAGE_URL) VALUES (1828, 105, 'https://a0.muscache.com/im/pictures/542cc824-5989-4366-ad71-dfb36a1c915f.jpg?im_w=720');
INSERT INTO IMAGE (IMAGE_ID, ACCOMODATION_ID, IMAGE_URL) VALUES (1829, 105, 'https://a0.muscache.com/im/pictures/4c666b7a-409e-4d81-bbe6-42d43ef5809c.jpg?im_w=720');
INSERT INTO IMAGE (IMAGE_ID, ACCOMODATION_ID, IMAGE_URL) VALUES (1830, 105, 'https://a0.muscache.com/im/pictures/eb29cdda-a3a8-49b2-8f5d-34f4c5495e0f.jpg?im_w=720');
INSERT INTO IMAGE (IMAGE_ID, ACCOMODATION_ID, IMAGE_URL) VALUES (1831, 105, 'https://a0.muscache.com/im/pictures/fec73d0c-c0b5-4452-bb42-d898bfdc5add.jpg?im_w=720');
INSERT INTO IMAGE (IMAGE_ID, ACCOMODATION_ID, IMAGE_URL) VALUES (1832, 105, 'https://a0.muscache.com/im/pictures/05c93726-2407-4384-9432-dfa2a4697223.jpg?im_w=720');
INSERT INTO IMAGE (IMAGE_ID, ACCOMODATION_ID, IMAGE_URL) VALUES (1833, 105, 'https://a0.muscache.com/im/pictures/2264b7b5-8204-4150-97c4-e81c1edd1d5e.jpg?im_w=720');
INSERT INTO IMAGE (IMAGE_ID, ACCOMODATION_ID, IMAGE_URL) VALUES (1834, 105, 'https://a0.muscache.com/im/pictures/2738be31-fd5a-424c-ab30-38e21317bcff.jpg?im_w=720');
INSERT INTO IMAGE (IMAGE_ID, ACCOMODATION_ID, IMAGE_URL) VALUES (1835, 105, 'https://a0.muscache.com/im/pictures/cd944060-f69a-41fb-8812-63e68b9bac00.jpg?im_w=720');
INSERT INTO IMAGE (IMAGE_ID, ACCOMODATION_ID, IMAGE_URL) VALUES (1836, 105, 'https://a0.muscache.com/im/pictures/1d72fa35-faa8-49c4-bd67-bee9f1a0dec2.jpg?im_w=720');
INSERT INTO IMAGE (IMAGE_ID, ACCOMODATION_ID, IMAGE_URL) VALUES (1837, 105, 'https://a0.muscache.com/im/pictures/13250859-2328-4559-997c-dab560eb0b49.jpg?im_w=720');
INSERT INTO IMAGE (IMAGE_ID, ACCOMODATION_ID, IMAGE_URL) VALUES (1838, 105, 'https://a0.muscache.com/im/pictures/1c12e2a2-6583-4006-9eb3-a96b197a0227.jpg?im_w=720');
INSERT INTO IMAGE (IMAGE_ID, ACCOMODATION_ID, IMAGE_URL) VALUES (1839, 105, 'https://a0.muscache.com/im/pictures/37cfe794-9b82-4d7d-91d3-345fe01ad863.jpg?im_w=720');
INSERT INTO IMAGE (IMAGE_ID, ACCOMODATION_ID, IMAGE_URL) VALUES (1840, 105, 'https://a0.muscache.com/im/pictures/5c9dbf1e-e28a-4305-bc7b-830ad45de959.jpg?im_w=720');
INSERT INTO IMAGE (IMAGE_ID, ACCOMODATION_ID, IMAGE_URL) VALUES (1841, 105, 'https://a0.muscache.com/im/pictures/2fd61b0b-b42c-4faf-a771-df116211dc9b.jpg?im_w=720');
INSERT INTO IMAGE (IMAGE_ID, ACCOMODATION_ID, IMAGE_URL) VALUES (1842, 105, 'https://a0.muscache.com/im/pictures/208fc7c6-169e-43af-ab25-dcbd0a185447.jpg?im_w=720');
INSERT INTO IMAGE (IMAGE_ID, ACCOMODATION_ID, IMAGE_URL) VALUES (1843, 105, 'https://a0.muscache.com/im/pictures/370fe345-a069-4f50-b969-2af496e74054.jpg?im_w=720');
INSERT INTO IMAGE (IMAGE_ID, ACCOMODATION_ID, IMAGE_URL) VALUES (1844, 105, 'https://a0.muscache.com/im/pictures/344e92c5-687c-4e1e-88b3-94912664ff73.jpg?im_w=720');
INSERT INTO IMAGE (IMAGE_ID, ACCOMODATION_ID, IMAGE_URL) VALUES (1845, 105, 'https://a0.muscache.com/im/pictures/ba8ea3c9-b451-4dd5-91c0-6472296b56e3.jpg?im_w=720');
INSERT INTO IMAGE (IMAGE_ID, ACCOMODATION_ID, IMAGE_URL) VALUES (1846, 105, 'https://a0.muscache.com/im/pictures/6a5c635c-d1ec-429b-8f19-3d8a6037a5e1.jpg?im_w=720');
INSERT INTO IMAGE (IMAGE_ID, ACCOMODATION_ID, IMAGE_URL) VALUES (1847, 105, 'https://a0.muscache.com/im/pictures/05e15890-ddb9-439f-b901-3becce1fc4a5.jpg?im_w=720');
INSERT INTO IMAGE (IMAGE_ID, ACCOMODATION_ID, IMAGE_URL) VALUES (1848, 105, 'https://a0.muscache.com/im/pictures/56ac4169-5cf9-4b7e-b5e7-a04dc60c94d3.jpg?im_w=720');

INSERT INTO LOCATION (LOCATION_ID, LOCATION_NAME, COUNTRY, REGION, CITY, LATITUDE, LONGITUDE) VALUES (106, '지명106', ' 서울', ' Seodaemun-gu', 'Yeonhui-dong', 37.56174871445267, 126.92863661531081);
INSERT INTO ACCOMODATION (`ACCOMODATION_ID`, `LOCATION_ID`, `ACCOMODATION_NAME`, `HOST_NAME`, `DISCRIPTION`, `ACCOMODATION_TYPE`, `PRICE`, `MAXIMUM_OCCUPANCY`, `AVERAGE_POINT`, `BED_ROOM`, `BATH_ROOM`, `BED_COUNT`,`OPTION`) VALUES (106, 106, '한달, 단기, 하루 살기 연세대 세브란스 홍대 신촌 연희동 연남동', '호스트106', '설명106', '집 전체', 891422, 2, 8.0, 0, 1,0, '주방,에어컨,헤어드라이어');
INSERT INTO IMAGE (IMAGE_ID, ACCOMODATION_ID, IMAGE_URL) VALUES (1849, 106, 'https://a0.muscache.com/im/pictures/33edb9f4-a413-43d1-919e-7d71d5eff827.jpg?im_w=720');
INSERT INTO IMAGE (IMAGE_ID, ACCOMODATION_ID, IMAGE_URL) VALUES (1850, 106, 'https://a0.muscache.com/im/pictures/8b4df203-f73a-418b-b32c-565f3e6277a2.jpg?im_w=720');
INSERT INTO IMAGE (IMAGE_ID, ACCOMODATION_ID, IMAGE_URL) VALUES (1851, 106, 'https://a0.muscache.com/im/pictures/b7b5fb30-5916-4310-9aba-8991d35cce91.jpg?im_w=720');

INSERT INTO LOCATION (LOCATION_ID, LOCATION_NAME, COUNTRY, REGION, CITY, LATITUDE, LONGITUDE) VALUES (107, '지명107', ' 서울', ' Mapo-gu', 'Yeonnam-dong', 37.56093, 126.92111);
INSERT INTO ACCOMODATION (`ACCOMODATION_ID`, `LOCATION_ID`, `ACCOMODATION_NAME`, `HOST_NAME`, `DISCRIPTION`, `ACCOMODATION_TYPE`, `PRICE`, `MAXIMUM_OCCUPANCY`, `AVERAGE_POINT`, `BED_ROOM`, `BATH_ROOM`, `BED_COUNT`,`OPTION`) VALUES (107, 107, 'The Blossom in Hongdae #301', '호스트107', '설명107', '개인실', 792551, 1, 7.9, 1, 1,1, '주방,무선 인터넷,에어컨,헤어드라이어');
INSERT INTO IMAGE (IMAGE_ID, ACCOMODATION_ID, IMAGE_URL) VALUES (1852, 107, 'https://a0.muscache.com/im/pictures/c9190324-646a-438f-a1bf-2ef957f515a2.jpg?im_w=720');
INSERT INTO IMAGE (IMAGE_ID, ACCOMODATION_ID, IMAGE_URL) VALUES (1853, 107, 'https://a0.muscache.com/im/pictures/703a7d07-c934-4bec-b9dc-066a4cdc4641.jpg?im_w=720');
INSERT INTO IMAGE (IMAGE_ID, ACCOMODATION_ID, IMAGE_URL) VALUES (1854, 107, 'https://a0.muscache.com/im/pictures/c7297f52-d8a7-4d94-afeb-b2fd0973cb21.jpg?im_w=720');
INSERT INTO IMAGE (IMAGE_ID, ACCOMODATION_ID, IMAGE_URL) VALUES (1855, 107, 'https://a0.muscache.com/im/pictures/67fc500f-467b-404b-a9e8-1d546324c1eb.jpg?im_w=720');
INSERT INTO IMAGE (IMAGE_ID, ACCOMODATION_ID, IMAGE_URL) VALUES (1856, 107, 'https://a0.muscache.com/im/pictures/9816d9f7-dd97-4e91-9e10-ed8d92beb7f2.jpg?im_w=720');
INSERT INTO IMAGE (IMAGE_ID, ACCOMODATION_ID, IMAGE_URL) VALUES (1857, 107, 'https://a0.muscache.com/im/pictures/0d819675-4430-45e7-b87f-63c8c61a4108.jpg?im_w=720');
INSERT INTO IMAGE (IMAGE_ID, ACCOMODATION_ID, IMAGE_URL) VALUES (1858, 107, 'https://a0.muscache.com/im/pictures/c1125d17-838a-4337-99ec-200aa66120e8.jpg?im_w=720');
INSERT INTO IMAGE (IMAGE_ID, ACCOMODATION_ID, IMAGE_URL) VALUES (1859, 107, 'https://a0.muscache.com/im/pictures/87364e55-b497-431f-b424-2888c5b29b53.jpg?im_w=720');
INSERT INTO IMAGE (IMAGE_ID, ACCOMODATION_ID, IMAGE_URL) VALUES (1860, 107, 'https://a0.muscache.com/im/pictures/bcbab8aa-ce89-4dec-bab1-f6653d410650.jpg?im_w=720');
INSERT INTO IMAGE (IMAGE_ID, ACCOMODATION_ID, IMAGE_URL) VALUES (1861, 107, 'https://a0.muscache.com/im/pictures/a699fb58-9b57-4d7b-ae54-68bc25d1c583.jpg?im_w=720');
INSERT INTO IMAGE (IMAGE_ID, ACCOMODATION_ID, IMAGE_URL) VALUES (1862, 107, 'https://a0.muscache.com/im/pictures/602444f5-f2c5-4274-ac9c-4a00d4025098.jpg?im_w=720');
INSERT INTO IMAGE (IMAGE_ID, ACCOMODATION_ID, IMAGE_URL) VALUES (1863, 107, 'https://a0.muscache.com/im/pictures/b9bc500c-ad8b-4020-b435-30f8e8ded797.jpg?im_w=720');
INSERT INTO IMAGE (IMAGE_ID, ACCOMODATION_ID, IMAGE_URL) VALUES (1864, 107, 'https://a0.muscache.com/im/pictures/503d24c4-2059-42a2-bf5e-e7948a911e32.jpg?im_w=720');
INSERT INTO IMAGE (IMAGE_ID, ACCOMODATION_ID, IMAGE_URL) VALUES (1865, 107, 'https://a0.muscache.com/im/pictures/9914760b-22f1-41c9-85f9-ad182f695511.jpg?im_w=720');
INSERT INTO IMAGE (IMAGE_ID, ACCOMODATION_ID, IMAGE_URL) VALUES (1866, 107, 'https://a0.muscache.com/im/pictures/3b3491f9-2664-4e65-91d9-a286b3b10016.jpg?im_w=720');
INSERT INTO IMAGE (IMAGE_ID, ACCOMODATION_ID, IMAGE_URL) VALUES (1867, 107, 'https://a0.muscache.com/im/pictures/6850324f-2319-4ffa-b637-ba33f887e8b2.jpg?im_w=720');
INSERT INTO IMAGE (IMAGE_ID, ACCOMODATION_ID, IMAGE_URL) VALUES (1868, 107, 'https://a0.muscache.com/im/pictures/9e2247ab-0f3e-42e6-9739-164f9c24ce8d.jpg?im_w=720');
INSERT INTO IMAGE (IMAGE_ID, ACCOMODATION_ID, IMAGE_URL) VALUES (1869, 107, 'https://a0.muscache.com/im/pictures/d8e7b2ca-9418-48af-9470-d297183d1ad4.jpg?im_w=720');
INSERT INTO IMAGE (IMAGE_ID, ACCOMODATION_ID, IMAGE_URL) VALUES (1870, 107, 'https://a0.muscache.com/im/pictures/b44e59fc-e8aa-4f01-94f6-00321e8b3a22.jpg?im_w=720');

INSERT INTO LOCATION (LOCATION_ID, LOCATION_NAME, COUNTRY, REGION, CITY, LATITUDE, LONGITUDE) VALUES (108, '지명108', ' 한국', ' 서울', '마포구', 37.55218, 126.91855);
INSERT INTO ACCOMODATION (`ACCOMODATION_ID`, `LOCATION_ID`, `ACCOMODATION_NAME`, `HOST_NAME`, `DISCRIPTION`, `ACCOMODATION_TYPE`, `PRICE`, `MAXIMUM_OCCUPANCY`, `AVERAGE_POINT`, `BED_ROOM`, `BATH_ROOM`, `BED_COUNT`,`OPTION`) VALUES (108, 108, '701 Staywith hongdae single room', '호스트108', '설명108', '개인실', 207614, 1, 8.1, 1, 1,1, '주방,무선 인터넷,에어컨,헤어드라이어');
INSERT INTO IMAGE (IMAGE_ID, ACCOMODATION_ID, IMAGE_URL) VALUES (1871, 108, 'https://a0.muscache.com/im/pictures/ffccefec-459a-480e-af83-9a6fa7c675bc.jpg?im_w=720');
INSERT INTO IMAGE (IMAGE_ID, ACCOMODATION_ID, IMAGE_URL) VALUES (1872, 108, 'https://a0.muscache.com/im/pictures/bb7a021c-4569-4f4b-9b28-2032798c8582.jpg?im_w=720');
INSERT INTO IMAGE (IMAGE_ID, ACCOMODATION_ID, IMAGE_URL) VALUES (1873, 108, 'https://a0.muscache.com/im/pictures/941e5ebe-a49d-49ce-be01-01d7a56152e8.jpg?im_w=720');
INSERT INTO IMAGE (IMAGE_ID, ACCOMODATION_ID, IMAGE_URL) VALUES (1874, 108, 'https://a0.muscache.com/im/pictures/a11e6661-e29c-433b-8475-315b8f36ae2d.jpg?im_w=720');
INSERT INTO IMAGE (IMAGE_ID, ACCOMODATION_ID, IMAGE_URL) VALUES (1875, 108, 'https://a0.muscache.com/im/pictures/99b79169-cc79-4689-9cf8-1a9c70bbea81.jpg?im_w=720');
INSERT INTO IMAGE (IMAGE_ID, ACCOMODATION_ID, IMAGE_URL) VALUES (1876, 108, 'https://a0.muscache.com/im/pictures/6bc79318-ea55-4728-9680-ac63a5622aeb.jpg?im_w=720');
INSERT INTO IMAGE (IMAGE_ID, ACCOMODATION_ID, IMAGE_URL) VALUES (1877, 108, 'https://a0.muscache.com/im/pictures/af9b9d2f-8196-4587-9e59-1c20c235bd4d.jpg?im_w=720');
INSERT INTO IMAGE (IMAGE_ID, ACCOMODATION_ID, IMAGE_URL) VALUES (1878, 108, 'https://a0.muscache.com/im/pictures/810fa744-4f90-450c-b89a-86883d9b1d5b.jpg?im_w=720');
INSERT INTO IMAGE (IMAGE_ID, ACCOMODATION_ID, IMAGE_URL) VALUES (1879, 108, 'https://a0.muscache.com/im/pictures/d8e0df18-cd56-47cb-8cbc-c6062f84e4c5.jpg?im_w=720');
INSERT INTO IMAGE (IMAGE_ID, ACCOMODATION_ID, IMAGE_URL) VALUES (1880, 108, 'https://a0.muscache.com/im/pictures/51df8408-59df-4341-b7b5-2bf9ee44c34c.jpg?im_w=720');
INSERT INTO IMAGE (IMAGE_ID, ACCOMODATION_ID, IMAGE_URL) VALUES (1881, 108, 'https://a0.muscache.com/im/pictures/869eb802-bc4f-48b6-ab7c-3d6a7302901f.jpg?im_w=720');
INSERT INTO IMAGE (IMAGE_ID, ACCOMODATION_ID, IMAGE_URL) VALUES (1882, 108, 'https://a0.muscache.com/im/pictures/3133d14f-9fc2-4dfa-8b9d-5969a9b42f1c.jpg?im_w=720');
INSERT INTO IMAGE (IMAGE_ID, ACCOMODATION_ID, IMAGE_URL) VALUES (1883, 108, 'https://a0.muscache.com/im/pictures/93569f98-a783-49c8-b488-393b96204175.jpg?im_w=720');
INSERT INTO IMAGE (IMAGE_ID, ACCOMODATION_ID, IMAGE_URL) VALUES (1884, 108, 'https://a0.muscache.com/im/pictures/ee76cc69-4d2b-49f5-862f-9c07934a3466.jpg?im_w=720');
INSERT INTO IMAGE (IMAGE_ID, ACCOMODATION_ID, IMAGE_URL) VALUES (1885, 108, 'https://a0.muscache.com/im/pictures/99eb2999-f0ad-43d0-a439-d1198e42e3be.jpg?im_w=720');
INSERT INTO IMAGE (IMAGE_ID, ACCOMODATION_ID, IMAGE_URL) VALUES (1886, 108, 'https://a0.muscache.com/im/pictures/0cbfc9a2-7b12-471b-8d95-ada448ccbf06.jpg?im_w=720');
INSERT INTO IMAGE (IMAGE_ID, ACCOMODATION_ID, IMAGE_URL) VALUES (1887, 108, 'https://a0.muscache.com/im/pictures/3933c719-56ee-4a7f-8363-f3d4f3858a2b.jpg?im_w=720');
INSERT INTO IMAGE (IMAGE_ID, ACCOMODATION_ID, IMAGE_URL) VALUES (1888, 108, 'https://a0.muscache.com/im/pictures/f812d617-fcbe-4f4e-a894-ae5b3fe4a2bc.jpg?im_w=720');
INSERT INTO IMAGE (IMAGE_ID, ACCOMODATION_ID, IMAGE_URL) VALUES (1889, 108, 'https://a0.muscache.com/im/pictures/e226d1c7-0c74-462b-907b-f7dbf753fb87.jpg?im_w=720');

INSERT INTO LOCATION (LOCATION_ID, LOCATION_NAME, COUNTRY, REGION, CITY, LATITUDE, LONGITUDE) VALUES (109, '지명109', ' 한국', ' 서울', '마포구', 37.56094, 126.92149);
INSERT INTO ACCOMODATION (`ACCOMODATION_ID`, `LOCATION_ID`, `ACCOMODATION_NAME`, `HOST_NAME`, `DISCRIPTION`, `ACCOMODATION_TYPE`, `PRICE`, `MAXIMUM_OCCUPANCY`, `AVERAGE_POINT`, `BED_ROOM`, `BATH_ROOM`, `BED_COUNT`,`OPTION`) VALUES (109, 109, 'Serene Stay @Private 1 @Queen Bed', '호스트109', '설명109', '개인실', 966803, 2, 2.6, 1, 1,1, '주방,무선 인터넷,에어컨,헤어드라이어');
INSERT INTO IMAGE (IMAGE_ID, ACCOMODATION_ID, IMAGE_URL) VALUES (1890, 109, 'https://a0.muscache.com/im/pictures/a3912086-e317-4913-ab09-fb38e2737ee5.jpg?im_w=720');
INSERT INTO IMAGE (IMAGE_ID, ACCOMODATION_ID, IMAGE_URL) VALUES (1891, 109, 'https://a0.muscache.com/im/pictures/bad900a2-588f-49c4-9446-7c791bcda4d8.jpg?im_w=720');
INSERT INTO IMAGE (IMAGE_ID, ACCOMODATION_ID, IMAGE_URL) VALUES (1892, 109, 'https://a0.muscache.com/im/pictures/17fd647e-4db6-4bfb-904d-c14d469805f3.jpg?im_w=720');
INSERT INTO IMAGE (IMAGE_ID, ACCOMODATION_ID, IMAGE_URL) VALUES (1893, 109, 'https://a0.muscache.com/im/pictures/4ddfc469-4313-4b84-b637-c3f9cb0d48c4.jpg?im_w=720');
INSERT INTO IMAGE (IMAGE_ID, ACCOMODATION_ID, IMAGE_URL) VALUES (1894, 109, 'https://a0.muscache.com/im/pictures/45e1d1b4-030b-468e-bcf9-eca13cb7857a.jpg?im_w=720');
INSERT INTO IMAGE (IMAGE_ID, ACCOMODATION_ID, IMAGE_URL) VALUES (1895, 109, 'https://a0.muscache.com/im/pictures/67cfc7b8-9204-47b0-a401-eda08e517253.jpg?im_w=720');
INSERT INTO IMAGE (IMAGE_ID, ACCOMODATION_ID, IMAGE_URL) VALUES (1896, 109, 'https://a0.muscache.com/im/pictures/d3193e6d-a460-4ff3-b721-555048218929.jpg?im_w=720');
INSERT INTO IMAGE (IMAGE_ID, ACCOMODATION_ID, IMAGE_URL) VALUES (1897, 109, 'https://a0.muscache.com/im/pictures/f43fa0f7-182b-4cf0-9268-fc7e1ed28b58.jpg?im_w=720');
INSERT INTO IMAGE (IMAGE_ID, ACCOMODATION_ID, IMAGE_URL) VALUES (1898, 109, 'https://a0.muscache.com/im/pictures/7c2b2ed8-ee1a-43a8-ac48-5dfde25be2ef.jpg?im_w=720');
INSERT INTO IMAGE (IMAGE_ID, ACCOMODATION_ID, IMAGE_URL) VALUES (1899, 109, 'https://a0.muscache.com/im/pictures/8a5ca030-6fda-454a-b48e-3acdf69992b8.jpg?im_w=720');
INSERT INTO IMAGE (IMAGE_ID, ACCOMODATION_ID, IMAGE_URL) VALUES (1900, 109, 'https://a0.muscache.com/im/pictures/faf76ec7-0e44-4f98-9ecf-69c0b358600d.jpg?im_w=720');
INSERT INTO IMAGE (IMAGE_ID, ACCOMODATION_ID, IMAGE_URL) VALUES (1901, 109, 'https://a0.muscache.com/im/pictures/7d3d1a1b-df6f-42f1-98f9-46c696e6e59f.jpg?im_w=720');
INSERT INTO IMAGE (IMAGE_ID, ACCOMODATION_ID, IMAGE_URL) VALUES (1902, 109, 'https://a0.muscache.com/im/pictures/a6e78f9b-6c32-459e-8d84-c544e117a6ad.jpg?im_w=720');
INSERT INTO IMAGE (IMAGE_ID, ACCOMODATION_ID, IMAGE_URL) VALUES (1903, 109, 'https://a0.muscache.com/im/pictures/96f6f579-0372-48d5-b1b5-97ba6b60132d.jpg?im_w=720');
INSERT INTO IMAGE (IMAGE_ID, ACCOMODATION_ID, IMAGE_URL) VALUES (1904, 109, 'https://a0.muscache.com/im/pictures/ccc93dbf-4902-48ec-a10e-56d51c4f0cdb.jpg?im_w=720');
INSERT INTO IMAGE (IMAGE_ID, ACCOMODATION_ID, IMAGE_URL) VALUES (1905, 109, 'https://a0.muscache.com/im/pictures/88500b7b-78b9-4a78-a265-c024bb1c885e.jpg?im_w=720');

INSERT INTO LOCATION (LOCATION_ID, LOCATION_NAME, COUNTRY, REGION, CITY, LATITUDE, LONGITUDE) VALUES (110, '지명110', ' 서울', ' Mapo-gu', 'Yeonnam-dong', 37.56134, 126.9193);
INSERT INTO ACCOMODATION (`ACCOMODATION_ID`, `LOCATION_ID`, `ACCOMODATION_NAME`, `HOST_NAME`, `DISCRIPTION`, `ACCOMODATION_TYPE`, `PRICE`, `MAXIMUM_OCCUPANCY`, `AVERAGE_POINT`, `BED_ROOM`, `BATH_ROOM`, `BED_COUNT`,`OPTION`) VALUES (110, 110, 'Alice House- Cheshire Room(Women only)', '호스트110', '설명110', '개인실', 80974, 1, 6.8, 1, 1,1, '주방,무선 인터넷,에어컨,헤어드라이어');
INSERT INTO IMAGE (IMAGE_ID, ACCOMODATION_ID, IMAGE_URL) VALUES (1906, 110, 'https://a0.muscache.com/im/pictures/976b9220-8cc6-48ae-87a9-91933f65983d.jpg?im_w=720');
INSERT INTO IMAGE (IMAGE_ID, ACCOMODATION_ID, IMAGE_URL) VALUES (1907, 110, 'https://a0.muscache.com/im/pictures/e1175922-f179-47ac-80f1-3bf731f5718d.jpg?im_w=720');
INSERT INTO IMAGE (IMAGE_ID, ACCOMODATION_ID, IMAGE_URL) VALUES (1908, 110, 'https://a0.muscache.com/im/pictures/miso/Hosting-45899527/original/d81a2a3c-c4ae-462b-93b2-2a15905f4b06.jpeg?im_w=720');
INSERT INTO IMAGE (IMAGE_ID, ACCOMODATION_ID, IMAGE_URL) VALUES (1909, 110, 'https://a0.muscache.com/im/pictures/miso/Hosting-45899527/original/02efbde5-0d64-4885-9446-f9816a55b633.jpeg?im_w=720');
INSERT INTO IMAGE (IMAGE_ID, ACCOMODATION_ID, IMAGE_URL) VALUES (1910, 110, 'https://a0.muscache.com/im/pictures/miso/Hosting-45899527/original/fbcb7a25-57f4-42cd-8648-215a0e39912e.jpeg?im_w=720');
INSERT INTO IMAGE (IMAGE_ID, ACCOMODATION_ID, IMAGE_URL) VALUES (1911, 110, 'https://a0.muscache.com/im/pictures/miso/Hosting-45899527/original/031e828d-a791-41e9-afa0-50a13bdf0665.jpeg?im_w=720');
INSERT INTO IMAGE (IMAGE_ID, ACCOMODATION_ID, IMAGE_URL) VALUES (1912, 110, 'https://a0.muscache.com/im/pictures/miso/Hosting-45899527/original/4963309e-7100-49e6-8da1-7ea8c152a173.jpeg?im_w=720');
INSERT INTO IMAGE (IMAGE_ID, ACCOMODATION_ID, IMAGE_URL) VALUES (1913, 110, 'https://a0.muscache.com/im/pictures/miso/Hosting-45899527/original/8315b274-e4a7-4236-b87a-3397c8d174e1.jpeg?im_w=720');
INSERT INTO IMAGE (IMAGE_ID, ACCOMODATION_ID, IMAGE_URL) VALUES (1914, 110, 'https://a0.muscache.com/im/pictures/50fa1bd2-2dd0-46f1-9084-a39bf2ee494b.jpg?im_w=720');
INSERT INTO IMAGE (IMAGE_ID, ACCOMODATION_ID, IMAGE_URL) VALUES (1915, 110, 'https://a0.muscache.com/im/pictures/89b66ba7-8384-4565-9005-1de5bf895a64.jpg?im_w=720');
INSERT INTO IMAGE (IMAGE_ID, ACCOMODATION_ID, IMAGE_URL) VALUES (1916, 110, 'https://a0.muscache.com/im/pictures/f0cda1eb-39d8-4a9f-8efc-ac4bcc9256de.jpg?im_w=720');
INSERT INTO IMAGE (IMAGE_ID, ACCOMODATION_ID, IMAGE_URL) VALUES (1917, 110, 'https://a0.muscache.com/im/pictures/0644aebb-c407-46bc-b85f-5435b8a9c7e1.jpg?im_w=720');
INSERT INTO IMAGE (IMAGE_ID, ACCOMODATION_ID, IMAGE_URL) VALUES (1918, 110, 'https://a0.muscache.com/im/pictures/b67dff64-d456-40f7-90ba-b0dba8a75559.jpg?im_w=720');
INSERT INTO IMAGE (IMAGE_ID, ACCOMODATION_ID, IMAGE_URL) VALUES (1919, 110, 'https://a0.muscache.com/im/pictures/68263f02-31db-4957-a1b4-459672efbe71.jpg?im_w=720');
INSERT INTO IMAGE (IMAGE_ID, ACCOMODATION_ID, IMAGE_URL) VALUES (1920, 110, 'https://a0.muscache.com/im/pictures/0316b224-fc73-43be-9d6d-c2f68cf9464a.jpg?im_w=720');
INSERT INTO IMAGE (IMAGE_ID, ACCOMODATION_ID, IMAGE_URL) VALUES (1921, 110, 'https://a0.muscache.com/im/pictures/2ccd1670-2c20-40e6-8bd8-19fdb4cf8f5f.jpg?im_w=720');
INSERT INTO IMAGE (IMAGE_ID, ACCOMODATION_ID, IMAGE_URL) VALUES (1922, 110, 'https://a0.muscache.com/im/pictures/eda2a395-4b94-446f-b60f-253978941cf9.jpg?im_w=720');

INSERT INTO LOCATION (LOCATION_ID, LOCATION_NAME, COUNTRY, REGION, CITY, LATITUDE, LONGITUDE) VALUES (111, '지명111', ' 서울', ' Mapo-gu', 'Seogyo-dong', 37.55613, 126.9297);
INSERT INTO ACCOMODATION (`ACCOMODATION_ID`, `LOCATION_ID`, `ACCOMODATION_NAME`, `HOST_NAME`, `DISCRIPTION`, `ACCOMODATION_TYPE`, `PRICE`, `MAXIMUM_OCCUPANCY`, `AVERAGE_POINT`, `BED_ROOM`, `BATH_ROOM`, `BED_COUNT`,`OPTION`) VALUES (111, 111, 'S2) Cozy, Affordable, 3min from Station', '호스트111', '설명111', '개인실', 453189, 2, 8.4, 1, 1,1, '주방,무선 인터넷,에어컨,헤어드라이어');
INSERT INTO IMAGE (IMAGE_ID, ACCOMODATION_ID, IMAGE_URL) VALUES (1923, 111, 'https://a0.muscache.com/im/pictures/69622bdb-9cf3-484b-93ec-ba883cc78add.jpg?im_w=720');
INSERT INTO IMAGE (IMAGE_ID, ACCOMODATION_ID, IMAGE_URL) VALUES (1924, 111, 'https://a0.muscache.com/im/pictures/fc8d9539-ff98-496b-9b2d-5760d35a404b.jpg?im_w=720');
INSERT INTO IMAGE (IMAGE_ID, ACCOMODATION_ID, IMAGE_URL) VALUES (1925, 111, 'https://a0.muscache.com/im/pictures/2c2aae99-0b89-41a0-ad25-9959c294abd4.jpg?im_w=720');
INSERT INTO IMAGE (IMAGE_ID, ACCOMODATION_ID, IMAGE_URL) VALUES (1926, 111, 'https://a0.muscache.com/im/pictures/842a00e6-8b80-46d1-9921-2ab0ae116d67.jpg?im_w=720');
INSERT INTO IMAGE (IMAGE_ID, ACCOMODATION_ID, IMAGE_URL) VALUES (1927, 111, 'https://a0.muscache.com/im/pictures/886fe4f6-638e-44ee-85c9-cd9b499b20c8.jpg?im_w=720');
INSERT INTO IMAGE (IMAGE_ID, ACCOMODATION_ID, IMAGE_URL) VALUES (1928, 111, 'https://a0.muscache.com/im/pictures/6c48e67f-bc88-43f5-b96a-0a7a9dbb3ae3.jpg?im_w=720');
INSERT INTO IMAGE (IMAGE_ID, ACCOMODATION_ID, IMAGE_URL) VALUES (1929, 111, 'https://a0.muscache.com/im/pictures/95b29763-76bd-4676-a057-c177e64e3e29.jpg?im_w=720');
INSERT INTO IMAGE (IMAGE_ID, ACCOMODATION_ID, IMAGE_URL) VALUES (1930, 111, 'https://a0.muscache.com/im/pictures/557337ab-2b6f-459f-8793-661ec118f645.jpg?im_w=720');
INSERT INTO IMAGE (IMAGE_ID, ACCOMODATION_ID, IMAGE_URL) VALUES (1931, 111, 'https://a0.muscache.com/im/pictures/c29fa700-803a-4008-9c4d-761723107fba.jpg?im_w=720');
INSERT INTO IMAGE (IMAGE_ID, ACCOMODATION_ID, IMAGE_URL) VALUES (1932, 111, 'https://a0.muscache.com/im/pictures/a76f2b9c-844d-4499-a846-f5471e31eebf.jpg?im_w=720');
INSERT INTO IMAGE (IMAGE_ID, ACCOMODATION_ID, IMAGE_URL) VALUES (1933, 111, 'https://a0.muscache.com/im/pictures/c01d247b-ec3e-4332-9f51-daf5ad5c8f57.jpg?im_w=720');
INSERT INTO IMAGE (IMAGE_ID, ACCOMODATION_ID, IMAGE_URL) VALUES (1934, 111, 'https://a0.muscache.com/im/pictures/a8714038-5591-4081-9835-8f50e3859ebe.jpg?im_w=720');
INSERT INTO IMAGE (IMAGE_ID, ACCOMODATION_ID, IMAGE_URL) VALUES (1935, 111, 'https://a0.muscache.com/im/pictures/0f6ab66c-2098-4e4a-bdb4-ac8815e2c513.jpg?im_w=720');
INSERT INTO IMAGE (IMAGE_ID, ACCOMODATION_ID, IMAGE_URL) VALUES (1936, 111, 'https://a0.muscache.com/im/pictures/3c55a55e-c0cb-418c-9786-4d99e4d0e1c4.jpg?im_w=720');
INSERT INTO IMAGE (IMAGE_ID, ACCOMODATION_ID, IMAGE_URL) VALUES (1937, 111, 'https://a0.muscache.com/im/pictures/2b9ffd60-faf3-469c-8d51-d976b02c7656.jpg?im_w=720');
INSERT INTO IMAGE (IMAGE_ID, ACCOMODATION_ID, IMAGE_URL) VALUES (1938, 111, 'https://a0.muscache.com/im/pictures/de931ac9-2c31-403e-98c3-8979212a05d7.jpg?im_w=720');
INSERT INTO IMAGE (IMAGE_ID, ACCOMODATION_ID, IMAGE_URL) VALUES (1939, 111, 'https://a0.muscache.com/im/pictures/f64bc2ca-21e7-4d97-9a81-3c7bd1dcb7ca.jpg?im_w=720');
INSERT INTO IMAGE (IMAGE_ID, ACCOMODATION_ID, IMAGE_URL) VALUES (1940, 111, 'https://a0.muscache.com/im/pictures/cbf8f71c-f4d8-4f57-83dc-68ec12d8fbf7.jpg?im_w=720');
INSERT INTO IMAGE (IMAGE_ID, ACCOMODATION_ID, IMAGE_URL) VALUES (1941, 111, 'https://a0.muscache.com/im/pictures/d59c6b70-08cd-4296-b4da-ca39580edd45.jpg?im_w=720');
INSERT INTO IMAGE (IMAGE_ID, ACCOMODATION_ID, IMAGE_URL) VALUES (1942, 111, 'https://a0.muscache.com/im/pictures/9208dac2-57a6-499b-b37d-4eee51f7bcdd.jpg?im_w=720');
INSERT INTO IMAGE (IMAGE_ID, ACCOMODATION_ID, IMAGE_URL) VALUES (1943, 111, 'https://a0.muscache.com/im/pictures/46c1ecf5-fbcd-4e63-9933-2c6c5f134185.jpg?im_w=720');
INSERT INTO IMAGE (IMAGE_ID, ACCOMODATION_ID, IMAGE_URL) VALUES (1944, 111, 'https://a0.muscache.com/im/pictures/7ec5bed6-c122-4c3d-ac04-951ae616823f.jpg?im_w=720');
INSERT INTO IMAGE (IMAGE_ID, ACCOMODATION_ID, IMAGE_URL) VALUES (1945, 111, 'https://a0.muscache.com/im/pictures/6318c740-9647-4e7d-9245-04f087f5d8a0.jpg?im_w=720');
INSERT INTO IMAGE (IMAGE_ID, ACCOMODATION_ID, IMAGE_URL) VALUES (1946, 111, 'https://a0.muscache.com/im/pictures/812cafba-423f-4b45-b002-ca5f582def5e.jpg?im_w=720');
INSERT INTO IMAGE (IMAGE_ID, ACCOMODATION_ID, IMAGE_URL) VALUES (1947, 111, 'https://a0.muscache.com/im/pictures/259e5e2d-8c2d-4790-8774-b4ce23ef1d34.jpg?im_w=720');
INSERT INTO IMAGE (IMAGE_ID, ACCOMODATION_ID, IMAGE_URL) VALUES (1948, 111, 'https://a0.muscache.com/im/pictures/cc794497-6705-4c9f-8ce5-79be394ea4f2.jpg?im_w=720');
INSERT INTO IMAGE (IMAGE_ID, ACCOMODATION_ID, IMAGE_URL) VALUES (1949, 111, 'https://a0.muscache.com/im/pictures/2ee56775-7c42-4b15-b675-eff621d16a22.jpg?im_w=720');
INSERT INTO IMAGE (IMAGE_ID, ACCOMODATION_ID, IMAGE_URL) VALUES (1950, 111, 'https://a0.muscache.com/im/pictures/d9ecd736-ddc0-442c-b1c6-87c1fb47d66c.jpg?im_w=720');
INSERT INTO IMAGE (IMAGE_ID, ACCOMODATION_ID, IMAGE_URL) VALUES (1951, 111, 'https://a0.muscache.com/im/pictures/b769f4e8-c4fc-40db-b768-aeab5c743ef2.jpg?im_w=720');
INSERT INTO IMAGE (IMAGE_ID, ACCOMODATION_ID, IMAGE_URL) VALUES (1952, 111, 'https://a0.muscache.com/im/pictures/bf65c0f8-bdb1-4d5e-aec7-524dcc9206b5.jpg?im_w=720');

INSERT INTO LOCATION (LOCATION_ID, LOCATION_NAME, COUNTRY, REGION, CITY, LATITUDE, LONGITUDE) VALUES (112, '지명112', ' 서울', ' Mapo-gu', 'Donggyo-dong', 37.55895, 126.92508);
INSERT INTO ACCOMODATION (`ACCOMODATION_ID`, `LOCATION_ID`, `ACCOMODATION_NAME`, `HOST_NAME`, `DISCRIPTION`, `ACCOMODATION_TYPE`, `PRICE`, `MAXIMUM_OCCUPANCY`, `AVERAGE_POINT`, `BED_ROOM`, `BATH_ROOM`, `BED_COUNT`,`OPTION`) VALUES (112, 112, '[홍대역5분] 쾌적한 디럭스더블룸/개별욕실 (2인실)', '호스트112', '설명112', '개인실', 845532, 2, 2.3, 1, 1,1, '무선 인터넷,에어컨,헤어드라이어');
INSERT INTO IMAGE (IMAGE_ID, ACCOMODATION_ID, IMAGE_URL) VALUES (1953, 112, 'https://a0.muscache.com/im/pictures/7772ca5d-7117-4331-b3af-eb58064b5ce5.jpg?im_w=720');
INSERT INTO IMAGE (IMAGE_ID, ACCOMODATION_ID, IMAGE_URL) VALUES (1954, 112, 'https://a0.muscache.com/im/pictures/miso/Hosting-43136872/original/447534fa-cbdc-4cb3-8387-5da356a9541a.jpeg?im_w=720');
INSERT INTO IMAGE (IMAGE_ID, ACCOMODATION_ID, IMAGE_URL) VALUES (1955, 112, 'https://a0.muscache.com/im/pictures/55f3c53d-cbe6-4d07-9e65-d5f357da4c23.jpg?im_w=720');
INSERT INTO IMAGE (IMAGE_ID, ACCOMODATION_ID, IMAGE_URL) VALUES (1956, 112, 'https://a0.muscache.com/im/pictures/miso/Hosting-43136872/original/d2805d89-6ece-48ea-8752-64e14b61472a.jpeg?im_w=720');
INSERT INTO IMAGE (IMAGE_ID, ACCOMODATION_ID, IMAGE_URL) VALUES (1957, 112, 'https://a0.muscache.com/im/pictures/441eb092-93c4-4e46-a99f-149414deed58.jpg?im_w=720');
INSERT INTO IMAGE (IMAGE_ID, ACCOMODATION_ID, IMAGE_URL) VALUES (1958, 112, 'https://a0.muscache.com/im/pictures/d1d0896f-9065-4d11-a714-34699b88b7b6.jpg?im_w=720');
INSERT INTO IMAGE (IMAGE_ID, ACCOMODATION_ID, IMAGE_URL) VALUES (1959, 112, 'https://a0.muscache.com/im/pictures/miso/Hosting-43136872/original/49abec1e-5631-4f27-8f15-4a55ef68a3db.jpeg?im_w=720');
INSERT INTO IMAGE (IMAGE_ID, ACCOMODATION_ID, IMAGE_URL) VALUES (1960, 112, 'https://a0.muscache.com/im/pictures/5cda30e3-5dc6-4d69-a872-05794c17c493.jpg?im_w=720');
INSERT INTO IMAGE (IMAGE_ID, ACCOMODATION_ID, IMAGE_URL) VALUES (1961, 112, 'https://a0.muscache.com/im/pictures/miso/Hosting-43136872/original/7fb3b341-65b8-4515-865b-376041949e52.jpeg?im_w=720');
INSERT INTO IMAGE (IMAGE_ID, ACCOMODATION_ID, IMAGE_URL) VALUES (1962, 112, 'https://a0.muscache.com/im/pictures/7288daba-a251-4b79-9461-af6726c1d6b3.jpg?im_w=720');
INSERT INTO IMAGE (IMAGE_ID, ACCOMODATION_ID, IMAGE_URL) VALUES (1963, 112, 'https://a0.muscache.com/im/pictures/827731e3-394b-4cff-a42f-f81fc6b206dd.jpg?im_w=720');
INSERT INTO IMAGE (IMAGE_ID, ACCOMODATION_ID, IMAGE_URL) VALUES (1964, 112, 'https://a0.muscache.com/im/pictures/fb49a948-1d4e-469e-ba4e-a376b0138ce0.jpg?im_w=720');

INSERT INTO LOCATION (LOCATION_ID, LOCATION_NAME, COUNTRY, REGION, CITY, LATITUDE, LONGITUDE) VALUES (113, '지명113', ' 서울', ' Seodaemun-gu', 'Yeonhui-dong', 37.56607, 126.93004);
INSERT INTO ACCOMODATION (`ACCOMODATION_ID`, `LOCATION_ID`, `ACCOMODATION_NAME`, `HOST_NAME`, `DISCRIPTION`, `ACCOMODATION_TYPE`, `PRICE`, `MAXIMUM_OCCUPANCY`, `AVERAGE_POINT`, `BED_ROOM`, `BATH_ROOM`, `BED_COUNT`,`OPTION`) VALUES (113, 113, '#6월할인행사중 #연희장#홍대/연남동/연희동#소독 #청결  #단독객실 #루프탑 #장기숙박', '호스트113', '설명113', '호텔 객실', 728195, 2, 5.2, 0, 1,0, '주방,무선 인터넷,에어컨,헤어드라이어');
INSERT INTO IMAGE (IMAGE_ID, ACCOMODATION_ID, IMAGE_URL) VALUES (1965, 113, 'https://a0.muscache.com/im/pictures/17af19bc-eb72-417c-8824-fbb44a06218b.jpg?im_w=720');
INSERT INTO IMAGE (IMAGE_ID, ACCOMODATION_ID, IMAGE_URL) VALUES (1966, 113, 'https://a0.muscache.com/im/pictures/ea2ea4a9-9b1e-43f9-9619-64aa939ba290.jpg?im_w=720');
INSERT INTO IMAGE (IMAGE_ID, ACCOMODATION_ID, IMAGE_URL) VALUES (1967, 113, 'https://a0.muscache.com/im/pictures/miso/Hosting-31011798/original/123826f0-98c1-4fca-a1f6-c48bd8c41d5d.jpeg?im_w=720');
INSERT INTO IMAGE (IMAGE_ID, ACCOMODATION_ID, IMAGE_URL) VALUES (1968, 113, 'https://a0.muscache.com/im/pictures/miso/Hosting-31011798/original/4ae42a82-1a99-47d0-b9c5-93bd8c058f35.jpeg?im_w=720');
INSERT INTO IMAGE (IMAGE_ID, ACCOMODATION_ID, IMAGE_URL) VALUES (1969, 113, 'https://a0.muscache.com/im/pictures/f85e3012-d883-4546-81bb-bc225842cbe3.jpg?im_w=720');
INSERT INTO IMAGE (IMAGE_ID, ACCOMODATION_ID, IMAGE_URL) VALUES (1970, 113, 'https://a0.muscache.com/im/pictures/6cc556a2-8d5d-42b1-836d-068e376e6ada.jpg?im_w=720');
INSERT INTO IMAGE (IMAGE_ID, ACCOMODATION_ID, IMAGE_URL) VALUES (1971, 113, 'https://a0.muscache.com/im/pictures/6132b783-2451-4f46-bbc9-2035743cbdf9.jpg?im_w=720');
INSERT INTO IMAGE (IMAGE_ID, ACCOMODATION_ID, IMAGE_URL) VALUES (1972, 113, 'https://a0.muscache.com/im/pictures/miso/Hosting-31011798/original/b4b7dd4d-9628-4d81-8e6e-a6c1547f46d1.jpeg?im_w=720');
INSERT INTO IMAGE (IMAGE_ID, ACCOMODATION_ID, IMAGE_URL) VALUES (1973, 113, 'https://a0.muscache.com/im/pictures/3ed73afb-395f-425a-838d-f6bc80c765ab.jpg?im_w=720');
INSERT INTO IMAGE (IMAGE_ID, ACCOMODATION_ID, IMAGE_URL) VALUES (1974, 113, 'https://a0.muscache.com/im/pictures/miso/Hosting-31011798/original/9d283919-8398-426d-9ad3-ab9e99771a1f.jpeg?im_w=720');
INSERT INTO IMAGE (IMAGE_ID, ACCOMODATION_ID, IMAGE_URL) VALUES (1975, 113, 'https://a0.muscache.com/im/pictures/2f74da25-1010-4e23-a7f7-ecad1a6db4e0.jpg?im_w=720');
INSERT INTO IMAGE (IMAGE_ID, ACCOMODATION_ID, IMAGE_URL) VALUES (1976, 113, 'https://a0.muscache.com/im/pictures/7e4a9828-ace9-423d-b960-135c7551dbca.jpg?im_w=720');
INSERT INTO IMAGE (IMAGE_ID, ACCOMODATION_ID, IMAGE_URL) VALUES (1977, 113, 'https://a0.muscache.com/im/pictures/62c009db-50fd-4a9e-8035-d4397970120d.jpg?im_w=720');
INSERT INTO IMAGE (IMAGE_ID, ACCOMODATION_ID, IMAGE_URL) VALUES (1978, 113, 'https://a0.muscache.com/im/pictures/6d0a4b44-a643-4a68-8e74-830bc2d75e55.jpg?im_w=720');
INSERT INTO IMAGE (IMAGE_ID, ACCOMODATION_ID, IMAGE_URL) VALUES (1979, 113, 'https://a0.muscache.com/im/pictures/6efc2d80-fcb7-47f4-9a8a-8a3903834031.jpg?im_w=720');
INSERT INTO IMAGE (IMAGE_ID, ACCOMODATION_ID, IMAGE_URL) VALUES (1980, 113, 'https://a0.muscache.com/im/pictures/710eb915-d60f-45f2-a99f-4915458919b0.jpg?im_w=720');
INSERT INTO IMAGE (IMAGE_ID, ACCOMODATION_ID, IMAGE_URL) VALUES (1981, 113, 'https://a0.muscache.com/im/pictures/fd733f1b-e612-4fb8-b61c-1f767d43e065.jpg?im_w=720');
INSERT INTO IMAGE (IMAGE_ID, ACCOMODATION_ID, IMAGE_URL) VALUES (1982, 113, 'https://a0.muscache.com/im/pictures/d83ad217-bf16-445a-b128-7a186cdb61c7.jpg?im_w=720');
INSERT INTO IMAGE (IMAGE_ID, ACCOMODATION_ID, IMAGE_URL) VALUES (1983, 113, 'https://a0.muscache.com/im/pictures/3f021331-df32-4733-8ced-f5d742844f35.jpg?im_w=720');
INSERT INTO IMAGE (IMAGE_ID, ACCOMODATION_ID, IMAGE_URL) VALUES (1984, 113, 'https://a0.muscache.com/im/pictures/079f5125-55a4-484e-929f-41a771c8ca53.jpg?im_w=720');
INSERT INTO IMAGE (IMAGE_ID, ACCOMODATION_ID, IMAGE_URL) VALUES (1985, 113, 'https://a0.muscache.com/im/pictures/c1403615-ddf9-4949-8183-1064605482b1.jpg?im_w=720');
INSERT INTO IMAGE (IMAGE_ID, ACCOMODATION_ID, IMAGE_URL) VALUES (1986, 113, 'https://a0.muscache.com/im/pictures/60c521ab-e671-490c-9e29-24a9d554674b.jpg?im_w=720');
INSERT INTO IMAGE (IMAGE_ID, ACCOMODATION_ID, IMAGE_URL) VALUES (1987, 113, 'https://a0.muscache.com/im/pictures/miso/Hosting-31011798/original/806702e1-5cfd-48f4-80a3-68c8228c0eae.jpeg?im_w=720');
INSERT INTO IMAGE (IMAGE_ID, ACCOMODATION_ID, IMAGE_URL) VALUES (1988, 113, 'https://a0.muscache.com/im/pictures/45404a9d-3b8c-4219-ac48-fc3641a0a413.jpg?im_w=720');
INSERT INTO IMAGE (IMAGE_ID, ACCOMODATION_ID, IMAGE_URL) VALUES (1989, 113, 'https://a0.muscache.com/im/pictures/45c9f1ab-e4ee-4cdb-b8a7-a5fb98ca54ff.jpg?im_w=720');
INSERT INTO IMAGE (IMAGE_ID, ACCOMODATION_ID, IMAGE_URL) VALUES (1990, 113, 'https://a0.muscache.com/im/pictures/6e432fc8-fb82-4d59-a828-5c474596178d.jpg?im_w=720');
INSERT INTO IMAGE (IMAGE_ID, ACCOMODATION_ID, IMAGE_URL) VALUES (1991, 113, 'https://a0.muscache.com/im/pictures/e9d87057-c4a9-4642-9fa4-de7b29c8fb21.jpg?im_w=720');
INSERT INTO IMAGE (IMAGE_ID, ACCOMODATION_ID, IMAGE_URL) VALUES (1992, 113, 'https://a0.muscache.com/im/pictures/b194ebcf-6862-4e7d-a771-420fe74154e7.jpg?im_w=720');
INSERT INTO IMAGE (IMAGE_ID, ACCOMODATION_ID, IMAGE_URL) VALUES (1993, 113, 'https://a0.muscache.com/im/pictures/miso/Hosting-31011798/original/375cd4fb-bfa3-4fdf-8d96-f94cf5855496.jpeg?im_w=720');
INSERT INTO IMAGE (IMAGE_ID, ACCOMODATION_ID, IMAGE_URL) VALUES (1994, 113, 'https://a0.muscache.com/im/pictures/aefe4c94-c4ce-41e5-906e-105f0033d6a6.jpg?im_w=720');

INSERT INTO LOCATION (LOCATION_ID, LOCATION_NAME, COUNTRY, REGION, CITY, LATITUDE, LONGITUDE) VALUES (114, '지명114', ' 서울', ' Mapo-gu', 'Yeonnam-dong', 37.55715, 126.92635);
INSERT INTO ACCOMODATION (`ACCOMODATION_ID`, `LOCATION_ID`, `ACCOMODATION_NAME`, `HOST_NAME`, `DISCRIPTION`, `ACCOMODATION_TYPE`, `PRICE`, `MAXIMUM_OCCUPANCY`, `AVERAGE_POINT`, `BED_ROOM`, `BATH_ROOM`, `BED_COUNT`,`OPTION`) VALUES (114, 114, 'H11 연남동 감성 house ~장기숙박환영♥ (방역OK, 소독ing)', '호스트114', '설명114', '집 전체', 859312, 3, 0.7, 1, 1,1, '주방,무선 인터넷,에어컨,헤어드라이어');
INSERT INTO IMAGE (IMAGE_ID, ACCOMODATION_ID, IMAGE_URL) VALUES (1995, 114, 'https://a0.muscache.com/im/pictures/fd1b0de3-4fed-4a8d-a40d-4b6fd785e289.jpg?im_w=720');
INSERT INTO IMAGE (IMAGE_ID, ACCOMODATION_ID, IMAGE_URL) VALUES (1996, 114, 'https://a0.muscache.com/im/pictures/8f692184-830b-4131-adf8-7f5ff201a0c3.jpg?im_w=720');
INSERT INTO IMAGE (IMAGE_ID, ACCOMODATION_ID, IMAGE_URL) VALUES (1997, 114, 'https://a0.muscache.com/im/pictures/b25c204e-4f9f-411f-8d8d-a10a41248003.jpg?im_w=720');
INSERT INTO IMAGE (IMAGE_ID, ACCOMODATION_ID, IMAGE_URL) VALUES (1998, 114, 'https://a0.muscache.com/im/pictures/b047a9f8-4082-4c6e-afbe-9f41d1e0c20c.jpg?im_w=720');
INSERT INTO IMAGE (IMAGE_ID, ACCOMODATION_ID, IMAGE_URL) VALUES (1999, 114, 'https://a0.muscache.com/im/pictures/fbc226eb-bd2b-40af-806f-0cf65ce88066.jpg?im_w=720');
INSERT INTO IMAGE (IMAGE_ID, ACCOMODATION_ID, IMAGE_URL) VALUES (2000, 114, 'https://a0.muscache.com/im/pictures/b45379ce-70fb-4613-9323-8e9b943e6c04.jpg?im_w=720');
INSERT INTO IMAGE (IMAGE_ID, ACCOMODATION_ID, IMAGE_URL) VALUES (2001, 114, 'https://a0.muscache.com/im/pictures/d91c85a2-70fc-4bfc-a73e-f17315b037d1.jpg?im_w=720');
INSERT INTO IMAGE (IMAGE_ID, ACCOMODATION_ID, IMAGE_URL) VALUES (2002, 114, 'https://a0.muscache.com/im/pictures/8e839f0a-5a52-4697-9cc5-d25e78059768.jpg?im_w=720');
INSERT INTO IMAGE (IMAGE_ID, ACCOMODATION_ID, IMAGE_URL) VALUES (2003, 114, 'https://a0.muscache.com/im/pictures/16a54aa3-bdf8-45c6-b788-f803ce8293c5.jpg?im_w=720');
INSERT INTO IMAGE (IMAGE_ID, ACCOMODATION_ID, IMAGE_URL) VALUES (2004, 114, 'https://a0.muscache.com/im/pictures/ee245e1e-59ac-44cb-8a1d-36d087a2814c.jpg?im_w=720');
INSERT INTO IMAGE (IMAGE_ID, ACCOMODATION_ID, IMAGE_URL) VALUES (2005, 114, 'https://a0.muscache.com/im/pictures/ac0570f5-6468-4a39-8752-5254b23e5f3d.jpg?im_w=720');
INSERT INTO IMAGE (IMAGE_ID, ACCOMODATION_ID, IMAGE_URL) VALUES (2006, 114, 'https://a0.muscache.com/im/pictures/e4248533-40c1-4180-acdd-13f9a8bce1f0.jpg?im_w=720');
INSERT INTO IMAGE (IMAGE_ID, ACCOMODATION_ID, IMAGE_URL) VALUES (2007, 114, 'https://a0.muscache.com/im/pictures/d79f0e30-8ba3-41f7-a0d4-361df7745054.jpg?im_w=720');
INSERT INTO IMAGE (IMAGE_ID, ACCOMODATION_ID, IMAGE_URL) VALUES (2008, 114, 'https://a0.muscache.com/im/pictures/13f1a0af-13f3-49b2-9802-ff7db8ea42c4.jpg?im_w=720');
INSERT INTO IMAGE (IMAGE_ID, ACCOMODATION_ID, IMAGE_URL) VALUES (2009, 114, 'https://a0.muscache.com/im/pictures/f9712c2b-4b3f-40b6-ad02-217ac30b1fd5.jpg?im_w=720');
INSERT INTO IMAGE (IMAGE_ID, ACCOMODATION_ID, IMAGE_URL) VALUES (2010, 114, 'https://a0.muscache.com/im/pictures/44e867ff-be33-4df4-8014-2707b7f2722b.jpg?im_w=720');
INSERT INTO IMAGE (IMAGE_ID, ACCOMODATION_ID, IMAGE_URL) VALUES (2011, 114, 'https://a0.muscache.com/im/pictures/5e9f3dcd-01b4-40c4-a8ec-3cc124266a45.jpg?im_w=720');
INSERT INTO IMAGE (IMAGE_ID, ACCOMODATION_ID, IMAGE_URL) VALUES (2012, 114, 'https://a0.muscache.com/im/pictures/48fcf6b5-83db-4f0b-ba1e-96d191fd0ae2.jpg?im_w=720');
INSERT INTO IMAGE (IMAGE_ID, ACCOMODATION_ID, IMAGE_URL) VALUES (2013, 114, 'https://a0.muscache.com/im/pictures/75a76520-98ec-497b-a3b7-6c3abfc42049.jpg?im_w=720');
INSERT INTO IMAGE (IMAGE_ID, ACCOMODATION_ID, IMAGE_URL) VALUES (2014, 114, 'https://a0.muscache.com/im/pictures/99d45d97-ec91-4552-aba8-12328605433f.jpg?im_w=720');
INSERT INTO IMAGE (IMAGE_ID, ACCOMODATION_ID, IMAGE_URL) VALUES (2015, 114, 'https://a0.muscache.com/im/pictures/d3bac33c-b774-4299-902d-bc3fcd64fb64.jpg?im_w=720');
INSERT INTO IMAGE (IMAGE_ID, ACCOMODATION_ID, IMAGE_URL) VALUES (2016, 114, 'https://a0.muscache.com/im/pictures/b5bc3f8b-ac0f-4cf7-ba24-1972280cf586.jpg?im_w=720');
INSERT INTO IMAGE (IMAGE_ID, ACCOMODATION_ID, IMAGE_URL) VALUES (2017, 114, 'https://a0.muscache.com/im/pictures/2dbfde06-26ae-496e-be96-146e0ed9f10d.jpg?im_w=720');
INSERT INTO IMAGE (IMAGE_ID, ACCOMODATION_ID, IMAGE_URL) VALUES (2018, 114, 'https://a0.muscache.com/im/pictures/0efdba0b-dd6e-48d3-a376-bb76b266bf96.jpg?im_w=720');
INSERT INTO IMAGE (IMAGE_ID, ACCOMODATION_ID, IMAGE_URL) VALUES (2019, 114, 'https://a0.muscache.com/im/pictures/60d541d9-eeee-43ba-9d6b-3a05b948485e.jpg?im_w=720');
INSERT INTO IMAGE (IMAGE_ID, ACCOMODATION_ID, IMAGE_URL) VALUES (2020, 114, 'https://a0.muscache.com/im/pictures/6fca9e2a-3c71-4d29-b8d1-673f070d941d.jpg?im_w=720');
INSERT INTO IMAGE (IMAGE_ID, ACCOMODATION_ID, IMAGE_URL) VALUES (2021, 114, 'https://a0.muscache.com/im/pictures/e1a84d98-28a9-420a-bf59-39a345a72ee2.jpg?im_w=720');
INSERT INTO IMAGE (IMAGE_ID, ACCOMODATION_ID, IMAGE_URL) VALUES (2022, 114, 'https://a0.muscache.com/im/pictures/fa38ebff-96af-4fb3-8f04-5f30eb7c4292.jpg?im_w=720');
INSERT INTO IMAGE (IMAGE_ID, ACCOMODATION_ID, IMAGE_URL) VALUES (2023, 114, 'https://a0.muscache.com/im/pictures/ac9785e4-e667-4f1b-8a21-b1426b04bd12.jpg?im_w=720');
INSERT INTO IMAGE (IMAGE_ID, ACCOMODATION_ID, IMAGE_URL) VALUES (2024, 114, 'https://a0.muscache.com/im/pictures/e0902cdc-0e78-4400-b5d7-02f83b51fce4.jpg?im_w=720');

INSERT INTO LOCATION (LOCATION_ID, LOCATION_NAME, COUNTRY, REGION, CITY, LATITUDE, LONGITUDE) VALUES (115, '지명115', ' 서울', ' Mapo-gu', 'Seogyo-dong', 37.55307, 126.91932);
INSERT INTO ACCOMODATION (`ACCOMODATION_ID`, `LOCATION_ID`, `ACCOMODATION_NAME`, `HOST_NAME`, `DISCRIPTION`, `ACCOMODATION_TYPE`, `PRICE`, `MAXIMUM_OCCUPANCY`, `AVERAGE_POINT`, `BED_ROOM`, `BATH_ROOM`, `BED_COUNT`,`OPTION`) VALUES (115, 115, 'Cozy_O3 홍대역 5분, 조용한 서교동 숙소', '호스트115', '설명115', '개인실', 341210, 1, 2.2, 1, 1,1, '주방,무선 인터넷,에어컨,헤어드라이어');
INSERT INTO IMAGE (IMAGE_ID, ACCOMODATION_ID, IMAGE_URL) VALUES (2025, 115, 'https://a0.muscache.com/im/pictures/432453c5-e497-4cb9-8e47-82da1f74432c.jpg?im_w=720');
INSERT INTO IMAGE (IMAGE_ID, ACCOMODATION_ID, IMAGE_URL) VALUES (2026, 115, 'https://a0.muscache.com/im/pictures/2660de67-6c4a-4dbd-947f-d03a5d9dbab9.jpg?im_w=720');
INSERT INTO IMAGE (IMAGE_ID, ACCOMODATION_ID, IMAGE_URL) VALUES (2027, 115, 'https://a0.muscache.com/im/pictures/ea234b53-a9e6-4194-b6d2-b1898e42bec4.jpg?im_w=720');
INSERT INTO IMAGE (IMAGE_ID, ACCOMODATION_ID, IMAGE_URL) VALUES (2028, 115, 'https://a0.muscache.com/im/pictures/5b5203f3-7234-451c-8bb4-b7db479bc339.jpg?im_w=720');
INSERT INTO IMAGE (IMAGE_ID, ACCOMODATION_ID, IMAGE_URL) VALUES (2029, 115, 'https://a0.muscache.com/im/pictures/ff37a2ce-6e91-4f7e-969e-0fcdee41498a.jpg?im_w=720');
INSERT INTO IMAGE (IMAGE_ID, ACCOMODATION_ID, IMAGE_URL) VALUES (2030, 115, 'https://a0.muscache.com/im/pictures/ce9e0d7f-eb59-4775-87ff-84f19f0f0407.jpg?im_w=720');
INSERT INTO IMAGE (IMAGE_ID, ACCOMODATION_ID, IMAGE_URL) VALUES (2031, 115, 'https://a0.muscache.com/im/pictures/3265351d-4eec-424c-acf5-942205a229e9.jpg?im_w=720');
INSERT INTO IMAGE (IMAGE_ID, ACCOMODATION_ID, IMAGE_URL) VALUES (2032, 115, 'https://a0.muscache.com/im/pictures/19896818-a403-4307-86c4-13443b87c242.jpg?im_w=720');
INSERT INTO IMAGE (IMAGE_ID, ACCOMODATION_ID, IMAGE_URL) VALUES (2033, 115, 'https://a0.muscache.com/im/pictures/bf4c7cd9-ad03-4965-a0ea-ccf408c31a66.jpg?im_w=720');
INSERT INTO IMAGE (IMAGE_ID, ACCOMODATION_ID, IMAGE_URL) VALUES (2034, 115, 'https://a0.muscache.com/im/pictures/1d1ddb6a-1a6b-43f3-9999-eb75c7c2f739.jpg?im_w=720');
INSERT INTO IMAGE (IMAGE_ID, ACCOMODATION_ID, IMAGE_URL) VALUES (2035, 115, 'https://a0.muscache.com/im/pictures/0d65788e-55d1-43cc-ad20-b6b663b1644f.jpg?im_w=720');
INSERT INTO IMAGE (IMAGE_ID, ACCOMODATION_ID, IMAGE_URL) VALUES (2036, 115, 'https://a0.muscache.com/im/pictures/b1b8215a-7961-4251-b650-1c649c98c535.jpg?im_w=720');
INSERT INTO IMAGE (IMAGE_ID, ACCOMODATION_ID, IMAGE_URL) VALUES (2037, 115, 'https://a0.muscache.com/im/pictures/ef759f6c-6962-4740-b31c-946c3963d0e0.jpg?im_w=720');

INSERT INTO LOCATION (LOCATION_ID, LOCATION_NAME, COUNTRY, REGION, CITY, LATITUDE, LONGITUDE) VALUES (116, '지명116', ' 서울', ' Seongdong-gu', 'Seongsu-dong 1(il)-ga', 37.54708, 126.91564);
INSERT INTO ACCOMODATION (`ACCOMODATION_ID`, `LOCATION_ID`, `ACCOMODATION_NAME`, `HOST_NAME`, `DISCRIPTION`, `ACCOMODATION_TYPE`, `PRICE`, `MAXIMUM_OCCUPANCY`, `AVERAGE_POINT`, `BED_ROOM`, `BATH_ROOM`, `BED_COUNT`,`OPTION`) VALUES (116, 116, '(P2) A spacious Seongsu share house', '호스트116', '설명116', '개인실', 324385, 1, 3.4, 0, 1,0, '주방,무선 인터넷,에어컨,헤어드라이어');
INSERT INTO IMAGE (IMAGE_ID, ACCOMODATION_ID, IMAGE_URL) VALUES (2038, 116, 'https://a0.muscache.com/im/pictures/6f848df4-751e-41fc-957b-4544d3092599.jpg?im_w=720');
INSERT INTO IMAGE (IMAGE_ID, ACCOMODATION_ID, IMAGE_URL) VALUES (2039, 116, 'https://a0.muscache.com/im/pictures/43a01a8d-94bc-4b66-860e-4931b95703b4.jpg?im_w=720');
INSERT INTO IMAGE (IMAGE_ID, ACCOMODATION_ID, IMAGE_URL) VALUES (2040, 116, 'https://a0.muscache.com/im/pictures/2f3967e5-6586-48f5-b12d-1121669f02ed.jpg?im_w=720');
INSERT INTO IMAGE (IMAGE_ID, ACCOMODATION_ID, IMAGE_URL) VALUES (2041, 116, 'https://a0.muscache.com/im/pictures/efb486bf-4235-4422-98a5-ccab49b43754.jpg?im_w=720');
INSERT INTO IMAGE (IMAGE_ID, ACCOMODATION_ID, IMAGE_URL) VALUES (2042, 116, 'https://a0.muscache.com/im/pictures/c4fa4f92-efdd-4cde-ad8f-2e5f13d1ba37.jpg?im_w=720');
INSERT INTO IMAGE (IMAGE_ID, ACCOMODATION_ID, IMAGE_URL) VALUES (2043, 116, 'https://a0.muscache.com/im/pictures/cf032d88-f9a6-4ad9-ace6-9f9c4bb5ce75.jpg?im_w=720');
INSERT INTO IMAGE (IMAGE_ID, ACCOMODATION_ID, IMAGE_URL) VALUES (2044, 116, 'https://a0.muscache.com/im/pictures/ae544831-66ec-4068-b5a4-3183cca48283.jpg?im_w=720');
INSERT INTO IMAGE (IMAGE_ID, ACCOMODATION_ID, IMAGE_URL) VALUES (2045, 116, 'https://a0.muscache.com/im/pictures/0abd0bbe-d110-440c-8d09-714bf5fa5bd3.jpg?im_w=720');
INSERT INTO IMAGE (IMAGE_ID, ACCOMODATION_ID, IMAGE_URL) VALUES (2046, 116, 'https://a0.muscache.com/im/pictures/7612563d-c3c9-483c-a73c-e628a2f9b7e6.jpg?im_w=720');
INSERT INTO IMAGE (IMAGE_ID, ACCOMODATION_ID, IMAGE_URL) VALUES (2047, 116, 'https://a0.muscache.com/im/pictures/d8f6d7da-c8df-4489-8662-abc342e120c2.jpg?im_w=720');
INSERT INTO IMAGE (IMAGE_ID, ACCOMODATION_ID, IMAGE_URL) VALUES (2048, 116, 'https://a0.muscache.com/im/pictures/a8300cd9-0477-4631-a2d4-a32ca01aa3a3.jpg?im_w=720');
INSERT INTO IMAGE (IMAGE_ID, ACCOMODATION_ID, IMAGE_URL) VALUES (2049, 116, 'https://a0.muscache.com/im/pictures/10eeb51e-dd79-4515-98fc-ffc1c220ad56.jpg?im_w=720');
INSERT INTO IMAGE (IMAGE_ID, ACCOMODATION_ID, IMAGE_URL) VALUES (2050, 116, 'https://a0.muscache.com/im/pictures/fdbfe208-30bf-4b09-940a-91ea96fbd932.jpg?im_w=720');
INSERT INTO IMAGE (IMAGE_ID, ACCOMODATION_ID, IMAGE_URL) VALUES (2051, 116, 'https://a0.muscache.com/im/pictures/6d02550c-5451-414f-a4b7-07e570acfa67.jpg?im_w=720');
INSERT INTO IMAGE (IMAGE_ID, ACCOMODATION_ID, IMAGE_URL) VALUES (2052, 116, 'https://a0.muscache.com/im/pictures/120821dc-b1d1-4fca-850b-19b1faacabf1.jpg?im_w=720');
INSERT INTO IMAGE (IMAGE_ID, ACCOMODATION_ID, IMAGE_URL) VALUES (2053, 116, 'https://a0.muscache.com/im/pictures/b293fdbe-fba4-4e6d-8e3a-47cde5898eea.jpg?im_w=720');
INSERT INTO IMAGE (IMAGE_ID, ACCOMODATION_ID, IMAGE_URL) VALUES (2054, 116, 'https://a0.muscache.com/im/pictures/3d4b96fa-ce1d-4894-8db4-517382e0f3e9.jpg?im_w=720');
INSERT INTO IMAGE (IMAGE_ID, ACCOMODATION_ID, IMAGE_URL) VALUES (2055, 116, 'https://a0.muscache.com/im/pictures/93b4f02e-84be-433a-b832-08266c5e7a6c.jpg?im_w=720');
INSERT INTO IMAGE (IMAGE_ID, ACCOMODATION_ID, IMAGE_URL) VALUES (2056, 116, 'https://a0.muscache.com/im/pictures/5f5f19f1-cadc-45f6-9a3f-5fa7a3d6cc24.jpg?im_w=720');

INSERT INTO LOCATION (LOCATION_ID, LOCATION_NAME, COUNTRY, REGION, CITY, LATITUDE, LONGITUDE) VALUES (117, '지명117', ' 한국', ' 서울', '마포구', 37.55466, 126.92396);
INSERT INTO ACCOMODATION (`ACCOMODATION_ID`, `LOCATION_ID`, `ACCOMODATION_NAME`, `HOST_NAME`, `DISCRIPTION`, `ACCOMODATION_TYPE`, `PRICE`, `MAXIMUM_OCCUPANCY`, `AVERAGE_POINT`, `BED_ROOM`, `BATH_ROOM`, `BED_COUNT`,`OPTION`) VALUES (117, 117, '#3 민트 하우스', '호스트117', '설명117', '집 전체', 768250, 2, 6.9, 1, 1,1, '주방,무선 인터넷,에어컨,헤어드라이어');
INSERT INTO IMAGE (IMAGE_ID, ACCOMODATION_ID, IMAGE_URL) VALUES (2057, 117, 'https://a0.muscache.com/im/pictures/14712875-f764-4229-946f-d0ed65c69fd9.jpg?im_w=720');
INSERT INTO IMAGE (IMAGE_ID, ACCOMODATION_ID, IMAGE_URL) VALUES (2058, 117, 'https://a0.muscache.com/im/pictures/6c00a002-bcff-41d5-82b5-4fa0784a3c61.jpg?im_w=720');
INSERT INTO IMAGE (IMAGE_ID, ACCOMODATION_ID, IMAGE_URL) VALUES (2059, 117, 'https://a0.muscache.com/im/pictures/367cb5f2-e1fa-4958-8b19-a4c3668d0ffe.jpg?im_w=720');
INSERT INTO IMAGE (IMAGE_ID, ACCOMODATION_ID, IMAGE_URL) VALUES (2060, 117, 'https://a0.muscache.com/im/pictures/e763ef3d-9bbd-4333-93df-0a79f4c34410.jpg?im_w=720');
INSERT INTO IMAGE (IMAGE_ID, ACCOMODATION_ID, IMAGE_URL) VALUES (2061, 117, 'https://a0.muscache.com/im/pictures/ce237ca2-5af7-4aec-a37c-81b36f544912.jpg?im_w=720');
INSERT INTO IMAGE (IMAGE_ID, ACCOMODATION_ID, IMAGE_URL) VALUES (2062, 117, 'https://a0.muscache.com/im/pictures/98382543-2a91-4ae0-b450-0af1f0ef71df.jpg?im_w=720');
INSERT INTO IMAGE (IMAGE_ID, ACCOMODATION_ID, IMAGE_URL) VALUES (2063, 117, 'https://a0.muscache.com/im/pictures/49f1f93b-2862-4db9-9233-c0ea95c21178.jpg?im_w=720');
INSERT INTO IMAGE (IMAGE_ID, ACCOMODATION_ID, IMAGE_URL) VALUES (2064, 117, 'https://a0.muscache.com/im/pictures/f6fff73d-e5c2-4973-ba00-817003ab7ae2.jpg?im_w=720');
INSERT INTO IMAGE (IMAGE_ID, ACCOMODATION_ID, IMAGE_URL) VALUES (2065, 117, 'https://a0.muscache.com/im/pictures/bc97bd82-3bbd-4bc3-aca4-425c5734431f.jpg?im_w=720');
INSERT INTO IMAGE (IMAGE_ID, ACCOMODATION_ID, IMAGE_URL) VALUES (2066, 117, 'https://a0.muscache.com/im/pictures/cde9565e-7438-4080-bff2-cdfdff5c0788.jpg?im_w=720');
INSERT INTO IMAGE (IMAGE_ID, ACCOMODATION_ID, IMAGE_URL) VALUES (2067, 117, 'https://a0.muscache.com/im/pictures/c7aab5a3-66c1-496d-8c5c-02d30b08c7f0.jpg?im_w=720');
INSERT INTO IMAGE (IMAGE_ID, ACCOMODATION_ID, IMAGE_URL) VALUES (2068, 117, 'https://a0.muscache.com/im/pictures/b42f80a3-e483-4c6a-9852-6e1acc5cc9c6.jpg?im_w=720');
INSERT INTO IMAGE (IMAGE_ID, ACCOMODATION_ID, IMAGE_URL) VALUES (2069, 117, 'https://a0.muscache.com/im/pictures/d49d3560-cbc3-4f84-b5c6-ba58e82efb4e.jpg?im_w=720');
INSERT INTO IMAGE (IMAGE_ID, ACCOMODATION_ID, IMAGE_URL) VALUES (2070, 117, 'https://a0.muscache.com/im/pictures/78bac1a5-369f-4af7-9c64-ce38736efadf.jpg?im_w=720');
INSERT INTO IMAGE (IMAGE_ID, ACCOMODATION_ID, IMAGE_URL) VALUES (2071, 117, 'https://a0.muscache.com/im/pictures/46086b3c-39ea-462a-a3f3-d044c6bca7c1.jpg?im_w=720');
INSERT INTO IMAGE (IMAGE_ID, ACCOMODATION_ID, IMAGE_URL) VALUES (2072, 117, 'https://a0.muscache.com/im/pictures/555f5138-c76d-403c-9c82-ecec0b6c974e.jpg?im_w=720');
INSERT INTO IMAGE (IMAGE_ID, ACCOMODATION_ID, IMAGE_URL) VALUES (2073, 117, 'https://a0.muscache.com/im/pictures/e36a70fa-390a-40ed-90cf-4ac8bef32aa4.jpg?im_w=720');
INSERT INTO IMAGE (IMAGE_ID, ACCOMODATION_ID, IMAGE_URL) VALUES (2074, 117, 'https://a0.muscache.com/im/pictures/7ae7ae5d-467a-4e81-912f-2ce693cb1bec.jpg?im_w=720');
INSERT INTO IMAGE (IMAGE_ID, ACCOMODATION_ID, IMAGE_URL) VALUES (2075, 117, 'https://a0.muscache.com/im/pictures/1b49d258-1731-4835-8bbd-a1fc2b4f6485.jpg?im_w=720');
INSERT INTO IMAGE (IMAGE_ID, ACCOMODATION_ID, IMAGE_URL) VALUES (2076, 117, 'https://a0.muscache.com/im/pictures/cf933565-bdd8-4a44-998c-3c090ad4fd6a.jpg?im_w=720');

INSERT INTO LOCATION (LOCATION_ID, LOCATION_NAME, COUNTRY, REGION, CITY, LATITUDE, LONGITUDE) VALUES (118, '지명118', ' 한국', ' 서울', '마포구', 37.55632, 126.92618);
INSERT INTO ACCOMODATION (`ACCOMODATION_ID`, `LOCATION_ID`, `ACCOMODATION_NAME`, `HOST_NAME`, `DISCRIPTION`, `ACCOMODATION_TYPE`, `PRICE`, `MAXIMUM_OCCUPANCY`, `AVERAGE_POINT`, `BED_ROOM`, `BATH_ROOM`, `BED_COUNT`,`OPTION`) VALUES (118, 118, 'family37-자가격리가능', '호스트118', '설명118', '개인실', 950308, 4, 0.8, 1, 1,1, '무선 인터넷,에어컨,헤어드라이어');
INSERT INTO IMAGE (IMAGE_ID, ACCOMODATION_ID, IMAGE_URL) VALUES (2077, 118, 'https://a0.muscache.com/im/pictures/miso/Hosting-7439226/original/8f38801a-e4f0-4e87-be34-ce95ddf8acb7.jpeg?im_w=720');
INSERT INTO IMAGE (IMAGE_ID, ACCOMODATION_ID, IMAGE_URL) VALUES (2078, 118, 'https://a0.muscache.com/im/pictures/miso/Hosting-7439226/original/5a530549-7e7c-43e1-806c-a1737c9f7ff1.jpeg?im_w=720');
INSERT INTO IMAGE (IMAGE_ID, ACCOMODATION_ID, IMAGE_URL) VALUES (2079, 118, 'https://a0.muscache.com/im/pictures/miso/Hosting-7439226/original/a326a406-3c9f-4278-ac13-14b48c6fefdf.jpeg?im_w=720');
INSERT INTO IMAGE (IMAGE_ID, ACCOMODATION_ID, IMAGE_URL) VALUES (2080, 118, 'https://a0.muscache.com/im/pictures/miso/Hosting-7439226/original/57b607da-dc5b-4e12-beaf-fae222ee169d.jpeg?im_w=720');
INSERT INTO IMAGE (IMAGE_ID, ACCOMODATION_ID, IMAGE_URL) VALUES (2081, 118, 'https://a0.muscache.com/im/pictures/miso/Hosting-7439226/original/2ac26e15-7d96-4274-9db5-01f2f58f4e1a.jpeg?im_w=720');
INSERT INTO IMAGE (IMAGE_ID, ACCOMODATION_ID, IMAGE_URL) VALUES (2082, 118, 'https://a0.muscache.com/im/pictures/miso/Hosting-7439226/original/1623733c-fcfe-4bb0-a1ad-b0d773d42197.jpeg?im_w=720');
INSERT INTO IMAGE (IMAGE_ID, ACCOMODATION_ID, IMAGE_URL) VALUES (2083, 118, 'https://a0.muscache.com/im/pictures/miso/Hosting-7439226/original/4fb64102-a3e4-49e9-a52b-5da6d463482e.jpeg?im_w=720');

INSERT INTO LOCATION (LOCATION_ID, LOCATION_NAME, COUNTRY, REGION, CITY, LATITUDE, LONGITUDE) VALUES (119, '지명119', ' 한국', ' 서울', '마포구', 37.55392, 126.92178);
INSERT INTO ACCOMODATION (`ACCOMODATION_ID`, `LOCATION_ID`, `ACCOMODATION_NAME`, `HOST_NAME`, `DISCRIPTION`, `ACCOMODATION_TYPE`, `PRICE`, `MAXIMUM_OCCUPANCY`, `AVERAGE_POINT`, `BED_ROOM`, `BATH_ROOM`, `BED_COUNT`,`OPTION`) VALUES (119, 119, '#홍대입구역#hot location/ egg Free [J201]', '호스트119', '설명119', '집 전체', 438409, 2, 5.9, 1, 0,1, '주방,무선 인터넷,에어컨,헤어드라이어');
INSERT INTO IMAGE (IMAGE_ID, ACCOMODATION_ID, IMAGE_URL) VALUES (2084, 119, 'https://a0.muscache.com/im/pictures/7f9aecf3-3f63-4fa0-addd-25bf5b2257aa.jpg?im_w=720');
INSERT INTO IMAGE (IMAGE_ID, ACCOMODATION_ID, IMAGE_URL) VALUES (2085, 119, 'https://a0.muscache.com/im/pictures/7cebce17-b862-43b2-ada7-7e5085a56f91.jpg?im_w=720');
INSERT INTO IMAGE (IMAGE_ID, ACCOMODATION_ID, IMAGE_URL) VALUES (2086, 119, 'https://a0.muscache.com/im/pictures/bca962e5-a9a8-4f0a-aea5-3bd2dbb0a103.jpg?im_w=720');
INSERT INTO IMAGE (IMAGE_ID, ACCOMODATION_ID, IMAGE_URL) VALUES (2087, 119, 'https://a0.muscache.com/im/pictures/46888d59-8ec4-4660-90ca-bcc0140d0ca4.jpg?im_w=720');
INSERT INTO IMAGE (IMAGE_ID, ACCOMODATION_ID, IMAGE_URL) VALUES (2088, 119, 'https://a0.muscache.com/im/pictures/7c070008-358d-461e-a2dd-c3474c4e7b81.jpg?im_w=720');
INSERT INTO IMAGE (IMAGE_ID, ACCOMODATION_ID, IMAGE_URL) VALUES (2089, 119, 'https://a0.muscache.com/im/pictures/871f41c8-a0b3-40eb-b000-8d5385662dc6.jpg?im_w=720');
INSERT INTO IMAGE (IMAGE_ID, ACCOMODATION_ID, IMAGE_URL) VALUES (2090, 119, 'https://a0.muscache.com/im/pictures/3e003c04-757d-4bee-adb5-6b6fa669210d.jpg?im_w=720');
INSERT INTO IMAGE (IMAGE_ID, ACCOMODATION_ID, IMAGE_URL) VALUES (2091, 119, 'https://a0.muscache.com/im/pictures/af16fbea-0ade-43ed-ab71-5e0731bf6fe6.jpg?im_w=720');
INSERT INTO IMAGE (IMAGE_ID, ACCOMODATION_ID, IMAGE_URL) VALUES (2092, 119, 'https://a0.muscache.com/im/pictures/de5fc328-8d93-445c-84de-e9de01606b0a.jpg?im_w=720');
INSERT INTO IMAGE (IMAGE_ID, ACCOMODATION_ID, IMAGE_URL) VALUES (2093, 119, 'https://a0.muscache.com/im/pictures/35b47078-0077-4866-8fca-533ad3d8cde1.jpg?im_w=720');
INSERT INTO IMAGE (IMAGE_ID, ACCOMODATION_ID, IMAGE_URL) VALUES (2094, 119, 'https://a0.muscache.com/im/pictures/f149167c-135b-43a9-9415-397b6f762327.jpg?im_w=720');
INSERT INTO IMAGE (IMAGE_ID, ACCOMODATION_ID, IMAGE_URL) VALUES (2095, 119, 'https://a0.muscache.com/im/pictures/1183faa8-de02-4742-a2be-092f43569c31.jpg?im_w=720');
INSERT INTO IMAGE (IMAGE_ID, ACCOMODATION_ID, IMAGE_URL) VALUES (2096, 119, 'https://a0.muscache.com/im/pictures/f60292e3-0941-41ed-9707-c4a2a24fe7bf.jpg?im_w=720');
INSERT INTO IMAGE (IMAGE_ID, ACCOMODATION_ID, IMAGE_URL) VALUES (2097, 119, 'https://a0.muscache.com/im/pictures/091e94af-6e84-4284-944f-1067b7c2f0d2.jpg?im_w=720');
INSERT INTO IMAGE (IMAGE_ID, ACCOMODATION_ID, IMAGE_URL) VALUES (2098, 119, 'https://a0.muscache.com/im/pictures/e544aa57-4139-4795-bdae-89df04f75a2b.jpg?im_w=720');
INSERT INTO IMAGE (IMAGE_ID, ACCOMODATION_ID, IMAGE_URL) VALUES (2099, 119, 'https://a0.muscache.com/im/pictures/0d5c46e9-da23-49ff-84e9-959aa2120583.jpg?im_w=720');
INSERT INTO IMAGE (IMAGE_ID, ACCOMODATION_ID, IMAGE_URL) VALUES (2100, 119, 'https://a0.muscache.com/im/pictures/25df7f0e-e7c2-4b66-94c6-5e698f80e3d8.jpg?im_w=720');
INSERT INTO IMAGE (IMAGE_ID, ACCOMODATION_ID, IMAGE_URL) VALUES (2101, 119, 'https://a0.muscache.com/im/pictures/8d7666e4-6fdb-4538-aa1e-a8055419a9e3.jpg?im_w=720');
INSERT INTO IMAGE (IMAGE_ID, ACCOMODATION_ID, IMAGE_URL) VALUES (2102, 119, 'https://a0.muscache.com/im/pictures/1ed908dd-f749-450a-9a2b-079cede3e445.jpg?im_w=720');
INSERT INTO IMAGE (IMAGE_ID, ACCOMODATION_ID, IMAGE_URL) VALUES (2103, 119, 'https://a0.muscache.com/im/pictures/4b51d014-4c60-4755-b9db-e57296f8ffcf.jpg?im_w=720');
INSERT INTO IMAGE (IMAGE_ID, ACCOMODATION_ID, IMAGE_URL) VALUES (2104, 119, 'https://a0.muscache.com/im/pictures/1e41f6a1-4dc1-4f91-8553-ae32af353d5b.jpg?im_w=720');
INSERT INTO IMAGE (IMAGE_ID, ACCOMODATION_ID, IMAGE_URL) VALUES (2105, 119, 'https://a0.muscache.com/im/pictures/3710742d-cc1c-43b9-a291-147a45e09867.jpg?im_w=720');
INSERT INTO IMAGE (IMAGE_ID, ACCOMODATION_ID, IMAGE_URL) VALUES (2106, 119, 'https://a0.muscache.com/im/pictures/50d36aa8-f348-43e2-9490-9271f8c52359.jpg?im_w=720');
INSERT INTO IMAGE (IMAGE_ID, ACCOMODATION_ID, IMAGE_URL) VALUES (2107, 119, 'https://a0.muscache.com/im/pictures/70b5e9d8-a97d-4e34-8965-b947117dc526.jpg?im_w=720');
INSERT INTO IMAGE (IMAGE_ID, ACCOMODATION_ID, IMAGE_URL) VALUES (2108, 119, 'https://a0.muscache.com/im/pictures/2f2c6f81-aea5-446d-93fe-d71a1438598d.jpg?im_w=720');
INSERT INTO IMAGE (IMAGE_ID, ACCOMODATION_ID, IMAGE_URL) VALUES (2109, 119, 'https://a0.muscache.com/im/pictures/553adaaf-b8f1-4ee8-a4ad-411b85be3375.jpg?im_w=720');
INSERT INTO IMAGE (IMAGE_ID, ACCOMODATION_ID, IMAGE_URL) VALUES (2110, 119, 'https://a0.muscache.com/im/pictures/74c05223-d25b-4167-b577-cf8a488257af.jpg?im_w=720');
INSERT INTO IMAGE (IMAGE_ID, ACCOMODATION_ID, IMAGE_URL) VALUES (2111, 119, 'https://a0.muscache.com/im/pictures/792634de-77b4-48f7-80ae-87830e6f3e12.jpg?im_w=720');
INSERT INTO IMAGE (IMAGE_ID, ACCOMODATION_ID, IMAGE_URL) VALUES (2112, 119, 'https://a0.muscache.com/im/pictures/f50aad95-4121-4040-9093-2df5524e897b.jpg?im_w=720');
INSERT INTO IMAGE (IMAGE_ID, ACCOMODATION_ID, IMAGE_URL) VALUES (2113, 119, 'https://a0.muscache.com/im/pictures/438a0832-cb34-407e-ad6a-041b595e233b.jpg?im_w=720');

INSERT INTO LOCATION (LOCATION_ID, LOCATION_NAME, COUNTRY, REGION, CITY, LATITUDE, LONGITUDE) VALUES (120, '지명120', ' 서울', ' Mapo-gu', 'Donggyo-dong', 37.55677, 126.92375);
INSERT INTO ACCOMODATION (`ACCOMODATION_ID`, `LOCATION_ID`, `ACCOMODATION_NAME`, `HOST_NAME`, `DISCRIPTION`, `ACCOMODATION_TYPE`, `PRICE`, `MAXIMUM_OCCUPANCY`, `AVERAGE_POINT`, `BED_ROOM`, `BATH_ROOM`, `BED_COUNT`,`OPTION`) VALUES (120, 120, '7F.Anna house at Hongdae station', '호스트120', '설명120', '집 전체', 617657, 6, 1.8, 1, 1,1, '주방,무선 인터넷,에어컨,헤어드라이어');
INSERT INTO IMAGE (IMAGE_ID, ACCOMODATION_ID, IMAGE_URL) VALUES (2114, 120, 'https://a0.muscache.com/im/pictures/9a418fb1-9274-4844-b12d-0aeeb210d783.jpg?im_w=720');
INSERT INTO IMAGE (IMAGE_ID, ACCOMODATION_ID, IMAGE_URL) VALUES (2115, 120, 'https://a0.muscache.com/im/pictures/dd499ca0-4b85-43e7-bbd8-88215fdff2c0.jpg?im_w=720');
INSERT INTO IMAGE (IMAGE_ID, ACCOMODATION_ID, IMAGE_URL) VALUES (2116, 120, 'https://a0.muscache.com/im/pictures/f0618ba0-8fbe-47fb-b536-dfe1c891e8ea.jpg?im_w=720');
INSERT INTO IMAGE (IMAGE_ID, ACCOMODATION_ID, IMAGE_URL) VALUES (2117, 120, 'https://a0.muscache.com/im/pictures/99dfe20e-d39c-4c67-8f21-9a278605c5bf.jpg?im_w=720');
INSERT INTO IMAGE (IMAGE_ID, ACCOMODATION_ID, IMAGE_URL) VALUES (2118, 120, 'https://a0.muscache.com/im/pictures/708edfcd-16aa-4e34-8633-5d30f94c9eea.jpg?im_w=720');
INSERT INTO IMAGE (IMAGE_ID, ACCOMODATION_ID, IMAGE_URL) VALUES (2119, 120, 'https://a0.muscache.com/im/pictures/86d66e1c-c95a-4895-b09e-fb8c164096ea.jpg?im_w=720');
INSERT INTO IMAGE (IMAGE_ID, ACCOMODATION_ID, IMAGE_URL) VALUES (2120, 120, 'https://a0.muscache.com/im/pictures/4f5b774e-e805-4ebd-a059-c985d629f976.jpg?im_w=720');
INSERT INTO IMAGE (IMAGE_ID, ACCOMODATION_ID, IMAGE_URL) VALUES (2121, 120, 'https://a0.muscache.com/im/pictures/088b781e-7608-4883-829b-90a9667a15bc.jpg?im_w=720');
INSERT INTO IMAGE (IMAGE_ID, ACCOMODATION_ID, IMAGE_URL) VALUES (2122, 120, 'https://a0.muscache.com/im/pictures/76d2f940-a2eb-4bf4-ab7a-5468c564bde5.jpg?im_w=720');
INSERT INTO IMAGE (IMAGE_ID, ACCOMODATION_ID, IMAGE_URL) VALUES (2123, 120, 'https://a0.muscache.com/im/pictures/4816cade-c9fc-45d5-8aac-1be52ac49eb8.jpg?im_w=720');
INSERT INTO IMAGE (IMAGE_ID, ACCOMODATION_ID, IMAGE_URL) VALUES (2124, 120, 'https://a0.muscache.com/im/pictures/52d752f0-e8fc-43fb-99c8-78dadf6438c0.jpg?im_w=720');
INSERT INTO IMAGE (IMAGE_ID, ACCOMODATION_ID, IMAGE_URL) VALUES (2125, 120, 'https://a0.muscache.com/im/pictures/f0b43713-9731-40fa-b6a3-75435f13a0fb.jpg?im_w=720');
INSERT INTO IMAGE (IMAGE_ID, ACCOMODATION_ID, IMAGE_URL) VALUES (2126, 120, 'https://a0.muscache.com/im/pictures/57e0e8b9-1188-4a3e-8671-db48057b0c18.jpg?im_w=720');
INSERT INTO IMAGE (IMAGE_ID, ACCOMODATION_ID, IMAGE_URL) VALUES (2127, 120, 'https://a0.muscache.com/im/pictures/979f6197-3b10-48f4-8d7b-fdab627b2aa1.jpg?im_w=720');
INSERT INTO IMAGE (IMAGE_ID, ACCOMODATION_ID, IMAGE_URL) VALUES (2128, 120, 'https://a0.muscache.com/im/pictures/9c3d4912-1e41-4260-8efa-902a064ddf41.jpg?im_w=720');
INSERT INTO IMAGE (IMAGE_ID, ACCOMODATION_ID, IMAGE_URL) VALUES (2129, 120, 'https://a0.muscache.com/im/pictures/0c06bd8f-9d8f-482b-9fce-62ac57c0f356.jpg?im_w=720');
INSERT INTO IMAGE (IMAGE_ID, ACCOMODATION_ID, IMAGE_URL) VALUES (2130, 120, 'https://a0.muscache.com/im/pictures/37ab5264-a638-48da-9f7a-883de6993dfe.jpg?im_w=720');
INSERT INTO IMAGE (IMAGE_ID, ACCOMODATION_ID, IMAGE_URL) VALUES (2131, 120, 'https://a0.muscache.com/im/pictures/24a3415e-13d2-4c09-8afc-3d4dbef455f3.jpg?im_w=720');
INSERT INTO IMAGE (IMAGE_ID, ACCOMODATION_ID, IMAGE_URL) VALUES (2132, 120, 'https://a0.muscache.com/im/pictures/c6a146a7-2062-421a-9fad-fa14f7eec04a.jpg?im_w=720');
INSERT INTO IMAGE (IMAGE_ID, ACCOMODATION_ID, IMAGE_URL) VALUES (2133, 120, 'https://a0.muscache.com/im/pictures/718bf480-4f7e-48c4-a3f4-05654e243666.jpg?im_w=720');
INSERT INTO IMAGE (IMAGE_ID, ACCOMODATION_ID, IMAGE_URL) VALUES (2134, 120, 'https://a0.muscache.com/im/pictures/53d95525-bb5c-4172-8b7b-0fbdc1f3741a.jpg?im_w=720');
INSERT INTO IMAGE (IMAGE_ID, ACCOMODATION_ID, IMAGE_URL) VALUES (2135, 120, 'https://a0.muscache.com/im/pictures/74721de3-255c-4eec-9526-61e244331d5c.jpg?im_w=720');
INSERT INTO IMAGE (IMAGE_ID, ACCOMODATION_ID, IMAGE_URL) VALUES (2136, 120, 'https://a0.muscache.com/im/pictures/e5324a10-823d-4ef4-bc8b-72b663a56bd6.jpg?im_w=720');
INSERT INTO IMAGE (IMAGE_ID, ACCOMODATION_ID, IMAGE_URL) VALUES (2137, 120, 'https://a0.muscache.com/im/pictures/0521e6f9-41eb-443d-ad1f-154a94355fc4.jpg?im_w=720');
INSERT INTO IMAGE (IMAGE_ID, ACCOMODATION_ID, IMAGE_URL) VALUES (2138, 120, 'https://a0.muscache.com/im/pictures/5273831c-2c38-4780-8a75-25ef2a74cd6d.jpg?im_w=720');

INSERT INTO LOCATION (LOCATION_ID, LOCATION_NAME, COUNTRY, REGION, CITY, LATITUDE, LONGITUDE) VALUES (121, '지명121', ' 서울', ' Mapo-gu', 'Changjeon-dong', 37.55391, 126.92358);
INSERT INTO ACCOMODATION (`ACCOMODATION_ID`, `LOCATION_ID`, `ACCOMODATION_NAME`, `HOST_NAME`, `DISCRIPTION`, `ACCOMODATION_TYPE`, `PRICE`, `MAXIMUM_OCCUPANCY`, `AVERAGE_POINT`, `BED_ROOM`, `BATH_ROOM`, `BED_COUNT`,`OPTION`) VALUES (121, 121, '[OPEN]#루프탑캠핑#홍대입구역5분#Rooftop camping & BBQ party', '호스트121', '설명121', '집 전체', 165730, 4, 0.4, 1, 1,1, '주방,무선 인터넷,에어컨,헤어드라이어');
INSERT INTO IMAGE (IMAGE_ID, ACCOMODATION_ID, IMAGE_URL) VALUES (2139, 121, 'https://a0.muscache.com/im/pictures/miso/Hosting-49034435/original/3541ab34-dd5c-4c0b-995a-f17e454cba0e.jpeg?im_w=720');
INSERT INTO IMAGE (IMAGE_ID, ACCOMODATION_ID, IMAGE_URL) VALUES (2140, 121, 'https://a0.muscache.com/im/pictures/miso/Hosting-49034435/original/cd3b41c9-930b-4c9e-a2ee-3c7f4110a50f.jpeg?im_w=720');
INSERT INTO IMAGE (IMAGE_ID, ACCOMODATION_ID, IMAGE_URL) VALUES (2141, 121, 'https://a0.muscache.com/im/pictures/miso/Hosting-49034435/original/42f30b8e-83fd-4d5a-8bac-3e82e3aacbfe.jpeg?im_w=720');
INSERT INTO IMAGE (IMAGE_ID, ACCOMODATION_ID, IMAGE_URL) VALUES (2142, 121, 'https://a0.muscache.com/im/pictures/5078d72d-3862-4335-9764-62ebfc16aa9b.jpg?im_w=720');
INSERT INTO IMAGE (IMAGE_ID, ACCOMODATION_ID, IMAGE_URL) VALUES (2143, 121, 'https://a0.muscache.com/im/pictures/miso/Hosting-49034435/original/d9fe4177-5461-494e-98ab-3e6468dd9779.jpeg?im_w=720');
INSERT INTO IMAGE (IMAGE_ID, ACCOMODATION_ID, IMAGE_URL) VALUES (2144, 121, 'https://a0.muscache.com/im/pictures/miso/Hosting-49034435/original/f16c6e9e-b4c7-4820-96d7-29e096f5c1a8.jpeg?im_w=720');
INSERT INTO IMAGE (IMAGE_ID, ACCOMODATION_ID, IMAGE_URL) VALUES (2145, 121, 'https://a0.muscache.com/im/pictures/miso/Hosting-49034435/original/ae4e1123-7952-4c24-99fd-9865a0df484c.jpeg?im_w=720');
INSERT INTO IMAGE (IMAGE_ID, ACCOMODATION_ID, IMAGE_URL) VALUES (2146, 121, 'https://a0.muscache.com/im/pictures/miso/Hosting-49034435/original/105890ee-4eac-4a00-8c7c-6655c36c2b89.jpeg?im_w=720');
INSERT INTO IMAGE (IMAGE_ID, ACCOMODATION_ID, IMAGE_URL) VALUES (2147, 121, 'https://a0.muscache.com/im/pictures/miso/Hosting-49034435/original/db3a96a4-28ea-4a0d-aabe-5512dc3ac697.jpeg?im_w=720');
INSERT INTO IMAGE (IMAGE_ID, ACCOMODATION_ID, IMAGE_URL) VALUES (2148, 121, 'https://a0.muscache.com/im/pictures/miso/Hosting-49034435/original/8d6f8785-956d-424d-9713-a60470a4248a.jpeg?im_w=720');
INSERT INTO IMAGE (IMAGE_ID, ACCOMODATION_ID, IMAGE_URL) VALUES (2149, 121, 'https://a0.muscache.com/im/pictures/miso/Hosting-49034435/original/f8150951-2f27-4ad5-b250-0c9b22ae568a.jpeg?im_w=720');
INSERT INTO IMAGE (IMAGE_ID, ACCOMODATION_ID, IMAGE_URL) VALUES (2150, 121, 'https://a0.muscache.com/im/pictures/6f3370d5-c182-4f47-9597-a39b750a22f7.jpg?im_w=720');
INSERT INTO IMAGE (IMAGE_ID, ACCOMODATION_ID, IMAGE_URL) VALUES (2151, 121, 'https://a0.muscache.com/im/pictures/miso/Hosting-49034435/original/f95044cf-9c02-429a-80ee-ce2167be62aa.jpeg?im_w=720');
INSERT INTO IMAGE (IMAGE_ID, ACCOMODATION_ID, IMAGE_URL) VALUES (2152, 121, 'https://a0.muscache.com/im/pictures/miso/Hosting-49034435/original/21d0b656-2b9f-4f4d-8a29-3f4fbea39084.jpeg?im_w=720');
INSERT INTO IMAGE (IMAGE_ID, ACCOMODATION_ID, IMAGE_URL) VALUES (2153, 121, 'https://a0.muscache.com/im/pictures/0c415fc0-f600-4a21-b658-18ee9f7e6d91.jpg?im_w=720');
INSERT INTO IMAGE (IMAGE_ID, ACCOMODATION_ID, IMAGE_URL) VALUES (2154, 121, 'https://a0.muscache.com/im/pictures/3c8029ec-0abb-4552-bc1e-d81b89921d79.jpg?im_w=720');
INSERT INTO IMAGE (IMAGE_ID, ACCOMODATION_ID, IMAGE_URL) VALUES (2155, 121, 'https://a0.muscache.com/im/pictures/03aa6fb9-6fcc-48a9-b6fd-6489209c6e1d.jpg?im_w=720');
INSERT INTO IMAGE (IMAGE_ID, ACCOMODATION_ID, IMAGE_URL) VALUES (2156, 121, 'https://a0.muscache.com/im/pictures/a22d5894-96a8-4fb1-8bf7-b233c15b65b8.jpg?im_w=720');
INSERT INTO IMAGE (IMAGE_ID, ACCOMODATION_ID, IMAGE_URL) VALUES (2157, 121, 'https://a0.muscache.com/im/pictures/6a80e606-dd4f-4e48-81bc-bbb342dc4e14.jpg?im_w=720');

INSERT INTO LOCATION (LOCATION_ID, LOCATION_NAME, COUNTRY, REGION, CITY, LATITUDE, LONGITUDE) VALUES (122, '지명122', ' 서울', ' Mapo-gu', 'Yeonnam-dong', 37.56263, 126.92502);
INSERT INTO ACCOMODATION (`ACCOMODATION_ID`, `LOCATION_ID`, `ACCOMODATION_NAME`, `HOST_NAME`, `DISCRIPTION`, `ACCOMODATION_TYPE`, `PRICE`, `MAXIMUM_OCCUPANCY`, `AVERAGE_POINT`, `BED_ROOM`, `BATH_ROOM`, `BED_COUNT`,`OPTION`) VALUES (122, 122, '#302 Big Private room with private bathroom', '호스트122', '설명122', '개인실', 523357, 1, 9.8, 1, 2,1, '주방,무선 인터넷,에어컨');
INSERT INTO IMAGE (IMAGE_ID, ACCOMODATION_ID, IMAGE_URL) VALUES (2158, 122, 'https://a0.muscache.com/im/pictures/miso/Hosting-49694251/original/a632c0be-0e27-4748-9647-6af43862d785.jpeg?im_w=720');
INSERT INTO IMAGE (IMAGE_ID, ACCOMODATION_ID, IMAGE_URL) VALUES (2159, 122, 'https://a0.muscache.com/im/pictures/db9145af-0a7b-4bad-83da-1ccdaae84544.jpg?im_w=720');
INSERT INTO IMAGE (IMAGE_ID, ACCOMODATION_ID, IMAGE_URL) VALUES (2160, 122, 'https://a0.muscache.com/im/pictures/miso/Hosting-49694251/original/59254e0c-7bbd-40e7-af5d-99b57667b9b2.jpeg?im_w=720');
INSERT INTO IMAGE (IMAGE_ID, ACCOMODATION_ID, IMAGE_URL) VALUES (2161, 122, 'https://a0.muscache.com/im/pictures/miso/Hosting-49694251/original/cf5eead1-0d27-4cdf-96e9-dcd8ab9d3079.jpeg?im_w=720');
INSERT INTO IMAGE (IMAGE_ID, ACCOMODATION_ID, IMAGE_URL) VALUES (2162, 122, 'https://a0.muscache.com/im/pictures/miso/Hosting-49694251/original/8313d36b-1dda-4839-a52e-7422060d6334.jpeg?im_w=720');
INSERT INTO IMAGE (IMAGE_ID, ACCOMODATION_ID, IMAGE_URL) VALUES (2163, 122, 'https://a0.muscache.com/im/pictures/miso/Hosting-49694251/original/5d207f91-3bec-4ae2-a7a8-81cdfd9bf45f.jpeg?im_w=720');
INSERT INTO IMAGE (IMAGE_ID, ACCOMODATION_ID, IMAGE_URL) VALUES (2164, 122, 'https://a0.muscache.com/im/pictures/miso/Hosting-49694251/original/dc4da2d5-2b92-4442-a376-f5e27cadf8e1.jpeg?im_w=720');
INSERT INTO IMAGE (IMAGE_ID, ACCOMODATION_ID, IMAGE_URL) VALUES (2165, 122, 'https://a0.muscache.com/im/pictures/miso/Hosting-49694251/original/492243df-a03f-4090-b067-10cb14da0db6.jpeg?im_w=720');
INSERT INTO IMAGE (IMAGE_ID, ACCOMODATION_ID, IMAGE_URL) VALUES (2166, 122, 'https://a0.muscache.com/im/pictures/miso/Hosting-49694251/original/6f70015c-04f3-41aa-b3d9-036b78c7305f.jpeg?im_w=720');
INSERT INTO IMAGE (IMAGE_ID, ACCOMODATION_ID, IMAGE_URL) VALUES (2167, 122, 'https://a0.muscache.com/im/pictures/miso/Hosting-49694251/original/99559fed-3fc3-41e0-99bb-ce8c3b3eea84.jpeg?im_w=720');
INSERT INTO IMAGE (IMAGE_ID, ACCOMODATION_ID, IMAGE_URL) VALUES (2168, 122, 'https://a0.muscache.com/im/pictures/miso/Hosting-49694251/original/2c066c7b-1b8a-4ede-a9d0-4fa5be4964d5.jpeg?im_w=720');

INSERT INTO LOCATION (LOCATION_ID, LOCATION_NAME, COUNTRY, REGION, CITY, LATITUDE, LONGITUDE) VALUES (123, '지명123', ' 서울', ' Mapo-gu', 'Yeonnam-dong', 37.5639, 126.9233);
INSERT INTO ACCOMODATION (`ACCOMODATION_ID`, `LOCATION_ID`, `ACCOMODATION_NAME`, `HOST_NAME`, `DISCRIPTION`, `ACCOMODATION_TYPE`, `PRICE`, `MAXIMUM_OCCUPANCY`, `AVERAGE_POINT`, `BED_ROOM`, `BATH_ROOM`, `BED_COUNT`,`OPTION`) VALUES (123, 123, '#203 Big Private room with private bathroom', '호스트123', '설명123', '개인실', 807921, 1, 7.4, 1, 2,1, '주방,무선 인터넷,에어컨');
INSERT INTO IMAGE (IMAGE_ID, ACCOMODATION_ID, IMAGE_URL) VALUES (2169, 123, 'https://a0.muscache.com/im/pictures/f8fe80c4-b348-4bbd-b561-4f976860c654.jpg?im_w=720');
INSERT INTO IMAGE (IMAGE_ID, ACCOMODATION_ID, IMAGE_URL) VALUES (2170, 123, 'https://a0.muscache.com/im/pictures/miso/Hosting-49694175/original/b6bd9029-e529-4c39-a8ff-94de54859dba.jpeg?im_w=720');
INSERT INTO IMAGE (IMAGE_ID, ACCOMODATION_ID, IMAGE_URL) VALUES (2171, 123, 'https://a0.muscache.com/im/pictures/miso/Hosting-49694175/original/9506e587-4f21-4d12-b47f-3ba523daee3c.jpeg?im_w=720');
INSERT INTO IMAGE (IMAGE_ID, ACCOMODATION_ID, IMAGE_URL) VALUES (2172, 123, 'https://a0.muscache.com/im/pictures/miso/Hosting-49694175/original/788ef890-a6eb-406b-b50a-57396cb38a09.jpeg?im_w=720');
INSERT INTO IMAGE (IMAGE_ID, ACCOMODATION_ID, IMAGE_URL) VALUES (2173, 123, 'https://a0.muscache.com/im/pictures/miso/Hosting-49694175/original/e728d88a-4759-422d-a7ea-e7afbe289a64.jpeg?im_w=720');
INSERT INTO IMAGE (IMAGE_ID, ACCOMODATION_ID, IMAGE_URL) VALUES (2174, 123, 'https://a0.muscache.com/im/pictures/miso/Hosting-49694175/original/0b556670-e21d-4c9b-832e-1a66e6a81db1.jpeg?im_w=720');
INSERT INTO IMAGE (IMAGE_ID, ACCOMODATION_ID, IMAGE_URL) VALUES (2175, 123, 'https://a0.muscache.com/im/pictures/miso/Hosting-49694175/original/806b488b-511c-485a-a103-331781a06bf7.jpeg?im_w=720');
INSERT INTO IMAGE (IMAGE_ID, ACCOMODATION_ID, IMAGE_URL) VALUES (2176, 123, 'https://a0.muscache.com/im/pictures/miso/Hosting-49694175/original/9d7829d5-40fa-444c-a59e-85873964c881.jpeg?im_w=720');
INSERT INTO IMAGE (IMAGE_ID, ACCOMODATION_ID, IMAGE_URL) VALUES (2177, 123, 'https://a0.muscache.com/im/pictures/miso/Hosting-49694175/original/7ac8d76a-cfc7-42fc-a152-6cac6903839a.jpeg?im_w=720');

INSERT INTO LOCATION (LOCATION_ID, LOCATION_NAME, COUNTRY, REGION, CITY, LATITUDE, LONGITUDE) VALUES (124, '지명124', ' 한국', ' 서울', '서대문구', 37.55946, 126.92943);
INSERT INTO ACCOMODATION (`ACCOMODATION_ID`, `LOCATION_ID`, `ACCOMODATION_NAME`, `HOST_NAME`, `DISCRIPTION`, `ACCOMODATION_TYPE`, `PRICE`, `MAXIMUM_OCCUPANCY`, `AVERAGE_POINT`, `BED_ROOM`, `BATH_ROOM`, `BED_COUNT`,`OPTION`) VALUES (124, 124, '#5 홍대입구역 도보 5분 조용하고 깔끔한 집', '호스트124', '설명124', '집 전체', 941803, 2, 2.0, 1, 1,1, '주방,무선 인터넷,에어컨,헤어드라이어');
INSERT INTO IMAGE (IMAGE_ID, ACCOMODATION_ID, IMAGE_URL) VALUES (2178, 124, 'https://a0.muscache.com/im/pictures/miso/Hosting-48110410/original/71f140ed-4a9a-4647-913a-ea782eaff4c6.jpeg?im_w=720');
INSERT INTO IMAGE (IMAGE_ID, ACCOMODATION_ID, IMAGE_URL) VALUES (2179, 124, 'https://a0.muscache.com/im/pictures/miso/Hosting-48110410/original/dd5178a9-684d-4af6-8e8f-92bf1444a631.jpeg?im_w=720');
INSERT INTO IMAGE (IMAGE_ID, ACCOMODATION_ID, IMAGE_URL) VALUES (2180, 124, 'https://a0.muscache.com/im/pictures/miso/Hosting-48110410/original/9ef42175-f802-4ebc-8157-340b44ddfa5b.jpeg?im_w=720');
INSERT INTO IMAGE (IMAGE_ID, ACCOMODATION_ID, IMAGE_URL) VALUES (2181, 124, 'https://a0.muscache.com/im/pictures/miso/Hosting-48110410/original/bb9ecbd9-05cb-4f52-9b75-78bc71d2d6de.jpeg?im_w=720');
INSERT INTO IMAGE (IMAGE_ID, ACCOMODATION_ID, IMAGE_URL) VALUES (2182, 124, 'https://a0.muscache.com/im/pictures/miso/Hosting-48110410/original/78da7e7b-838c-4165-9977-76f00f0778bd.jpeg?im_w=720');
INSERT INTO IMAGE (IMAGE_ID, ACCOMODATION_ID, IMAGE_URL) VALUES (2183, 124, 'https://a0.muscache.com/im/pictures/miso/Hosting-48110410/original/216a9177-8e75-4947-82dd-c5b21d650376.jpeg?im_w=720');
INSERT INTO IMAGE (IMAGE_ID, ACCOMODATION_ID, IMAGE_URL) VALUES (2184, 124, 'https://a0.muscache.com/im/pictures/miso/Hosting-48110410/original/b35ec9d3-1d14-4261-9557-b0086b93e53c.jpeg?im_w=720');
INSERT INTO IMAGE (IMAGE_ID, ACCOMODATION_ID, IMAGE_URL) VALUES (2185, 124, 'https://a0.muscache.com/im/pictures/miso/Hosting-48110410/original/6e589dc7-cf31-4c24-975a-b55159b72269.jpeg?im_w=720');
INSERT INTO IMAGE (IMAGE_ID, ACCOMODATION_ID, IMAGE_URL) VALUES (2186, 124, 'https://a0.muscache.com/im/pictures/miso/Hosting-48110410/original/148e4835-458a-4410-8a73-17f00ec2c636.jpeg?im_w=720');
INSERT INTO IMAGE (IMAGE_ID, ACCOMODATION_ID, IMAGE_URL) VALUES (2187, 124, 'https://a0.muscache.com/im/pictures/miso/Hosting-48110410/original/5c6fd97d-0ec8-443a-941a-39fad50302bf.jpeg?im_w=720');
INSERT INTO IMAGE (IMAGE_ID, ACCOMODATION_ID, IMAGE_URL) VALUES (2188, 124, 'https://a0.muscache.com/im/pictures/miso/Hosting-48110410/original/b198c6df-c537-40a1-a02d-46831f0145f2.jpeg?im_w=720');
INSERT INTO IMAGE (IMAGE_ID, ACCOMODATION_ID, IMAGE_URL) VALUES (2189, 124, 'https://a0.muscache.com/im/pictures/miso/Hosting-48110410/original/5f991d58-3ec8-4264-b042-1b3be96eb473.jpeg?im_w=720');
INSERT INTO IMAGE (IMAGE_ID, ACCOMODATION_ID, IMAGE_URL) VALUES (2190, 124, 'https://a0.muscache.com/im/pictures/miso/Hosting-48110410/original/77dde71a-0b44-41a1-90aa-6787d7843236.jpeg?im_w=720');

INSERT INTO LOCATION (LOCATION_ID, LOCATION_NAME, COUNTRY, REGION, CITY, LATITUDE, LONGITUDE) VALUES (125, '지명125', ' 서울', ' Mapo-gu', 'Seogyo-dong', 37.55527, 126.91922);
INSERT INTO ACCOMODATION (`ACCOMODATION_ID`, `LOCATION_ID`, `ACCOMODATION_NAME`, `HOST_NAME`, `DISCRIPTION`, `ACCOMODATION_TYPE`, `PRICE`, `MAXIMUM_OCCUPANCY`, `AVERAGE_POINT`, `BED_ROOM`, `BATH_ROOM`, `BED_COUNT`,`OPTION`) VALUES (125, 125, '편안하고 예쁜 홍대 서교동 숙소', '호스트125', '설명125', '집 전체', 225665, 2, 2.8, 1, 1,1, '주방,무선 인터넷,에어컨,헤어드라이어');
INSERT INTO IMAGE (IMAGE_ID, ACCOMODATION_ID, IMAGE_URL) VALUES (2191, 125, 'https://a0.muscache.com/im/pictures/miso/Hosting-43709223/original/9ed0cc5d-d456-426c-8f98-d5981ae8acdb.jpeg?im_w=720');
INSERT INTO IMAGE (IMAGE_ID, ACCOMODATION_ID, IMAGE_URL) VALUES (2192, 125, 'https://a0.muscache.com/im/pictures/miso/Hosting-43709223/original/f1ac537c-b64b-426b-bddd-e6cdeb3b84dc.jpeg?im_w=720');
INSERT INTO IMAGE (IMAGE_ID, ACCOMODATION_ID, IMAGE_URL) VALUES (2193, 125, 'https://a0.muscache.com/im/pictures/miso/Hosting-43709223/original/2a359438-c66e-4b87-a196-486b96ebe660.jpeg?im_w=720');
INSERT INTO IMAGE (IMAGE_ID, ACCOMODATION_ID, IMAGE_URL) VALUES (2194, 125, 'https://a0.muscache.com/im/pictures/miso/Hosting-43709223/original/70ddc5f6-4c70-4521-bea4-3cc9a8a50330.jpeg?im_w=720');
INSERT INTO IMAGE (IMAGE_ID, ACCOMODATION_ID, IMAGE_URL) VALUES (2195, 125, 'https://a0.muscache.com/im/pictures/594efb6c-55b9-44b8-8945-2da458514801.jpg?im_w=720');
INSERT INTO IMAGE (IMAGE_ID, ACCOMODATION_ID, IMAGE_URL) VALUES (2196, 125, 'https://a0.muscache.com/im/pictures/miso/Hosting-43709223/original/050237e9-07d2-4030-a3e9-5c5e9cca515a.jpeg?im_w=720');
INSERT INTO IMAGE (IMAGE_ID, ACCOMODATION_ID, IMAGE_URL) VALUES (2197, 125, 'https://a0.muscache.com/im/pictures/7a604987-0a81-4806-b448-65dc008bac41.jpg?im_w=720');
INSERT INTO IMAGE (IMAGE_ID, ACCOMODATION_ID, IMAGE_URL) VALUES (2198, 125, 'https://a0.muscache.com/im/pictures/9bf36e1f-ac5b-49d2-be2b-fa29d76f54ee.jpg?im_w=720');
INSERT INTO IMAGE (IMAGE_ID, ACCOMODATION_ID, IMAGE_URL) VALUES (2199, 125, 'https://a0.muscache.com/im/pictures/df75909e-29b6-4969-8953-5cf802da289e.jpg?im_w=720');
INSERT INTO IMAGE (IMAGE_ID, ACCOMODATION_ID, IMAGE_URL) VALUES (2200, 125, 'https://a0.muscache.com/im/pictures/1fe94716-7f79-42eb-a43c-a6d77c9c1957.jpg?im_w=720');

INSERT INTO LOCATION (LOCATION_ID, LOCATION_NAME, COUNTRY, REGION, CITY, LATITUDE, LONGITUDE) VALUES (126, '지명126', ' 서울', ' Seodaemun-gu', 'Sinchon-dong', 37.559452, 126.927826);
INSERT INTO ACCOMODATION (`ACCOMODATION_ID`, `LOCATION_ID`, `ACCOMODATION_NAME`, `HOST_NAME`, `DISCRIPTION`, `ACCOMODATION_TYPE`, `PRICE`, `MAXIMUM_OCCUPANCY`, `AVERAGE_POINT`, `BED_ROOM`, `BATH_ROOM`, `BED_COUNT`,`OPTION`) VALUES (126, 126, 'Hongdae Station Exit4.Small & Private barh room #3', '호스트126', '설명126', '개인실', 755855, 2, 0.5, 1, 1,1, '주방,무선 인터넷,에어컨,헤어드라이어');
INSERT INTO IMAGE (IMAGE_ID, ACCOMODATION_ID, IMAGE_URL) VALUES (2201, 126, 'https://a0.muscache.com/im/pictures/miso/Hosting-50055882/original/f825a477-e039-4642-b14d-261d627e6c44.png?im_w=720');
INSERT INTO IMAGE (IMAGE_ID, ACCOMODATION_ID, IMAGE_URL) VALUES (2202, 126, 'https://a0.muscache.com/im/pictures/75f96678-e995-4073-a7f6-caf1386e3f44.jpg?im_w=720');
INSERT INTO IMAGE (IMAGE_ID, ACCOMODATION_ID, IMAGE_URL) VALUES (2203, 126, 'https://a0.muscache.com/im/pictures/miso/Hosting-50055882/original/b18f72d6-7b92-4ef6-bbb8-03e4ac6d11df.png?im_w=720');
INSERT INTO IMAGE (IMAGE_ID, ACCOMODATION_ID, IMAGE_URL) VALUES (2204, 126, 'https://a0.muscache.com/im/pictures/miso/Hosting-50055882/original/4881176e-afbd-4818-a183-d30340704f1d.png?im_w=720');
INSERT INTO IMAGE (IMAGE_ID, ACCOMODATION_ID, IMAGE_URL) VALUES (2205, 126, 'https://a0.muscache.com/im/pictures/miso/Hosting-50055882/original/44609a56-2067-4d67-9654-a728b97e4572.png?im_w=720');
INSERT INTO IMAGE (IMAGE_ID, ACCOMODATION_ID, IMAGE_URL) VALUES (2206, 126, 'https://a0.muscache.com/im/pictures/miso/Hosting-50055882/original/f5174889-226f-4d40-a519-3e21d97a5f97.png?im_w=720');
INSERT INTO IMAGE (IMAGE_ID, ACCOMODATION_ID, IMAGE_URL) VALUES (2207, 126, 'https://a0.muscache.com/im/pictures/miso/Hosting-50055882/original/f6b9264d-176c-4da8-8fc6-833c64fe6dcd.png?im_w=720');
INSERT INTO IMAGE (IMAGE_ID, ACCOMODATION_ID, IMAGE_URL) VALUES (2208, 126, 'https://a0.muscache.com/im/pictures/miso/Hosting-50055882/original/151b72a1-dbbc-4afd-b84c-b832ef0d4854.png?im_w=720');
INSERT INTO IMAGE (IMAGE_ID, ACCOMODATION_ID, IMAGE_URL) VALUES (2209, 126, 'https://a0.muscache.com/im/pictures/miso/Hosting-50055882/original/a9dadace-36be-40da-9d50-59b1e8bd0602.png?im_w=720');
INSERT INTO IMAGE (IMAGE_ID, ACCOMODATION_ID, IMAGE_URL) VALUES (2210, 126, 'https://a0.muscache.com/im/pictures/miso/Hosting-50055882/original/65d22cbd-4f15-41f3-aa07-8c0b336c0550.png?im_w=720');
INSERT INTO IMAGE (IMAGE_ID, ACCOMODATION_ID, IMAGE_URL) VALUES (2211, 126, 'https://a0.muscache.com/im/pictures/miso/Hosting-50055882/original/66d069e2-b314-40a8-aaba-c2e9ecad211d.png?im_w=720');
INSERT INTO IMAGE (IMAGE_ID, ACCOMODATION_ID, IMAGE_URL) VALUES (2212, 126, 'https://a0.muscache.com/im/pictures/miso/Hosting-50055882/original/05065458-a347-4ad4-95aa-02c20c158425.png?im_w=720');
INSERT INTO IMAGE (IMAGE_ID, ACCOMODATION_ID, IMAGE_URL) VALUES (2213, 126, 'https://a0.muscache.com/im/pictures/miso/Hosting-50055882/original/aa75c2b7-5c6c-4d1f-aa53-29efe31d2a23.png?im_w=720');
INSERT INTO IMAGE (IMAGE_ID, ACCOMODATION_ID, IMAGE_URL) VALUES (2214, 126, 'https://a0.muscache.com/im/pictures/miso/Hosting-50055882/original/604778de-1018-459d-8398-14c478c3ee2f.png?im_w=720');
INSERT INTO IMAGE (IMAGE_ID, ACCOMODATION_ID, IMAGE_URL) VALUES (2215, 126, 'https://a0.muscache.com/im/pictures/miso/Hosting-50055882/original/f116b5c8-d956-48b8-aba9-55fefc495a8a.png?im_w=720');
INSERT INTO IMAGE (IMAGE_ID, ACCOMODATION_ID, IMAGE_URL) VALUES (2216, 126, 'https://a0.muscache.com/im/pictures/miso/Hosting-50055882/original/cf7fe8f8-5aef-4018-90ba-3ecb87815480.png?im_w=720');
INSERT INTO IMAGE (IMAGE_ID, ACCOMODATION_ID, IMAGE_URL) VALUES (2217, 126, 'https://a0.muscache.com/im/pictures/miso/Hosting-50055882/original/0da896b8-7b80-44c3-8802-a616c363b03a.png?im_w=720');
INSERT INTO IMAGE (IMAGE_ID, ACCOMODATION_ID, IMAGE_URL) VALUES (2218, 126, 'https://a0.muscache.com/im/pictures/miso/Hosting-50055882/original/fc44f632-78d0-4b1e-97d5-c9411c8818af.png?im_w=720');
INSERT INTO IMAGE (IMAGE_ID, ACCOMODATION_ID, IMAGE_URL) VALUES (2219, 126, 'https://a0.muscache.com/im/pictures/miso/Hosting-50055882/original/f716a7fb-019f-43d7-bc31-8415bb7de0e8.png?im_w=720');
INSERT INTO IMAGE (IMAGE_ID, ACCOMODATION_ID, IMAGE_URL) VALUES (2220, 126, 'https://a0.muscache.com/im/pictures/miso/Hosting-50055882/original/df79aead-5a63-42fa-b6b2-25799d15056e.png?im_w=720');
INSERT INTO IMAGE (IMAGE_ID, ACCOMODATION_ID, IMAGE_URL) VALUES (2221, 126, 'https://a0.muscache.com/im/pictures/miso/Hosting-50055882/original/35a7ca20-0bb4-4b88-b039-aad9bec41050.png?im_w=720');

INSERT INTO LOCATION (LOCATION_ID, LOCATION_NAME, COUNTRY, REGION, CITY, LATITUDE, LONGITUDE) VALUES (127, '지명127', ' 한국', ' 서울', '마포구', 37.56195, 126.92629);
INSERT INTO ACCOMODATION (`ACCOMODATION_ID`, `LOCATION_ID`, `ACCOMODATION_NAME`, `HOST_NAME`, `DISCRIPTION`, `ACCOMODATION_TYPE`, `PRICE`, `MAXIMUM_OCCUPANCY`, `AVERAGE_POINT`, `BED_ROOM`, `BATH_ROOM`, `BED_COUNT`,`OPTION`) VALUES (127, 127, 'BB 홍대 Private Room(트윈룸)', '호스트127', '설명127', '개인실', 690356, 2, 9.6, 1, 1,1, '주방,무선 인터넷,에어컨,헤어드라이어');
INSERT INTO IMAGE (IMAGE_ID, ACCOMODATION_ID, IMAGE_URL) VALUES (2222, 127, 'https://a0.muscache.com/im/pictures/80887b82-9fca-4de5-b970-a9a6715b1948.jpg?im_w=720');
INSERT INTO IMAGE (IMAGE_ID, ACCOMODATION_ID, IMAGE_URL) VALUES (2223, 127, 'https://a0.muscache.com/im/pictures/92941ec8-8522-4501-9237-d451c8af4617.jpg?im_w=720');
INSERT INTO IMAGE (IMAGE_ID, ACCOMODATION_ID, IMAGE_URL) VALUES (2224, 127, 'https://a0.muscache.com/im/pictures/56ffb106-d1c2-41cc-b726-b158ff076007.jpg?im_w=720');
INSERT INTO IMAGE (IMAGE_ID, ACCOMODATION_ID, IMAGE_URL) VALUES (2225, 127, 'https://a0.muscache.com/im/pictures/591791f7-f4ad-4719-b8d5-b487fe6fc8c5.jpg?im_w=720');
INSERT INTO IMAGE (IMAGE_ID, ACCOMODATION_ID, IMAGE_URL) VALUES (2226, 127, 'https://a0.muscache.com/im/pictures/d095000c-2e0a-40b1-9447-f29b6a92cfbd.jpg?im_w=720');
INSERT INTO IMAGE (IMAGE_ID, ACCOMODATION_ID, IMAGE_URL) VALUES (2227, 127, 'https://a0.muscache.com/im/pictures/ce004f02-b3d2-4423-9c1f-a1bdecf20892.jpg?im_w=720');
INSERT INTO IMAGE (IMAGE_ID, ACCOMODATION_ID, IMAGE_URL) VALUES (2228, 127, 'https://a0.muscache.com/im/pictures/37064e63-dd48-4599-956c-067b42ccb832.jpg?im_w=720');
INSERT INTO IMAGE (IMAGE_ID, ACCOMODATION_ID, IMAGE_URL) VALUES (2229, 127, 'https://a0.muscache.com/im/pictures/eb78737a-6102-4503-aae0-88e81232dd5a.jpg?im_w=720');
INSERT INTO IMAGE (IMAGE_ID, ACCOMODATION_ID, IMAGE_URL) VALUES (2230, 127, 'https://a0.muscache.com/im/pictures/2f96a896-e693-4a12-987d-7b0761d451a8.jpg?im_w=720');
INSERT INTO IMAGE (IMAGE_ID, ACCOMODATION_ID, IMAGE_URL) VALUES (2231, 127, 'https://a0.muscache.com/im/pictures/6ca3f506-b379-467c-9709-bd2f721c1299.jpg?im_w=720');
INSERT INTO IMAGE (IMAGE_ID, ACCOMODATION_ID, IMAGE_URL) VALUES (2232, 127, 'https://a0.muscache.com/im/pictures/f69a47f7-c558-47bd-866a-84716b600f21.jpg?im_w=720');
INSERT INTO IMAGE (IMAGE_ID, ACCOMODATION_ID, IMAGE_URL) VALUES (2233, 127, 'https://a0.muscache.com/im/pictures/5ebd3b2c-2632-45e3-9b9d-2371f33fdb1d.jpg?im_w=720');
INSERT INTO IMAGE (IMAGE_ID, ACCOMODATION_ID, IMAGE_URL) VALUES (2234, 127, 'https://a0.muscache.com/im/pictures/68d52fba-dbf5-4061-9e97-2cd327a7b7ba.jpg?im_w=720');
INSERT INTO IMAGE (IMAGE_ID, ACCOMODATION_ID, IMAGE_URL) VALUES (2235, 127, 'https://a0.muscache.com/im/pictures/afc75557-fb3b-428a-9fec-5afce2b1b89d.jpg?im_w=720');
INSERT INTO IMAGE (IMAGE_ID, ACCOMODATION_ID, IMAGE_URL) VALUES (2236, 127, 'https://a0.muscache.com/im/pictures/7ad6cd1d-9c10-44c1-9eb5-2b5e269bb048.jpg?im_w=720');
INSERT INTO IMAGE (IMAGE_ID, ACCOMODATION_ID, IMAGE_URL) VALUES (2237, 127, 'https://a0.muscache.com/im/pictures/f5835920-83bd-40b2-bbfc-b892cd398762.jpg?im_w=720');

INSERT INTO LOCATION (LOCATION_ID, LOCATION_NAME, COUNTRY, REGION, CITY, LATITUDE, LONGITUDE) VALUES (128, '지명128', ' 서울', ' Mapo-gu', 'Seogyo-dong', 37.55576, 126.92478);
INSERT INTO ACCOMODATION (`ACCOMODATION_ID`, `LOCATION_ID`, `ACCOMODATION_NAME`, `HOST_NAME`, `DISCRIPTION`, `ACCOMODATION_TYPE`, `PRICE`, `MAXIMUM_OCCUPANCY`, `AVERAGE_POINT`, `BED_ROOM`, `BATH_ROOM`, `BED_COUNT`,`OPTION`) VALUES (128, 128, 'Butler House #3', '호스트128', '설명128', '집 전체', 18899, 2, 7.0, 1, 1,1, '주방,무선 인터넷,에어컨,헤어드라이어');
INSERT INTO IMAGE (IMAGE_ID, ACCOMODATION_ID, IMAGE_URL) VALUES (2238, 128, 'https://a0.muscache.com/im/pictures/0c3784e4-53d7-4ced-9daa-7626b44c3336.jpg?im_w=720');
INSERT INTO IMAGE (IMAGE_ID, ACCOMODATION_ID, IMAGE_URL) VALUES (2239, 128, 'https://a0.muscache.com/im/pictures/889b8b7a-d242-48c5-b2f0-ae847bcf0df1.jpg?im_w=720');
INSERT INTO IMAGE (IMAGE_ID, ACCOMODATION_ID, IMAGE_URL) VALUES (2240, 128, 'https://a0.muscache.com/im/pictures/074818b8-b3f1-440a-b663-cce3607221df.jpg?im_w=720');
INSERT INTO IMAGE (IMAGE_ID, ACCOMODATION_ID, IMAGE_URL) VALUES (2241, 128, 'https://a0.muscache.com/im/pictures/99fff857-35b1-4fa7-970e-3a75d0d3cdbb.jpg?im_w=720');
INSERT INTO IMAGE (IMAGE_ID, ACCOMODATION_ID, IMAGE_URL) VALUES (2242, 128, 'https://a0.muscache.com/im/pictures/ac423dcf-5048-4be8-b4e2-e9826d90ae95.jpg?im_w=720');
INSERT INTO IMAGE (IMAGE_ID, ACCOMODATION_ID, IMAGE_URL) VALUES (2243, 128, 'https://a0.muscache.com/im/pictures/f6bb5774-9e9e-49bf-bdcd-c01f6eeae541.jpg?im_w=720');
INSERT INTO IMAGE (IMAGE_ID, ACCOMODATION_ID, IMAGE_URL) VALUES (2244, 128, 'https://a0.muscache.com/im/pictures/2c5bfa17-d8a7-4d43-be3a-c379cf0ce42f.jpg?im_w=720');
INSERT INTO IMAGE (IMAGE_ID, ACCOMODATION_ID, IMAGE_URL) VALUES (2245, 128, 'https://a0.muscache.com/im/pictures/6e587134-45b7-4e44-8e84-b58f72fd765a.jpg?im_w=720');
INSERT INTO IMAGE (IMAGE_ID, ACCOMODATION_ID, IMAGE_URL) VALUES (2246, 128, 'https://a0.muscache.com/im/pictures/383871a0-9128-47f2-ac62-9275f0d4aa76.jpg?im_w=720');
INSERT INTO IMAGE (IMAGE_ID, ACCOMODATION_ID, IMAGE_URL) VALUES (2247, 128, 'https://a0.muscache.com/im/pictures/745cee3b-1569-4790-8d3b-10aa0d653046.jpg?im_w=720');
INSERT INTO IMAGE (IMAGE_ID, ACCOMODATION_ID, IMAGE_URL) VALUES (2248, 128, 'https://a0.muscache.com/im/pictures/3c79595a-9e45-4a0f-b074-f7b65adb09e2.jpg?im_w=720');
INSERT INTO IMAGE (IMAGE_ID, ACCOMODATION_ID, IMAGE_URL) VALUES (2249, 128, 'https://a0.muscache.com/im/pictures/e4feb7b0-3ad2-4a1d-988c-b2f9ff5e3ccb.jpg?im_w=720');
INSERT INTO IMAGE (IMAGE_ID, ACCOMODATION_ID, IMAGE_URL) VALUES (2250, 128, 'https://a0.muscache.com/im/pictures/53bfde4e-8cf8-4ddf-a09d-1bff8cf99e22.jpg?im_w=720');

INSERT INTO LOCATION (LOCATION_ID, LOCATION_NAME, COUNTRY, REGION, CITY, LATITUDE, LONGITUDE) VALUES (129, '지명129', ' 서울', ' Mapo-gu', 'Seogyo-dong', 37.55213, 126.92305);
INSERT INTO ACCOMODATION (`ACCOMODATION_ID`, `LOCATION_ID`, `ACCOMODATION_NAME`, `HOST_NAME`, `DISCRIPTION`, `ACCOMODATION_TYPE`, `PRICE`, `MAXIMUM_OCCUPANCY`, `AVERAGE_POINT`, `BED_ROOM`, `BATH_ROOM`, `BED_COUNT`,`OPTION`) VALUES (129, 129, 'H Cozy House 201 -1min to Hongik Uni', '호스트129', '설명129', '집 전체', 380531, 4, 3.3, 1, 1,1, '주방,무선 인터넷,에어컨,헤어드라이어');
INSERT INTO IMAGE (IMAGE_ID, ACCOMODATION_ID, IMAGE_URL) VALUES (2251, 129, 'https://a0.muscache.com/im/pictures/c21f69b0-bcab-4636-9e5b-59e0114cd5cd.jpg?im_w=720');
INSERT INTO IMAGE (IMAGE_ID, ACCOMODATION_ID, IMAGE_URL) VALUES (2252, 129, 'https://a0.muscache.com/im/pictures/df49d53b-a8be-4305-bcb1-10cc2a3c6a77.jpg?im_w=720');
INSERT INTO IMAGE (IMAGE_ID, ACCOMODATION_ID, IMAGE_URL) VALUES (2253, 129, 'https://a0.muscache.com/im/pictures/5186c3d4-491e-419b-86e0-ed5ae82292f6.jpg?im_w=720');
INSERT INTO IMAGE (IMAGE_ID, ACCOMODATION_ID, IMAGE_URL) VALUES (2254, 129, 'https://a0.muscache.com/im/pictures/2b7ec04c-a7eb-407c-a7f0-ce97a8ca5b22.jpg?im_w=720');
INSERT INTO IMAGE (IMAGE_ID, ACCOMODATION_ID, IMAGE_URL) VALUES (2255, 129, 'https://a0.muscache.com/im/pictures/de7ff84d-4760-438a-91a2-64c6f6ddc99d.jpg?im_w=720');
INSERT INTO IMAGE (IMAGE_ID, ACCOMODATION_ID, IMAGE_URL) VALUES (2256, 129, 'https://a0.muscache.com/im/pictures/2c63b0ca-7a10-4fa9-83f8-135c67af4014.jpg?im_w=720');
INSERT INTO IMAGE (IMAGE_ID, ACCOMODATION_ID, IMAGE_URL) VALUES (2257, 129, 'https://a0.muscache.com/im/pictures/d54cbaf5-7c3e-4cf7-ae14-d938ae279e54.jpg?im_w=720');
INSERT INTO IMAGE (IMAGE_ID, ACCOMODATION_ID, IMAGE_URL) VALUES (2258, 129, 'https://a0.muscache.com/im/pictures/b6a88add-b140-43bb-984d-8b1a4043a885.jpg?im_w=720');
INSERT INTO IMAGE (IMAGE_ID, ACCOMODATION_ID, IMAGE_URL) VALUES (2259, 129, 'https://a0.muscache.com/im/pictures/e1fabf2a-faba-4116-ba7b-9e2a5c588cd4.jpg?im_w=720');
INSERT INTO IMAGE (IMAGE_ID, ACCOMODATION_ID, IMAGE_URL) VALUES (2260, 129, 'https://a0.muscache.com/im/pictures/99e3ea14-ab22-49b6-b6c2-40a0389e835a.jpg?im_w=720');
INSERT INTO IMAGE (IMAGE_ID, ACCOMODATION_ID, IMAGE_URL) VALUES (2261, 129, 'https://a0.muscache.com/im/pictures/d1096e08-2154-4d4d-9e5e-41e60b82cd3c.jpg?im_w=720');
INSERT INTO IMAGE (IMAGE_ID, ACCOMODATION_ID, IMAGE_URL) VALUES (2262, 129, 'https://a0.muscache.com/im/pictures/f88e494d-3b18-4e75-b683-1c26149f1c76.jpg?im_w=720');
INSERT INTO IMAGE (IMAGE_ID, ACCOMODATION_ID, IMAGE_URL) VALUES (2263, 129, 'https://a0.muscache.com/im/pictures/0e473beb-7570-4302-8646-d60535b3dbe2.jpg?im_w=720');
INSERT INTO IMAGE (IMAGE_ID, ACCOMODATION_ID, IMAGE_URL) VALUES (2264, 129, 'https://a0.muscache.com/im/pictures/6b94d796-8df6-43c8-ae04-35540a1e9af2.jpg?im_w=720');
INSERT INTO IMAGE (IMAGE_ID, ACCOMODATION_ID, IMAGE_URL) VALUES (2265, 129, 'https://a0.muscache.com/im/pictures/6757ffe2-8415-44c8-9366-1648616fa6fa.jpg?im_w=720');
INSERT INTO IMAGE (IMAGE_ID, ACCOMODATION_ID, IMAGE_URL) VALUES (2266, 129, 'https://a0.muscache.com/im/pictures/2e674058-cb8c-4348-88b6-5b511bd528e9.jpg?im_w=720');
INSERT INTO IMAGE (IMAGE_ID, ACCOMODATION_ID, IMAGE_URL) VALUES (2267, 129, 'https://a0.muscache.com/im/pictures/56568195-0eef-406b-b7b0-cde27804e997.jpg?im_w=720');
INSERT INTO IMAGE (IMAGE_ID, ACCOMODATION_ID, IMAGE_URL) VALUES (2268, 129, 'https://a0.muscache.com/im/pictures/ba2e982b-85fb-4265-802f-6bda6c14eaf6.jpg?im_w=720');
INSERT INTO IMAGE (IMAGE_ID, ACCOMODATION_ID, IMAGE_URL) VALUES (2269, 129, 'https://a0.muscache.com/im/pictures/be308d54-e0a1-4d88-82e1-e9291b41e732.jpg?im_w=720');
INSERT INTO IMAGE (IMAGE_ID, ACCOMODATION_ID, IMAGE_URL) VALUES (2270, 129, 'https://a0.muscache.com/im/pictures/8e6721d2-2bac-4cd5-a1d7-45575820e32b.jpg?im_w=720');
INSERT INTO IMAGE (IMAGE_ID, ACCOMODATION_ID, IMAGE_URL) VALUES (2271, 129, 'https://a0.muscache.com/im/pictures/0b12c7c1-a81d-43dd-9e4a-41913923e94e.jpg?im_w=720');
INSERT INTO IMAGE (IMAGE_ID, ACCOMODATION_ID, IMAGE_URL) VALUES (2272, 129, 'https://a0.muscache.com/im/pictures/53dd9f49-be13-4330-b413-f25d0b885549.jpg?im_w=720');
INSERT INTO IMAGE (IMAGE_ID, ACCOMODATION_ID, IMAGE_URL) VALUES (2273, 129, 'https://a0.muscache.com/im/pictures/2ef748c1-7185-4070-b353-dcf9ca926496.jpg?im_w=720');
INSERT INTO IMAGE (IMAGE_ID, ACCOMODATION_ID, IMAGE_URL) VALUES (2274, 129, 'https://a0.muscache.com/im/pictures/0e7d2414-f460-4997-96a0-45b5f0fd79c9.jpg?im_w=720');
INSERT INTO IMAGE (IMAGE_ID, ACCOMODATION_ID, IMAGE_URL) VALUES (2275, 129, 'https://a0.muscache.com/im/pictures/6397325a-e5d6-41e2-8a49-4c97effead69.jpg?im_w=720');
INSERT INTO IMAGE (IMAGE_ID, ACCOMODATION_ID, IMAGE_URL) VALUES (2276, 129, 'https://a0.muscache.com/im/pictures/be9b18c9-9ec5-43de-bf3a-8468f098e2d9.jpg?im_w=720');
INSERT INTO IMAGE (IMAGE_ID, ACCOMODATION_ID, IMAGE_URL) VALUES (2277, 129, 'https://a0.muscache.com/im/pictures/b5d036f0-7e14-435a-b267-8f7178b7db86.jpg?im_w=720');
INSERT INTO IMAGE (IMAGE_ID, ACCOMODATION_ID, IMAGE_URL) VALUES (2278, 129, 'https://a0.muscache.com/im/pictures/af689beb-65e0-483e-9938-0e999b17fb1f.jpg?im_w=720');
INSERT INTO IMAGE (IMAGE_ID, ACCOMODATION_ID, IMAGE_URL) VALUES (2279, 129, 'https://a0.muscache.com/im/pictures/dbca2c96-1baf-46dd-8069-d42406335315.jpg?im_w=720');
INSERT INTO IMAGE (IMAGE_ID, ACCOMODATION_ID, IMAGE_URL) VALUES (2280, 129, 'https://a0.muscache.com/im/pictures/a677854e-ea47-4bb4-9df9-da02526aa9cd.jpg?im_w=720');

INSERT INTO LOCATION (LOCATION_ID, LOCATION_NAME, COUNTRY, REGION, CITY, LATITUDE, LONGITUDE) VALUES (130, '지명130', ' 서울', ' Mapo-gu', 'Seogyo-dong', 37.55023, 126.91453);
INSERT INTO ACCOMODATION (`ACCOMODATION_ID`, `LOCATION_ID`, `ACCOMODATION_NAME`, `HOST_NAME`, `DISCRIPTION`, `ACCOMODATION_TYPE`, `PRICE`, `MAXIMUM_OCCUPANCY`, `AVERAGE_POINT`, `BED_ROOM`, `BATH_ROOM`, `BED_COUNT`,`OPTION`) VALUES (130, 130, '★OPENSALE★Hongdae&Hapjeong high river veiw studio', '호스트130', '설명130', '집 전체', 248210, 3, 7.3, 1, 1,1, '주방,무선 인터넷,에어컨,헤어드라이어');
INSERT INTO IMAGE (IMAGE_ID, ACCOMODATION_ID, IMAGE_URL) VALUES (2281, 130, 'https://a0.muscache.com/im/pictures/c5fc8b22-a441-42cd-abaf-4542801ff4d9.jpg?im_w=720');
INSERT INTO IMAGE (IMAGE_ID, ACCOMODATION_ID, IMAGE_URL) VALUES (2282, 130, 'https://a0.muscache.com/im/pictures/8bd149a5-ead8-4c08-8c4b-98bc428c14f2.jpg?im_w=720');
INSERT INTO IMAGE (IMAGE_ID, ACCOMODATION_ID, IMAGE_URL) VALUES (2283, 130, 'https://a0.muscache.com/im/pictures/3bda8383-36ae-4cb4-8d4e-06c936495cc6.jpg?im_w=720');
INSERT INTO IMAGE (IMAGE_ID, ACCOMODATION_ID, IMAGE_URL) VALUES (2284, 130, 'https://a0.muscache.com/im/pictures/f5b9e468-8f6b-4947-8f8a-be3d9af40c38.jpg?im_w=720');
INSERT INTO IMAGE (IMAGE_ID, ACCOMODATION_ID, IMAGE_URL) VALUES (2285, 130, 'https://a0.muscache.com/im/pictures/b27e39f9-46cf-48ae-8f8b-1dc926f545f0.jpg?im_w=720');
INSERT INTO IMAGE (IMAGE_ID, ACCOMODATION_ID, IMAGE_URL) VALUES (2286, 130, 'https://a0.muscache.com/im/pictures/77f258e6-5373-4edd-baa1-cb3df633baf7.jpg?im_w=720');
INSERT INTO IMAGE (IMAGE_ID, ACCOMODATION_ID, IMAGE_URL) VALUES (2287, 130, 'https://a0.muscache.com/im/pictures/a164f881-5ccf-493e-b8bf-56078a76509f.jpg?im_w=720');
INSERT INTO IMAGE (IMAGE_ID, ACCOMODATION_ID, IMAGE_URL) VALUES (2288, 130, 'https://a0.muscache.com/im/pictures/b7c69348-b2e1-43a6-9090-e15c51537edd.jpg?im_w=720');
INSERT INTO IMAGE (IMAGE_ID, ACCOMODATION_ID, IMAGE_URL) VALUES (2289, 130, 'https://a0.muscache.com/im/pictures/e17c27c9-9752-4dcf-b150-03b610718ab5.jpg?im_w=720');
INSERT INTO IMAGE (IMAGE_ID, ACCOMODATION_ID, IMAGE_URL) VALUES (2290, 130, 'https://a0.muscache.com/im/pictures/74f2f7cc-5aaf-4133-93ff-49cd35a75779.jpg?im_w=720');
INSERT INTO IMAGE (IMAGE_ID, ACCOMODATION_ID, IMAGE_URL) VALUES (2291, 130, 'https://a0.muscache.com/im/pictures/0837af9f-00ed-42b2-8364-887416326670.jpg?im_w=720');
INSERT INTO IMAGE (IMAGE_ID, ACCOMODATION_ID, IMAGE_URL) VALUES (2292, 130, 'https://a0.muscache.com/im/pictures/202136e9-3186-4faf-b2f2-f93f9795e0a9.jpg?im_w=720');
INSERT INTO IMAGE (IMAGE_ID, ACCOMODATION_ID, IMAGE_URL) VALUES (2293, 130, 'https://a0.muscache.com/im/pictures/73bfccbe-6e10-44f5-abf3-93c867b20d8d.jpg?im_w=720');

INSERT INTO LOCATION (LOCATION_ID, LOCATION_NAME, COUNTRY, REGION, CITY, LATITUDE, LONGITUDE) VALUES (131, '지명131', ' 서울', ' Mapo-gu', 'Yeonnam-dong', 37.56231, 126.9241);
INSERT INTO ACCOMODATION (`ACCOMODATION_ID`, `LOCATION_ID`, `ACCOMODATION_NAME`, `HOST_NAME`, `DISCRIPTION`, `ACCOMODATION_TYPE`, `PRICE`, `MAXIMUM_OCCUPANCY`, `AVERAGE_POINT`, `BED_ROOM`, `BATH_ROOM`, `BED_COUNT`,`OPTION`) VALUES (131, 131, 'BB 홍대 Private Room(싱글룸)', '호스트131', '설명131', '개인실', 478364, 1, 9.7, 1, 1,1, '주방,무선 인터넷,에어컨,헤어드라이어');
INSERT INTO IMAGE (IMAGE_ID, ACCOMODATION_ID, IMAGE_URL) VALUES (2294, 131, 'https://a0.muscache.com/im/pictures/004b2d92-0cb2-4fda-8f9f-c395e1541c06.jpg?im_w=720');
INSERT INTO IMAGE (IMAGE_ID, ACCOMODATION_ID, IMAGE_URL) VALUES (2295, 131, 'https://a0.muscache.com/im/pictures/920385e6-d22f-4008-8630-6871abc8d529.jpg?im_w=720');
INSERT INTO IMAGE (IMAGE_ID, ACCOMODATION_ID, IMAGE_URL) VALUES (2296, 131, 'https://a0.muscache.com/im/pictures/aff5839a-a8d8-429e-a9a4-cb9140990ac1.jpg?im_w=720');
INSERT INTO IMAGE (IMAGE_ID, ACCOMODATION_ID, IMAGE_URL) VALUES (2297, 131, 'https://a0.muscache.com/im/pictures/cc3ccba1-d944-4b6f-9b48-f89b0b87e64c.jpg?im_w=720');
INSERT INTO IMAGE (IMAGE_ID, ACCOMODATION_ID, IMAGE_URL) VALUES (2298, 131, 'https://a0.muscache.com/im/pictures/ac2121f4-23b5-4787-90a1-a77bce6a6521.jpg?im_w=720');
INSERT INTO IMAGE (IMAGE_ID, ACCOMODATION_ID, IMAGE_URL) VALUES (2299, 131, 'https://a0.muscache.com/im/pictures/a240b58d-c31c-44a8-ba45-ecbb86952174.jpg?im_w=720');
INSERT INTO IMAGE (IMAGE_ID, ACCOMODATION_ID, IMAGE_URL) VALUES (2300, 131, 'https://a0.muscache.com/im/pictures/6f10ab9e-578e-4980-9938-30b22a628412.jpg?im_w=720');
INSERT INTO IMAGE (IMAGE_ID, ACCOMODATION_ID, IMAGE_URL) VALUES (2301, 131, 'https://a0.muscache.com/im/pictures/4a64fb5c-b175-4489-85fe-16861bba0cfb.jpg?im_w=720');
INSERT INTO IMAGE (IMAGE_ID, ACCOMODATION_ID, IMAGE_URL) VALUES (2302, 131, 'https://a0.muscache.com/im/pictures/cee69d3b-868b-484d-b54d-9e2fe0c0ca77.jpg?im_w=720');
INSERT INTO IMAGE (IMAGE_ID, ACCOMODATION_ID, IMAGE_URL) VALUES (2303, 131, 'https://a0.muscache.com/im/pictures/981464de-1127-435b-869b-9bbc59287a36.jpg?im_w=720');
INSERT INTO IMAGE (IMAGE_ID, ACCOMODATION_ID, IMAGE_URL) VALUES (2304, 131, 'https://a0.muscache.com/im/pictures/b9128831-e761-4b6b-af87-8b9ed37c7a81.jpg?im_w=720');
INSERT INTO IMAGE (IMAGE_ID, ACCOMODATION_ID, IMAGE_URL) VALUES (2305, 131, 'https://a0.muscache.com/im/pictures/1976ad53-3aa3-439b-b259-337c79de4260.jpg?im_w=720');
INSERT INTO IMAGE (IMAGE_ID, ACCOMODATION_ID, IMAGE_URL) VALUES (2306, 131, 'https://a0.muscache.com/im/pictures/ee238b63-5b69-4aed-ac2b-a5bed557c535.jpg?im_w=720');
INSERT INTO IMAGE (IMAGE_ID, ACCOMODATION_ID, IMAGE_URL) VALUES (2307, 131, 'https://a0.muscache.com/im/pictures/3bf5ec4a-48ec-415f-870c-d46ed943f622.jpg?im_w=720');
INSERT INTO IMAGE (IMAGE_ID, ACCOMODATION_ID, IMAGE_URL) VALUES (2308, 131, 'https://a0.muscache.com/im/pictures/5af29930-3d62-4a8f-9264-a45c814084a9.jpg?im_w=720');
INSERT INTO IMAGE (IMAGE_ID, ACCOMODATION_ID, IMAGE_URL) VALUES (2309, 131, 'https://a0.muscache.com/im/pictures/6c66b8ba-54f7-481d-8b0c-ae61f008527c.jpg?im_w=720');
INSERT INTO IMAGE (IMAGE_ID, ACCOMODATION_ID, IMAGE_URL) VALUES (2310, 131, 'https://a0.muscache.com/im/pictures/27827615-d1ac-431d-baa6-e208fe2b1895.jpg?im_w=720');
INSERT INTO IMAGE (IMAGE_ID, ACCOMODATION_ID, IMAGE_URL) VALUES (2311, 131, 'https://a0.muscache.com/im/pictures/99a23308-9854-4616-9a69-26c69f60bed2.jpg?im_w=720');

INSERT INTO LOCATION (LOCATION_ID, LOCATION_NAME, COUNTRY, REGION, CITY, LATITUDE, LONGITUDE) VALUES (132, '지명132', ' 서울', ' Mapo-gu', 'Donggyo-dong', 37.5567, 126.92265);
INSERT INTO ACCOMODATION (`ACCOMODATION_ID`, `LOCATION_ID`, `ACCOMODATION_NAME`, `HOST_NAME`, `DISCRIPTION`, `ACCOMODATION_TYPE`, `PRICE`, `MAXIMUM_OCCUPANCY`, `AVERAGE_POINT`, `BED_ROOM`, `BATH_ROOM`, `BED_COUNT`,`OPTION`) VALUES (132, 132, '[Victory House]Connected Hongik Univ stn/Free wifi', '호스트132', '설명132', '집 전체', 419810, 4, 3.2, 1, 1,1, '주방,무선 인터넷,에어컨,헤어드라이어');
INSERT INTO IMAGE (IMAGE_ID, ACCOMODATION_ID, IMAGE_URL) VALUES (2312, 132, 'https://a0.muscache.com/im/pictures/beed7528-89ed-4f1d-93d0-56523ef4f36a.jpg?im_w=720');
INSERT INTO IMAGE (IMAGE_ID, ACCOMODATION_ID, IMAGE_URL) VALUES (2313, 132, 'https://a0.muscache.com/im/pictures/19de7ef5-32d6-4345-8db4-7675f2954bf8.jpg?im_w=720');
INSERT INTO IMAGE (IMAGE_ID, ACCOMODATION_ID, IMAGE_URL) VALUES (2314, 132, 'https://a0.muscache.com/im/pictures/84d60bd4-6a95-4b90-8306-c3ec0ac6b993.jpg?im_w=720');
INSERT INTO IMAGE (IMAGE_ID, ACCOMODATION_ID, IMAGE_URL) VALUES (2315, 132, 'https://a0.muscache.com/im/pictures/bcfe2a26-5310-483c-9006-037c9146a16c.jpg?im_w=720');
INSERT INTO IMAGE (IMAGE_ID, ACCOMODATION_ID, IMAGE_URL) VALUES (2316, 132, 'https://a0.muscache.com/im/pictures/910cd16b-ce53-4b19-a8bd-fb3b1fca3621.jpg?im_w=720');
INSERT INTO IMAGE (IMAGE_ID, ACCOMODATION_ID, IMAGE_URL) VALUES (2317, 132, 'https://a0.muscache.com/im/pictures/f282f035-223d-4986-a6b7-1b08443a6d32.jpg?im_w=720');
INSERT INTO IMAGE (IMAGE_ID, ACCOMODATION_ID, IMAGE_URL) VALUES (2318, 132, 'https://a0.muscache.com/im/pictures/53ca6d65-78be-4db3-81d3-f9ec76b1334b.jpg?im_w=720');
INSERT INTO IMAGE (IMAGE_ID, ACCOMODATION_ID, IMAGE_URL) VALUES (2319, 132, 'https://a0.muscache.com/im/pictures/f707d039-c945-4c01-aa6d-c6074548e31a.jpg?im_w=720');
INSERT INTO IMAGE (IMAGE_ID, ACCOMODATION_ID, IMAGE_URL) VALUES (2320, 132, 'https://a0.muscache.com/im/pictures/179006d0-5f6b-4c24-87e7-2e7a92d8aa2d.jpg?im_w=720');
INSERT INTO IMAGE (IMAGE_ID, ACCOMODATION_ID, IMAGE_URL) VALUES (2321, 132, 'https://a0.muscache.com/im/pictures/051561bc-8ba3-4b52-a9f4-2a9404dfb26d.jpg?im_w=720');
INSERT INTO IMAGE (IMAGE_ID, ACCOMODATION_ID, IMAGE_URL) VALUES (2322, 132, 'https://a0.muscache.com/im/pictures/cb2a856d-c023-47b0-8cc2-e22fdde9912f.jpg?im_w=720');
INSERT INTO IMAGE (IMAGE_ID, ACCOMODATION_ID, IMAGE_URL) VALUES (2323, 132, 'https://a0.muscache.com/im/pictures/8ec25907-ae92-4458-8831-098beaf8082a.jpg?im_w=720');
INSERT INTO IMAGE (IMAGE_ID, ACCOMODATION_ID, IMAGE_URL) VALUES (2324, 132, 'https://a0.muscache.com/im/pictures/ba3db9f4-4716-4966-b6f7-c532d9037790.jpg?im_w=720');
INSERT INTO IMAGE (IMAGE_ID, ACCOMODATION_ID, IMAGE_URL) VALUES (2325, 132, 'https://a0.muscache.com/im/pictures/5b4ad924-5591-4752-b698-53fc0e1a8a14.jpg?im_w=720');
INSERT INTO IMAGE (IMAGE_ID, ACCOMODATION_ID, IMAGE_URL) VALUES (2326, 132, 'https://a0.muscache.com/im/pictures/bd55d1a2-8334-4fd3-a7e3-a2e2fde84d04.jpg?im_w=720');
INSERT INTO IMAGE (IMAGE_ID, ACCOMODATION_ID, IMAGE_URL) VALUES (2327, 132, 'https://a0.muscache.com/im/pictures/008cb849-9067-4ed0-a0a4-41a611a1d567.jpg?im_w=720');
INSERT INTO IMAGE (IMAGE_ID, ACCOMODATION_ID, IMAGE_URL) VALUES (2328, 132, 'https://a0.muscache.com/im/pictures/29d45e1e-736d-430b-9d52-54976cb478f1.jpg?im_w=720');
INSERT INTO IMAGE (IMAGE_ID, ACCOMODATION_ID, IMAGE_URL) VALUES (2329, 132, 'https://a0.muscache.com/im/pictures/4ba23339-0338-4e3e-8cdd-767a921d1835.jpg?im_w=720');
INSERT INTO IMAGE (IMAGE_ID, ACCOMODATION_ID, IMAGE_URL) VALUES (2330, 132, 'https://a0.muscache.com/im/pictures/7b0f9197-cb97-465b-8233-b68f7dbbea99.jpg?im_w=720');
INSERT INTO IMAGE (IMAGE_ID, ACCOMODATION_ID, IMAGE_URL) VALUES (2331, 132, 'https://a0.muscache.com/im/pictures/80b5884f-7ce8-41b1-82d8-c58f65ee69f5.jpg?im_w=720');
INSERT INTO IMAGE (IMAGE_ID, ACCOMODATION_ID, IMAGE_URL) VALUES (2332, 132, 'https://a0.muscache.com/im/pictures/43b91d0d-cf19-4cdb-86c3-3796e2736ea7.jpg?im_w=720');
INSERT INTO IMAGE (IMAGE_ID, ACCOMODATION_ID, IMAGE_URL) VALUES (2333, 132, 'https://a0.muscache.com/im/pictures/26bc2aad-5a14-43af-ac7c-dc4c7c48dbf3.jpg?im_w=720');
INSERT INTO IMAGE (IMAGE_ID, ACCOMODATION_ID, IMAGE_URL) VALUES (2334, 132, 'https://a0.muscache.com/im/pictures/d7e07a83-569c-4edd-8430-6c05d09f3576.jpg?im_w=720');
INSERT INTO IMAGE (IMAGE_ID, ACCOMODATION_ID, IMAGE_URL) VALUES (2335, 132, 'https://a0.muscache.com/im/pictures/066a0b64-bea1-42ae-af72-52a83845a70b.jpg?im_w=720');
INSERT INTO IMAGE (IMAGE_ID, ACCOMODATION_ID, IMAGE_URL) VALUES (2336, 132, 'https://a0.muscache.com/im/pictures/2b941aa2-404c-4315-aeb2-07aa151288a2.jpg?im_w=720');
INSERT INTO IMAGE (IMAGE_ID, ACCOMODATION_ID, IMAGE_URL) VALUES (2337, 132, 'https://a0.muscache.com/im/pictures/f882b4ab-9478-44fa-98b0-79a196e557f2.jpg?im_w=720');
INSERT INTO IMAGE (IMAGE_ID, ACCOMODATION_ID, IMAGE_URL) VALUES (2338, 132, 'https://a0.muscache.com/im/pictures/c1fd54d4-0ec5-4b6b-9c5a-28f66c435b53.jpg?im_w=720');
INSERT INTO IMAGE (IMAGE_ID, ACCOMODATION_ID, IMAGE_URL) VALUES (2339, 132, 'https://a0.muscache.com/im/pictures/84cec3ad-2387-4141-a03c-c88cfa1057cf.jpg?im_w=720');
INSERT INTO IMAGE (IMAGE_ID, ACCOMODATION_ID, IMAGE_URL) VALUES (2340, 132, 'https://a0.muscache.com/im/pictures/dd59ac7f-962e-419b-afd4-26ba68395abd.jpg?im_w=720');
INSERT INTO IMAGE (IMAGE_ID, ACCOMODATION_ID, IMAGE_URL) VALUES (2341, 132, 'https://a0.muscache.com/im/pictures/09082081-938f-4ab7-aece-d31ce7f25700.jpg?im_w=720');

INSERT INTO LOCATION (LOCATION_ID, LOCATION_NAME, COUNTRY, REGION, CITY, LATITUDE, LONGITUDE) VALUES (133, '지명133', ' 한국', ' 서울', '마포구', 37.55964, 126.92497);
INSERT INTO ACCOMODATION (`ACCOMODATION_ID`, `LOCATION_ID`, `ACCOMODATION_NAME`, `HOST_NAME`, `DISCRIPTION`, `ACCOMODATION_TYPE`, `PRICE`, `MAXIMUM_OCCUPANCY`, `AVERAGE_POINT`, `BED_ROOM`, `BATH_ROOM`, `BED_COUNT`,`OPTION`) VALUES (133, 133, '[홍대역5분] 쾌적한 더블룸/개별욕실 (2인실)', '호스트133', '설명133', '개인실', 510675, 2, 2.8, 1, 1,1, '무선 인터넷,에어컨,헤어드라이어');
INSERT INTO IMAGE (IMAGE_ID, ACCOMODATION_ID, IMAGE_URL) VALUES (2342, 133, 'https://a0.muscache.com/im/pictures/827731e3-394b-4cff-a42f-f81fc6b206dd.jpg?im_w=720');
INSERT INTO IMAGE (IMAGE_ID, ACCOMODATION_ID, IMAGE_URL) VALUES (2343, 133, 'https://a0.muscache.com/im/pictures/a0c4c2f4-d3e4-4213-bc54-3c4680578815.jpg?im_w=720');
INSERT INTO IMAGE (IMAGE_ID, ACCOMODATION_ID, IMAGE_URL) VALUES (2344, 133, 'https://a0.muscache.com/im/pictures/da281053-6923-49c9-b5c1-6b08b46062c0.jpg?im_w=720');
INSERT INTO IMAGE (IMAGE_ID, ACCOMODATION_ID, IMAGE_URL) VALUES (2345, 133, 'https://a0.muscache.com/im/pictures/miso/Hosting-43136736/original/208d31cf-232b-4e5e-824b-09a13abf6e3a.jpeg?im_w=720');
INSERT INTO IMAGE (IMAGE_ID, ACCOMODATION_ID, IMAGE_URL) VALUES (2346, 133, 'https://a0.muscache.com/im/pictures/7288daba-a251-4b79-9461-af6726c1d6b3.jpg?im_w=720');
INSERT INTO IMAGE (IMAGE_ID, ACCOMODATION_ID, IMAGE_URL) VALUES (2347, 133, 'https://a0.muscache.com/im/pictures/d1d0896f-9065-4d11-a714-34699b88b7b6.jpg?im_w=720');
INSERT INTO IMAGE (IMAGE_ID, ACCOMODATION_ID, IMAGE_URL) VALUES (2348, 133, 'https://a0.muscache.com/im/pictures/miso/Hosting-43136736/original/ceb83caf-1771-4279-a490-f98a8963cd78.jpeg?im_w=720');
INSERT INTO IMAGE (IMAGE_ID, ACCOMODATION_ID, IMAGE_URL) VALUES (2349, 133, 'https://a0.muscache.com/im/pictures/5cda30e3-5dc6-4d69-a872-05794c17c493.jpg?im_w=720');
INSERT INTO IMAGE (IMAGE_ID, ACCOMODATION_ID, IMAGE_URL) VALUES (2350, 133, 'https://a0.muscache.com/im/pictures/fb49a948-1d4e-469e-ba4e-a376b0138ce0.jpg?im_w=720');

INSERT INTO LOCATION (LOCATION_ID, LOCATION_NAME, COUNTRY, REGION, CITY, LATITUDE, LONGITUDE) VALUES (134, '지명134', ' 서울', ' Mapo-gu', 'Seogyo-dong', 37.55456, 126.92501);
INSERT INTO ACCOMODATION (`ACCOMODATION_ID`, `LOCATION_ID`, `ACCOMODATION_NAME`, `HOST_NAME`, `DISCRIPTION`, `ACCOMODATION_TYPE`, `PRICE`, `MAXIMUM_OCCUPANCY`, `AVERAGE_POINT`, `BED_ROOM`, `BATH_ROOM`, `BED_COUNT`,`OPTION`) VALUES (134, 134, '★ ★ 홍대메인 걷고싶은 거리 ★★ D4  더블침대2개 (홍대역9번출구 숙소거리5분~)', '호스트134', '설명134', '집 전체', 484610, 3, 3.1, 1, 1,1, '주방,무선 인터넷,에어컨,헤어드라이어');
INSERT INTO IMAGE (IMAGE_ID, ACCOMODATION_ID, IMAGE_URL) VALUES (2351, 134, 'https://a0.muscache.com/im/pictures/8e9c4653-d7cd-4e87-aa4c-b13d5227b8eb.jpg?im_w=720');
INSERT INTO IMAGE (IMAGE_ID, ACCOMODATION_ID, IMAGE_URL) VALUES (2352, 134, 'https://a0.muscache.com/im/pictures/b3bbe0ed-9cf2-42c4-abeb-24a4a3975350.jpg?im_w=720');
INSERT INTO IMAGE (IMAGE_ID, ACCOMODATION_ID, IMAGE_URL) VALUES (2353, 134, 'https://a0.muscache.com/im/pictures/8ee3ac65-c329-41f2-832a-9c9f5431274f.jpg?im_w=720');
INSERT INTO IMAGE (IMAGE_ID, ACCOMODATION_ID, IMAGE_URL) VALUES (2354, 134, 'https://a0.muscache.com/im/pictures/c1e22244-113f-4e45-8e88-b812cb366ddc.jpg?im_w=720');
INSERT INTO IMAGE (IMAGE_ID, ACCOMODATION_ID, IMAGE_URL) VALUES (2355, 134, 'https://a0.muscache.com/im/pictures/71fa4c49-0768-4bc2-bc06-90e66f791d91.jpg?im_w=720');
INSERT INTO IMAGE (IMAGE_ID, ACCOMODATION_ID, IMAGE_URL) VALUES (2356, 134, 'https://a0.muscache.com/im/pictures/47515e97-ac66-4539-983e-c3e09691ed4e.jpg?im_w=720');
INSERT INTO IMAGE (IMAGE_ID, ACCOMODATION_ID, IMAGE_URL) VALUES (2357, 134, 'https://a0.muscache.com/im/pictures/0ba09730-de25-4a38-a30c-520a6f085d54.jpg?im_w=720');
INSERT INTO IMAGE (IMAGE_ID, ACCOMODATION_ID, IMAGE_URL) VALUES (2358, 134, 'https://a0.muscache.com/im/pictures/78f9b871-9150-48b3-a2a5-737088dcb78d.jpg?im_w=720');
INSERT INTO IMAGE (IMAGE_ID, ACCOMODATION_ID, IMAGE_URL) VALUES (2359, 134, 'https://a0.muscache.com/im/pictures/8561dcf7-8334-47aa-b156-50ad99fe5ae2.jpg?im_w=720');
INSERT INTO IMAGE (IMAGE_ID, ACCOMODATION_ID, IMAGE_URL) VALUES (2360, 134, 'https://a0.muscache.com/im/pictures/18a097ee-f31e-4aa0-90c5-8b6292ca5772.jpg?im_w=720');
INSERT INTO IMAGE (IMAGE_ID, ACCOMODATION_ID, IMAGE_URL) VALUES (2361, 134, 'https://a0.muscache.com/im/pictures/2e5fcd2a-9a97-4bbc-9ca6-70a82222eabf.jpg?im_w=720');
INSERT INTO IMAGE (IMAGE_ID, ACCOMODATION_ID, IMAGE_URL) VALUES (2362, 134, 'https://a0.muscache.com/im/pictures/fed9cd11-d511-4795-ab37-9e6546c25bfb.jpg?im_w=720');
INSERT INTO IMAGE (IMAGE_ID, ACCOMODATION_ID, IMAGE_URL) VALUES (2363, 134, 'https://a0.muscache.com/im/pictures/9affe80e-2c47-4d93-ae76-623f8c2e6cf8.jpg?im_w=720');
INSERT INTO IMAGE (IMAGE_ID, ACCOMODATION_ID, IMAGE_URL) VALUES (2364, 134, 'https://a0.muscache.com/im/pictures/f042c60d-9ce0-4e8b-8ad0-9bd38d8c0caa.jpg?im_w=720');
INSERT INTO IMAGE (IMAGE_ID, ACCOMODATION_ID, IMAGE_URL) VALUES (2365, 134, 'https://a0.muscache.com/im/pictures/6e7c92e9-1a37-4aaf-afa9-fcc64aa3581f.jpg?im_w=720');
INSERT INTO IMAGE (IMAGE_ID, ACCOMODATION_ID, IMAGE_URL) VALUES (2366, 134, 'https://a0.muscache.com/im/pictures/55372799-755f-4480-b0b1-0686e0e1c9b1.jpg?im_w=720');
INSERT INTO IMAGE (IMAGE_ID, ACCOMODATION_ID, IMAGE_URL) VALUES (2367, 134, 'https://a0.muscache.com/im/pictures/miso/Hosting-45870077/original/f62e90ac-a557-4cef-9022-0033ef8f63dc.jpeg?im_w=720');
INSERT INTO IMAGE (IMAGE_ID, ACCOMODATION_ID, IMAGE_URL) VALUES (2368, 134, 'https://a0.muscache.com/im/pictures/9354b21c-7998-471d-a2b5-4010bc4f07de.jpg?im_w=720');
INSERT INTO IMAGE (IMAGE_ID, ACCOMODATION_ID, IMAGE_URL) VALUES (2369, 134, 'https://a0.muscache.com/im/pictures/23970626-f570-4681-8f00-aaa14df0379c.jpg?im_w=720');
INSERT INTO IMAGE (IMAGE_ID, ACCOMODATION_ID, IMAGE_URL) VALUES (2370, 134, 'https://a0.muscache.com/im/pictures/e4b4420b-78d7-4297-940f-cddb9208cb05.jpg?im_w=720');
INSERT INTO IMAGE (IMAGE_ID, ACCOMODATION_ID, IMAGE_URL) VALUES (2371, 134, 'https://a0.muscache.com/im/pictures/239c59ed-c9b7-43a6-a7bb-938cc9cfb74c.jpg?im_w=720');
INSERT INTO IMAGE (IMAGE_ID, ACCOMODATION_ID, IMAGE_URL) VALUES (2372, 134, 'https://a0.muscache.com/im/pictures/0d9a0994-f6a2-4cac-b23a-6264e98b7423.jpg?im_w=720');
INSERT INTO IMAGE (IMAGE_ID, ACCOMODATION_ID, IMAGE_URL) VALUES (2373, 134, 'https://a0.muscache.com/im/pictures/688abd06-5650-4dd1-9fbe-8ca06f1a0f0f.jpg?im_w=720');
INSERT INTO IMAGE (IMAGE_ID, ACCOMODATION_ID, IMAGE_URL) VALUES (2374, 134, 'https://a0.muscache.com/im/pictures/9e0eb767-d5bc-4981-933f-e03ce036450f.jpg?im_w=720');
INSERT INTO IMAGE (IMAGE_ID, ACCOMODATION_ID, IMAGE_URL) VALUES (2375, 134, 'https://a0.muscache.com/im/pictures/b812d2a1-3b9c-4b9e-b5a7-17acdd9ed0cf.jpg?im_w=720');
INSERT INTO IMAGE (IMAGE_ID, ACCOMODATION_ID, IMAGE_URL) VALUES (2376, 134, 'https://a0.muscache.com/im/pictures/1286c8f1-6411-4e9a-b131-78a2bd799d60.jpg?im_w=720');
INSERT INTO IMAGE (IMAGE_ID, ACCOMODATION_ID, IMAGE_URL) VALUES (2377, 134, 'https://a0.muscache.com/im/pictures/9acad14a-98fc-4abd-be39-cbeb673fc66c.jpg?im_w=720');
INSERT INTO IMAGE (IMAGE_ID, ACCOMODATION_ID, IMAGE_URL) VALUES (2378, 134, 'https://a0.muscache.com/im/pictures/9a4efcd8-e0de-4259-9473-94f3ec117112.jpg?im_w=720');
INSERT INTO IMAGE (IMAGE_ID, ACCOMODATION_ID, IMAGE_URL) VALUES (2379, 134, 'https://a0.muscache.com/im/pictures/miso/Hosting-45870077/original/08e154a6-a294-44c2-b2c4-e72378a245f4.jpeg?im_w=720');
INSERT INTO IMAGE (IMAGE_ID, ACCOMODATION_ID, IMAGE_URL) VALUES (2380, 134, 'https://a0.muscache.com/im/pictures/0e754929-3290-4b2f-95a4-5e0d5375bd97.jpg?im_w=720');

INSERT INTO LOCATION (LOCATION_ID, LOCATION_NAME, COUNTRY, REGION, CITY, LATITUDE, LONGITUDE) VALUES (135, '지명135', ' 서울', ' Mapo-gu', 'Donggyo-dong', 37.56159, 126.92593);
INSERT INTO ACCOMODATION (`ACCOMODATION_ID`, `LOCATION_ID`, `ACCOMODATION_NAME`, `HOST_NAME`, `DISCRIPTION`, `ACCOMODATION_TYPE`, `PRICE`, `MAXIMUM_OCCUPANCY`, `AVERAGE_POINT`, `BED_ROOM`, `BATH_ROOM`, `BED_COUNT`,`OPTION`) VALUES (135, 135, 'quarantine 자가격리가능 홍대입구3번출구3분거리 Hongik station 弘大♡', '호스트135', '설명135', '집 전체', 94197, 3, 9.7, 1, 1,1, '주방,무선 인터넷,에어컨,헤어드라이어');
INSERT INTO IMAGE (IMAGE_ID, ACCOMODATION_ID, IMAGE_URL) VALUES (2381, 135, 'https://a0.muscache.com/im/pictures/8f62b411-04ea-45d9-a6f2-c86c8f717866.jpg?im_w=720');
INSERT INTO IMAGE (IMAGE_ID, ACCOMODATION_ID, IMAGE_URL) VALUES (2382, 135, 'https://a0.muscache.com/im/pictures/71885443-0610-420e-aa70-4e6050291014.jpg?im_w=720');
INSERT INTO IMAGE (IMAGE_ID, ACCOMODATION_ID, IMAGE_URL) VALUES (2383, 135, 'https://a0.muscache.com/im/pictures/22827eed-4163-44f8-b57a-59868a65b232.jpg?im_w=720');
INSERT INTO IMAGE (IMAGE_ID, ACCOMODATION_ID, IMAGE_URL) VALUES (2384, 135, 'https://a0.muscache.com/im/pictures/f0a85308-3c28-474a-88a3-ba5ca656dbac.jpg?im_w=720');
INSERT INTO IMAGE (IMAGE_ID, ACCOMODATION_ID, IMAGE_URL) VALUES (2385, 135, 'https://a0.muscache.com/im/pictures/27c0c65b-1ec4-4824-b685-a2e4228e9ba6.jpg?im_w=720');
INSERT INTO IMAGE (IMAGE_ID, ACCOMODATION_ID, IMAGE_URL) VALUES (2386, 135, 'https://a0.muscache.com/im/pictures/2e63aa81-9246-41bf-a174-88817f677fe4.jpg?im_w=720');
INSERT INTO IMAGE (IMAGE_ID, ACCOMODATION_ID, IMAGE_URL) VALUES (2387, 135, 'https://a0.muscache.com/im/pictures/5424daaa-bd6a-4334-b327-03a553ebe243.jpg?im_w=720');
INSERT INTO IMAGE (IMAGE_ID, ACCOMODATION_ID, IMAGE_URL) VALUES (2388, 135, 'https://a0.muscache.com/im/pictures/a56455d5-77f7-45b8-96ee-708a62b6803d.jpg?im_w=720');
INSERT INTO IMAGE (IMAGE_ID, ACCOMODATION_ID, IMAGE_URL) VALUES (2389, 135, 'https://a0.muscache.com/im/pictures/8a8c590b-0bd1-49d2-be1e-11ac6510e950.jpg?im_w=720');
INSERT INTO IMAGE (IMAGE_ID, ACCOMODATION_ID, IMAGE_URL) VALUES (2390, 135, 'https://a0.muscache.com/im/pictures/35e2a7b1-4c21-4580-9f43-85e849bcec3c.jpg?im_w=720');
INSERT INTO IMAGE (IMAGE_ID, ACCOMODATION_ID, IMAGE_URL) VALUES (2391, 135, 'https://a0.muscache.com/im/pictures/be229338-108e-4b8d-89ad-572aec617cd2.jpg?im_w=720');
INSERT INTO IMAGE (IMAGE_ID, ACCOMODATION_ID, IMAGE_URL) VALUES (2392, 135, 'https://a0.muscache.com/im/pictures/a037bc2b-fbee-4d7a-b5f4-651c97191e3b.jpg?im_w=720');
INSERT INTO IMAGE (IMAGE_ID, ACCOMODATION_ID, IMAGE_URL) VALUES (2393, 135, 'https://a0.muscache.com/im/pictures/d2eda544-9c54-4d9a-8a19-2f95b3a43b30.jpg?im_w=720');
INSERT INTO IMAGE (IMAGE_ID, ACCOMODATION_ID, IMAGE_URL) VALUES (2394, 135, 'https://a0.muscache.com/im/pictures/ea46bd13-c101-43f6-8018-b96afaf43df9.jpg?im_w=720');
INSERT INTO IMAGE (IMAGE_ID, ACCOMODATION_ID, IMAGE_URL) VALUES (2395, 135, 'https://a0.muscache.com/im/pictures/c4deb01a-bbe5-484c-8cce-660a9ea0d5d2.jpg?im_w=720');
INSERT INTO IMAGE (IMAGE_ID, ACCOMODATION_ID, IMAGE_URL) VALUES (2396, 135, 'https://a0.muscache.com/im/pictures/800e3bea-50a7-4adf-8448-41a49ca995e6.jpg?im_w=720');
INSERT INTO IMAGE (IMAGE_ID, ACCOMODATION_ID, IMAGE_URL) VALUES (2397, 135, 'https://a0.muscache.com/im/pictures/f103948b-ab7f-41fd-b5d6-044b07578dc9.jpg?im_w=720');
INSERT INTO IMAGE (IMAGE_ID, ACCOMODATION_ID, IMAGE_URL) VALUES (2398, 135, 'https://a0.muscache.com/im/pictures/ff3915ff-b19f-482f-8e4b-dbadde2f53af.jpg?im_w=720');
INSERT INTO IMAGE (IMAGE_ID, ACCOMODATION_ID, IMAGE_URL) VALUES (2399, 135, 'https://a0.muscache.com/im/pictures/88a74e8c-bf47-4729-b872-857968c48ce9.jpg?im_w=720');
INSERT INTO IMAGE (IMAGE_ID, ACCOMODATION_ID, IMAGE_URL) VALUES (2400, 135, 'https://a0.muscache.com/im/pictures/89dcb6e7-e021-458a-bc8b-0babf0ce9edf.jpg?im_w=720');
INSERT INTO IMAGE (IMAGE_ID, ACCOMODATION_ID, IMAGE_URL) VALUES (2401, 135, 'https://a0.muscache.com/im/pictures/f1419ff8-2b2e-40b5-a95f-2315557db690.jpg?im_w=720');
INSERT INTO IMAGE (IMAGE_ID, ACCOMODATION_ID, IMAGE_URL) VALUES (2402, 135, 'https://a0.muscache.com/im/pictures/41769e94-4362-4f45-ad33-336a683e7efd.jpg?im_w=720');
INSERT INTO IMAGE (IMAGE_ID, ACCOMODATION_ID, IMAGE_URL) VALUES (2403, 135, 'https://a0.muscache.com/im/pictures/850c3e5c-f4c5-4622-ac34-d454338e2949.jpg?im_w=720');
INSERT INTO IMAGE (IMAGE_ID, ACCOMODATION_ID, IMAGE_URL) VALUES (2404, 135, 'https://a0.muscache.com/im/pictures/3b3ed0fa-b91e-4e81-9299-d9d787f3812b.jpg?im_w=720');
INSERT INTO IMAGE (IMAGE_ID, ACCOMODATION_ID, IMAGE_URL) VALUES (2405, 135, 'https://a0.muscache.com/im/pictures/9eec566f-2fc0-4138-bd56-0e1a0558a61d.jpg?im_w=720');
INSERT INTO IMAGE (IMAGE_ID, ACCOMODATION_ID, IMAGE_URL) VALUES (2406, 135, 'https://a0.muscache.com/im/pictures/2f1f6892-0620-475c-8d9a-699bee8f9742.jpg?im_w=720');
INSERT INTO IMAGE (IMAGE_ID, ACCOMODATION_ID, IMAGE_URL) VALUES (2407, 135, 'https://a0.muscache.com/im/pictures/1ce6a0d1-4a28-42f4-8b7a-ff2a432704b4.jpg?im_w=720');
INSERT INTO IMAGE (IMAGE_ID, ACCOMODATION_ID, IMAGE_URL) VALUES (2408, 135, 'https://a0.muscache.com/im/pictures/4f72bf22-77c4-44bf-9e65-a84cdae39c15.jpg?im_w=720');
INSERT INTO IMAGE (IMAGE_ID, ACCOMODATION_ID, IMAGE_URL) VALUES (2409, 135, 'https://a0.muscache.com/im/pictures/de2fa8c4-af78-49d1-94c1-3ae99af95ef0.jpg?im_w=720');
INSERT INTO IMAGE (IMAGE_ID, ACCOMODATION_ID, IMAGE_URL) VALUES (2410, 135, 'https://a0.muscache.com/im/pictures/481e6350-15d5-4508-93bf-9e8817071504.jpg?im_w=720');

INSERT INTO LOCATION (LOCATION_ID, LOCATION_NAME, COUNTRY, REGION, CITY, LATITUDE, LONGITUDE) VALUES (136, '지명136', ' 서울', ' Mapo-gu', 'Seogyo-dong', 37.55613, 126.92569);
INSERT INTO ACCOMODATION (`ACCOMODATION_ID`, `LOCATION_ID`, `ACCOMODATION_NAME`, `HOST_NAME`, `DISCRIPTION`, `ACCOMODATION_TYPE`, `PRICE`, `MAXIMUM_OCCUPANCY`, `AVERAGE_POINT`, `BED_ROOM`, `BATH_ROOM`, `BED_COUNT`,`OPTION`) VALUES (136, 136, 'Butler House #1', '호스트136', '설명136', '집 전체', 193177, 2, 4.0, 1, 1,1, '주방,무선 인터넷,에어컨,헤어드라이어');
INSERT INTO IMAGE (IMAGE_ID, ACCOMODATION_ID, IMAGE_URL) VALUES (2411, 136, 'https://a0.muscache.com/im/pictures/30a9a161-aa55-430d-b1fd-108581d8358c.jpg?im_w=720');
INSERT INTO IMAGE (IMAGE_ID, ACCOMODATION_ID, IMAGE_URL) VALUES (2412, 136, 'https://a0.muscache.com/im/pictures/ef7d6fc8-36a1-477d-b1ae-9b31d4df096a.jpg?im_w=720');
INSERT INTO IMAGE (IMAGE_ID, ACCOMODATION_ID, IMAGE_URL) VALUES (2413, 136, 'https://a0.muscache.com/im/pictures/a9ac5bf8-05e9-4605-8caa-2d2788cd970c.jpg?im_w=720');
INSERT INTO IMAGE (IMAGE_ID, ACCOMODATION_ID, IMAGE_URL) VALUES (2414, 136, 'https://a0.muscache.com/im/pictures/ca51cacc-b787-4bb3-ab46-7b6e836fd648.jpg?im_w=720');
INSERT INTO IMAGE (IMAGE_ID, ACCOMODATION_ID, IMAGE_URL) VALUES (2415, 136, 'https://a0.muscache.com/im/pictures/418a501d-2141-4415-9955-3c5c0a746062.jpg?im_w=720');
INSERT INTO IMAGE (IMAGE_ID, ACCOMODATION_ID, IMAGE_URL) VALUES (2416, 136, 'https://a0.muscache.com/im/pictures/4ebd562f-76d5-4ead-be1c-38699d70bfcd.jpg?im_w=720');
INSERT INTO IMAGE (IMAGE_ID, ACCOMODATION_ID, IMAGE_URL) VALUES (2417, 136, 'https://a0.muscache.com/im/pictures/cad70851-f07d-4a5a-8c6c-6037067c6583.jpg?im_w=720');
INSERT INTO IMAGE (IMAGE_ID, ACCOMODATION_ID, IMAGE_URL) VALUES (2418, 136, 'https://a0.muscache.com/im/pictures/3d04e7ab-2655-42f2-a549-363e43e58717.jpg?im_w=720');
INSERT INTO IMAGE (IMAGE_ID, ACCOMODATION_ID, IMAGE_URL) VALUES (2419, 136, 'https://a0.muscache.com/im/pictures/633eb19f-e374-4449-a0ab-53b60ac30b1d.jpg?im_w=720');
INSERT INTO IMAGE (IMAGE_ID, ACCOMODATION_ID, IMAGE_URL) VALUES (2420, 136, 'https://a0.muscache.com/im/pictures/882a744e-1faa-4aea-b526-54c9224ca045.jpg?im_w=720');
INSERT INTO IMAGE (IMAGE_ID, ACCOMODATION_ID, IMAGE_URL) VALUES (2421, 136, 'https://a0.muscache.com/im/pictures/345f3875-331f-482c-95f5-64a7b35f1090.jpg?im_w=720');
INSERT INTO IMAGE (IMAGE_ID, ACCOMODATION_ID, IMAGE_URL) VALUES (2422, 136, 'https://a0.muscache.com/im/pictures/a624dffc-6589-4bf4-9fbe-07f27f10d008.jpg?im_w=720');
INSERT INTO IMAGE (IMAGE_ID, ACCOMODATION_ID, IMAGE_URL) VALUES (2423, 136, 'https://a0.muscache.com/im/pictures/047eb465-5cc9-40c1-95aa-828fef3855fa.jpg?im_w=720');

INSERT INTO LOCATION (LOCATION_ID, LOCATION_NAME, COUNTRY, REGION, CITY, LATITUDE, LONGITUDE) VALUES (137, '지명137', ' 서울', ' Mapo-gu', 'Donggyo-dong', 37.55875, 126.92132);
INSERT INTO ACCOMODATION (`ACCOMODATION_ID`, `LOCATION_ID`, `ACCOMODATION_NAME`, `HOST_NAME`, `DISCRIPTION`, `ACCOMODATION_TYPE`, `PRICE`, `MAXIMUM_OCCUPANCY`, `AVERAGE_POINT`, `BED_ROOM`, `BATH_ROOM`, `BED_COUNT`,`OPTION`) VALUES (137, 137, '★C singlebed 역에서 3분 !! 연트럴파크  3분 "단기임대 가능"@#빅세일@#', '호스트137', '설명137', '다인실', 404834, 1, 1.2, 1, 1,1, '주방,무선 인터넷,에어컨,헤어드라이어');
INSERT INTO IMAGE (IMAGE_ID, ACCOMODATION_ID, IMAGE_URL) VALUES (2424, 137, 'https://a0.muscache.com/im/pictures/bb767a5b-0613-4890-87b4-a10c558c1d7a.jpg?im_w=720');
INSERT INTO IMAGE (IMAGE_ID, ACCOMODATION_ID, IMAGE_URL) VALUES (2425, 137, 'https://a0.muscache.com/im/pictures/50b4ed82-4434-4419-8867-fa6703b6748e.jpg?im_w=720');
INSERT INTO IMAGE (IMAGE_ID, ACCOMODATION_ID, IMAGE_URL) VALUES (2426, 137, 'https://a0.muscache.com/im/pictures/8ba8a4a0-0194-481e-a85b-8a40c95edb4e.jpg?im_w=720');
INSERT INTO IMAGE (IMAGE_ID, ACCOMODATION_ID, IMAGE_URL) VALUES (2427, 137, 'https://a0.muscache.com/im/pictures/b8c17a78-975d-4328-b92f-46075370da69.jpg?im_w=720');
INSERT INTO IMAGE (IMAGE_ID, ACCOMODATION_ID, IMAGE_URL) VALUES (2428, 137, 'https://a0.muscache.com/im/pictures/914d1813-b98f-4ac2-8fa9-0fa276a50fa1.jpg?im_w=720');
INSERT INTO IMAGE (IMAGE_ID, ACCOMODATION_ID, IMAGE_URL) VALUES (2429, 137, 'https://a0.muscache.com/im/pictures/f37dcc32-95cf-49d3-9a0b-b7c5b96e5dab.jpg?im_w=720');
INSERT INTO IMAGE (IMAGE_ID, ACCOMODATION_ID, IMAGE_URL) VALUES (2430, 137, 'https://a0.muscache.com/im/pictures/0031e64d-3b0c-4ccb-8315-5138ca257e56.jpg?im_w=720');
INSERT INTO IMAGE (IMAGE_ID, ACCOMODATION_ID, IMAGE_URL) VALUES (2431, 137, 'https://a0.muscache.com/im/pictures/4baa1e89-1bb3-4223-be22-c679f549228b.jpg?im_w=720');
INSERT INTO IMAGE (IMAGE_ID, ACCOMODATION_ID, IMAGE_URL) VALUES (2432, 137, 'https://a0.muscache.com/im/pictures/42eceed5-5df7-4392-aa2d-0f781fcc6843.jpg?im_w=720');
INSERT INTO IMAGE (IMAGE_ID, ACCOMODATION_ID, IMAGE_URL) VALUES (2433, 137, 'https://a0.muscache.com/im/pictures/21834a6a-34b4-4043-9d63-d3f72a020875.jpg?im_w=720');
INSERT INTO IMAGE (IMAGE_ID, ACCOMODATION_ID, IMAGE_URL) VALUES (2434, 137, 'https://a0.muscache.com/im/pictures/d84ced7d-b148-46b6-89ec-717d6b066b5f.jpg?im_w=720');
INSERT INTO IMAGE (IMAGE_ID, ACCOMODATION_ID, IMAGE_URL) VALUES (2435, 137, 'https://a0.muscache.com/im/pictures/e14ed694-e57b-4b1e-86a3-025ab113b5cb.jpg?im_w=720');
INSERT INTO IMAGE (IMAGE_ID, ACCOMODATION_ID, IMAGE_URL) VALUES (2436, 137, 'https://a0.muscache.com/im/pictures/43ab5c20-d1f2-4507-afcb-acfbe6c75d64.jpg?im_w=720');
INSERT INTO IMAGE (IMAGE_ID, ACCOMODATION_ID, IMAGE_URL) VALUES (2437, 137, 'https://a0.muscache.com/im/pictures/5f636bd6-7264-4bce-bada-81d3dba77cbe.jpg?im_w=720');
INSERT INTO IMAGE (IMAGE_ID, ACCOMODATION_ID, IMAGE_URL) VALUES (2438, 137, 'https://a0.muscache.com/im/pictures/b4416d96-a26a-4e12-88b1-74193d9ecefe.jpg?im_w=720');
INSERT INTO IMAGE (IMAGE_ID, ACCOMODATION_ID, IMAGE_URL) VALUES (2439, 137, 'https://a0.muscache.com/im/pictures/a41216dc-2061-4fdd-9d28-5a96f4983f53.jpg?im_w=720');
INSERT INTO IMAGE (IMAGE_ID, ACCOMODATION_ID, IMAGE_URL) VALUES (2440, 137, 'https://a0.muscache.com/im/pictures/121e707a-b925-4a91-b9fc-03490ccd192f.jpg?im_w=720');
INSERT INTO IMAGE (IMAGE_ID, ACCOMODATION_ID, IMAGE_URL) VALUES (2441, 137, 'https://a0.muscache.com/im/pictures/02250bfe-761c-487b-8767-3af5ae9844d0.jpg?im_w=720');
INSERT INTO IMAGE (IMAGE_ID, ACCOMODATION_ID, IMAGE_URL) VALUES (2442, 137, 'https://a0.muscache.com/im/pictures/22c53d03-0468-4cd2-9ecc-83ac826b1b05.jpg?im_w=720');
INSERT INTO IMAGE (IMAGE_ID, ACCOMODATION_ID, IMAGE_URL) VALUES (2443, 137, 'https://a0.muscache.com/im/pictures/eb600d07-508f-4952-86e9-442531e6161d.jpg?im_w=720');
INSERT INTO IMAGE (IMAGE_ID, ACCOMODATION_ID, IMAGE_URL) VALUES (2444, 137, 'https://a0.muscache.com/im/pictures/5490e2ab-f725-4b29-9ce7-6282b62b25e8.jpg?im_w=720');
INSERT INTO IMAGE (IMAGE_ID, ACCOMODATION_ID, IMAGE_URL) VALUES (2445, 137, 'https://a0.muscache.com/im/pictures/555b0009-c309-4f77-8c6e-c3fecc6d2987.jpg?im_w=720');
INSERT INTO IMAGE (IMAGE_ID, ACCOMODATION_ID, IMAGE_URL) VALUES (2446, 137, 'https://a0.muscache.com/im/pictures/46f347c8-b84a-4160-87e6-297ae7f5c2d0.jpg?im_w=720');
INSERT INTO IMAGE (IMAGE_ID, ACCOMODATION_ID, IMAGE_URL) VALUES (2447, 137, 'https://a0.muscache.com/im/pictures/4c4770e7-ee01-4bfc-902d-3d6348a4c1e6.jpg?im_w=720');
INSERT INTO IMAGE (IMAGE_ID, ACCOMODATION_ID, IMAGE_URL) VALUES (2448, 137, 'https://a0.muscache.com/im/pictures/9fb83e7c-7266-48c3-8eae-6ba396153d0c.jpg?im_w=720');
INSERT INTO IMAGE (IMAGE_ID, ACCOMODATION_ID, IMAGE_URL) VALUES (2449, 137, 'https://a0.muscache.com/im/pictures/ace8f822-5faa-4520-869c-214bc12d2c77.jpg?im_w=720');
INSERT INTO IMAGE (IMAGE_ID, ACCOMODATION_ID, IMAGE_URL) VALUES (2450, 137, 'https://a0.muscache.com/im/pictures/db985951-2708-4912-9a2f-ca5f56f8e5ce.jpg?im_w=720');
INSERT INTO IMAGE (IMAGE_ID, ACCOMODATION_ID, IMAGE_URL) VALUES (2451, 137, 'https://a0.muscache.com/im/pictures/2530fed4-c2ad-4a9d-acc9-7b87948ac743.jpg?im_w=720');
INSERT INTO IMAGE (IMAGE_ID, ACCOMODATION_ID, IMAGE_URL) VALUES (2452, 137, 'https://a0.muscache.com/im/pictures/1c76b06a-37cc-45fa-8a28-8c70c65dac53.jpg?im_w=720');
INSERT INTO IMAGE (IMAGE_ID, ACCOMODATION_ID, IMAGE_URL) VALUES (2453, 137, 'https://a0.muscache.com/im/pictures/256f495d-3f4c-4b51-b087-c3145b5c4c30.jpg?im_w=720');

INSERT INTO LOCATION (LOCATION_ID, LOCATION_NAME, COUNTRY, REGION, CITY, LATITUDE, LONGITUDE) VALUES (138, '지명138', ' 한국', ' 서울', '서대문구', 37.5593, 126.92835);
INSERT INTO ACCOMODATION (`ACCOMODATION_ID`, `LOCATION_ID`, `ACCOMODATION_NAME`, `HOST_NAME`, `DISCRIPTION`, `ACCOMODATION_TYPE`, `PRICE`, `MAXIMUM_OCCUPANCY`, `AVERAGE_POINT`, `BED_ROOM`, `BATH_ROOM`, `BED_COUNT`,`OPTION`) VALUES (138, 138, 'Single room w/private bathroom in Hongdae #5', '호스트138', '설명138', '개인실', 932139, 1, 7.1, 1, 1,1, '무선 인터넷,에어컨,헤어드라이어');
INSERT INTO IMAGE (IMAGE_ID, ACCOMODATION_ID, IMAGE_URL) VALUES (2454, 138, 'https://a0.muscache.com/im/pictures/miso/Hosting-19044195/original/79aae373-ec11-4ef5-957b-fcd7e3092675.jpeg?im_w=720');
INSERT INTO IMAGE (IMAGE_ID, ACCOMODATION_ID, IMAGE_URL) VALUES (2455, 138, 'https://a0.muscache.com/im/pictures/miso/Hosting-19044195/original/8d857f40-0ddd-4fe7-8252-9d56b95a0418.jpeg?im_w=720');
INSERT INTO IMAGE (IMAGE_ID, ACCOMODATION_ID, IMAGE_URL) VALUES (2456, 138, 'https://a0.muscache.com/im/pictures/0bdb2a77-551e-454c-9f47-0fd8b977a6ad.jpg?im_w=720');
INSERT INTO IMAGE (IMAGE_ID, ACCOMODATION_ID, IMAGE_URL) VALUES (2457, 138, 'https://a0.muscache.com/im/pictures/49a24f34-6aee-46b3-8b21-3b2869da0f32.jpg?im_w=720');
INSERT INTO IMAGE (IMAGE_ID, ACCOMODATION_ID, IMAGE_URL) VALUES (2458, 138, 'https://a0.muscache.com/im/pictures/9736d6f1-f93e-4fc3-b190-c28a9b066eea.jpg?im_w=720');
INSERT INTO IMAGE (IMAGE_ID, ACCOMODATION_ID, IMAGE_URL) VALUES (2459, 138, 'https://a0.muscache.com/im/pictures/1d04856c-29ce-49eb-8be3-327b003e6963.jpg?im_w=720');
INSERT INTO IMAGE (IMAGE_ID, ACCOMODATION_ID, IMAGE_URL) VALUES (2460, 138, 'https://a0.muscache.com/im/pictures/bb879852-e21f-409b-b728-cae86d3de75e.jpg?im_w=720');
INSERT INTO IMAGE (IMAGE_ID, ACCOMODATION_ID, IMAGE_URL) VALUES (2461, 138, 'https://a0.muscache.com/im/pictures/1ba62a4b-e5dd-4260-94c8-afe990446bea.jpg?im_w=720');
INSERT INTO IMAGE (IMAGE_ID, ACCOMODATION_ID, IMAGE_URL) VALUES (2462, 138, 'https://a0.muscache.com/im/pictures/504514ce-533d-4cde-8d4a-fbf3c6083617.jpg?im_w=720');
INSERT INTO IMAGE (IMAGE_ID, ACCOMODATION_ID, IMAGE_URL) VALUES (2463, 138, 'https://a0.muscache.com/im/pictures/611320d0-c661-44c8-babf-57c9f0e17f1f.jpg?im_w=720');
INSERT INTO IMAGE (IMAGE_ID, ACCOMODATION_ID, IMAGE_URL) VALUES (2464, 138, 'https://a0.muscache.com/im/pictures/d7de23dc-612d-4dd0-9eea-f79f1a9709cf.jpg?im_w=720');
INSERT INTO IMAGE (IMAGE_ID, ACCOMODATION_ID, IMAGE_URL) VALUES (2465, 138, 'https://a0.muscache.com/im/pictures/a403b404-6e13-46bc-b3dc-ebe8bc9558f2.jpg?im_w=720');
INSERT INTO IMAGE (IMAGE_ID, ACCOMODATION_ID, IMAGE_URL) VALUES (2466, 138, 'https://a0.muscache.com/im/pictures/e8a8e050-e4ca-491a-a5f0-b5f7729147c5.jpg?im_w=720');
INSERT INTO IMAGE (IMAGE_ID, ACCOMODATION_ID, IMAGE_URL) VALUES (2467, 138, 'https://a0.muscache.com/im/pictures/1407e937-de77-491f-b045-972c4c111e64.jpg?im_w=720');
INSERT INTO IMAGE (IMAGE_ID, ACCOMODATION_ID, IMAGE_URL) VALUES (2468, 138, 'https://a0.muscache.com/im/pictures/4d1473bb-e413-4a13-aae2-0aa136732a2a.jpg?im_w=720');
INSERT INTO IMAGE (IMAGE_ID, ACCOMODATION_ID, IMAGE_URL) VALUES (2469, 138, 'https://a0.muscache.com/im/pictures/b28eb0ba-d471-43e7-b190-7021014585ed.jpg?im_w=720');
INSERT INTO IMAGE (IMAGE_ID, ACCOMODATION_ID, IMAGE_URL) VALUES (2470, 138, 'https://a0.muscache.com/im/pictures/2a8f3145-f035-4195-980c-76c679dd4155.jpg?im_w=720');
INSERT INTO IMAGE (IMAGE_ID, ACCOMODATION_ID, IMAGE_URL) VALUES (2471, 138, 'https://a0.muscache.com/im/pictures/miso/Hosting-19044195/original/32163c12-8c7c-4cc2-989e-333a438028ba.jpeg?im_w=720');

INSERT INTO LOCATION (LOCATION_ID, LOCATION_NAME, COUNTRY, REGION, CITY, LATITUDE, LONGITUDE) VALUES (139, '지명139', ' 서울', ' Mapo-gu', 'Seogyo-dong', 37.55424, 126.91897);
INSERT INTO ACCOMODATION (`ACCOMODATION_ID`, `LOCATION_ID`, `ACCOMODATION_NAME`, `HOST_NAME`, `DISCRIPTION`, `ACCOMODATION_TYPE`, `PRICE`, `MAXIMUM_OCCUPANCY`, `AVERAGE_POINT`, `BED_ROOM`, `BATH_ROOM`, `BED_COUNT`,`OPTION`) VALUES (139, 139, 'Cozy 홍대역 5분, 조용한 서교동 숙소(자가격리 불가)', '호스트139', '설명139', '개인실', 431942, 2, 9.6, 1, 1,1, '주방,무선 인터넷,에어컨,헤어드라이어');
INSERT INTO IMAGE (IMAGE_ID, ACCOMODATION_ID, IMAGE_URL) VALUES (2472, 139, 'https://a0.muscache.com/im/pictures/adb4a3b6-1f07-468e-8c1d-ac22b61aee78.jpg?im_w=720');
INSERT INTO IMAGE (IMAGE_ID, ACCOMODATION_ID, IMAGE_URL) VALUES (2473, 139, 'https://a0.muscache.com/im/pictures/cbc12a7c-8bfc-40e8-8666-fbeb117e3f81.jpg?im_w=720');
INSERT INTO IMAGE (IMAGE_ID, ACCOMODATION_ID, IMAGE_URL) VALUES (2474, 139, 'https://a0.muscache.com/im/pictures/4edef687-1566-4c8d-b46a-474a349562c0.jpg?im_w=720');
INSERT INTO IMAGE (IMAGE_ID, ACCOMODATION_ID, IMAGE_URL) VALUES (2475, 139, 'https://a0.muscache.com/im/pictures/ba86f0f4-a988-4127-92e4-9adfb358dd22.jpg?im_w=720');
INSERT INTO IMAGE (IMAGE_ID, ACCOMODATION_ID, IMAGE_URL) VALUES (2476, 139, 'https://a0.muscache.com/im/pictures/8f5a16fa-c4a6-4458-b0fd-4a64ccd97fd1.jpg?im_w=720');
INSERT INTO IMAGE (IMAGE_ID, ACCOMODATION_ID, IMAGE_URL) VALUES (2477, 139, 'https://a0.muscache.com/im/pictures/69e08e7c-5fcd-455d-853c-59f3ec1b46b3.jpg?im_w=720');
INSERT INTO IMAGE (IMAGE_ID, ACCOMODATION_ID, IMAGE_URL) VALUES (2478, 139, 'https://a0.muscache.com/im/pictures/375a5da8-db1e-444b-8879-4b45b92de406.jpg?im_w=720');
INSERT INTO IMAGE (IMAGE_ID, ACCOMODATION_ID, IMAGE_URL) VALUES (2479, 139, 'https://a0.muscache.com/im/pictures/c8265f63-8abd-4c83-8c03-6ab100369d3d.jpg?im_w=720');
INSERT INTO IMAGE (IMAGE_ID, ACCOMODATION_ID, IMAGE_URL) VALUES (2480, 139, 'https://a0.muscache.com/im/pictures/63ecf879-1d01-4041-980d-47398f11f0ba.jpg?im_w=720');
INSERT INTO IMAGE (IMAGE_ID, ACCOMODATION_ID, IMAGE_URL) VALUES (2481, 139, 'https://a0.muscache.com/im/pictures/6d6c83ef-1a2d-44ef-978d-2e12546a3cc5.jpg?im_w=720');
INSERT INTO IMAGE (IMAGE_ID, ACCOMODATION_ID, IMAGE_URL) VALUES (2482, 139, 'https://a0.muscache.com/im/pictures/a526858a-9216-4693-8af1-7f6171584da3.jpg?im_w=720');
INSERT INTO IMAGE (IMAGE_ID, ACCOMODATION_ID, IMAGE_URL) VALUES (2483, 139, 'https://a0.muscache.com/im/pictures/0f1852a0-3536-4783-a8bc-e6b8980f52af.jpg?im_w=720');

INSERT INTO LOCATION (LOCATION_ID, LOCATION_NAME, COUNTRY, REGION, CITY, LATITUDE, LONGITUDE) VALUES (140, '지명140', ' 서울', ' Mapo-gu', 'Donggyo-dong', 37.55635, 126.92298);
INSERT INTO ACCOMODATION (`ACCOMODATION_ID`, `LOCATION_ID`, `ACCOMODATION_NAME`, `HOST_NAME`, `DISCRIPTION`, `ACCOMODATION_TYPE`, `PRICE`, `MAXIMUM_OCCUPANCY`, `AVERAGE_POINT`, `BED_ROOM`, `BATH_ROOM`, `BED_COUNT`,`OPTION`) VALUES (140, 140, '홍대입구 출구연결 찾기쉽고 치안 좋은', '호스트140', '설명140', '집 전체', 454303, 2, 6.8, 1, 1,1, '주방,무선 인터넷,에어컨,헤어드라이어');
INSERT INTO IMAGE (IMAGE_ID, ACCOMODATION_ID, IMAGE_URL) VALUES (2484, 140, 'https://a0.muscache.com/im/pictures/7d38a8b6-645d-4635-999f-a85ffb019d58.jpg?im_w=720');
INSERT INTO IMAGE (IMAGE_ID, ACCOMODATION_ID, IMAGE_URL) VALUES (2485, 140, 'https://a0.muscache.com/im/pictures/f337afdd-fd5f-4f54-b9a4-699cb032ea5f.jpg?im_w=720');
INSERT INTO IMAGE (IMAGE_ID, ACCOMODATION_ID, IMAGE_URL) VALUES (2486, 140, 'https://a0.muscache.com/im/pictures/122e4332-5bc3-41e8-b9c5-15cf81c7fead.jpg?im_w=720');
INSERT INTO IMAGE (IMAGE_ID, ACCOMODATION_ID, IMAGE_URL) VALUES (2487, 140, 'https://a0.muscache.com/im/pictures/ab716435-67b0-4d65-974f-b42d7534e9f2.jpg?im_w=720');
INSERT INTO IMAGE (IMAGE_ID, ACCOMODATION_ID, IMAGE_URL) VALUES (2488, 140, 'https://a0.muscache.com/im/pictures/e5bce3d9-9608-4c4d-8395-bfa40b6970f7.jpg?im_w=720');
INSERT INTO IMAGE (IMAGE_ID, ACCOMODATION_ID, IMAGE_URL) VALUES (2489, 140, 'https://a0.muscache.com/im/pictures/3aaeb2f1-8ee2-430c-b9a8-394466ded508.jpg?im_w=720');
INSERT INTO IMAGE (IMAGE_ID, ACCOMODATION_ID, IMAGE_URL) VALUES (2490, 140, 'https://a0.muscache.com/im/pictures/f0a15a34-a0ea-46d8-8e9e-e0820e10a1bc.jpg?im_w=720');
INSERT INTO IMAGE (IMAGE_ID, ACCOMODATION_ID, IMAGE_URL) VALUES (2491, 140, 'https://a0.muscache.com/im/pictures/863da17f-837d-4438-b28b-2a00a45b209a.jpg?im_w=720');
INSERT INTO IMAGE (IMAGE_ID, ACCOMODATION_ID, IMAGE_URL) VALUES (2492, 140, 'https://a0.muscache.com/im/pictures/2600977a-85ca-4bd1-838b-db6b078a338d.jpg?im_w=720');
INSERT INTO IMAGE (IMAGE_ID, ACCOMODATION_ID, IMAGE_URL) VALUES (2493, 140, 'https://a0.muscache.com/im/pictures/7c58edea-fd8d-4858-8143-26cef8fc8205.jpg?im_w=720');
INSERT INTO IMAGE (IMAGE_ID, ACCOMODATION_ID, IMAGE_URL) VALUES (2494, 140, 'https://a0.muscache.com/im/pictures/929a59b7-9276-4920-86c0-0eb8c6ac8659.jpg?im_w=720');
INSERT INTO IMAGE (IMAGE_ID, ACCOMODATION_ID, IMAGE_URL) VALUES (2495, 140, 'https://a0.muscache.com/im/pictures/5d599742-d2d5-43f6-a02d-0eab66e00e70.jpg?im_w=720');
INSERT INTO IMAGE (IMAGE_ID, ACCOMODATION_ID, IMAGE_URL) VALUES (2496, 140, 'https://a0.muscache.com/im/pictures/8570f1f9-295a-481a-8594-3c9111d98720.jpg?im_w=720');
INSERT INTO IMAGE (IMAGE_ID, ACCOMODATION_ID, IMAGE_URL) VALUES (2497, 140, 'https://a0.muscache.com/im/pictures/ea59a507-96d4-47ff-8391-3b24ebbd462b.jpg?im_w=720');
INSERT INTO IMAGE (IMAGE_ID, ACCOMODATION_ID, IMAGE_URL) VALUES (2498, 140, 'https://a0.muscache.com/im/pictures/12b1dd78-1185-4553-8250-d33c5babd5a3.jpg?im_w=720');

INSERT INTO LOCATION (LOCATION_ID, LOCATION_NAME, COUNTRY, REGION, CITY, LATITUDE, LONGITUDE) VALUES (141, '지명141', ' 서울', ' Mapo-gu', 'Donggyo-dong', 37.56063, 126.92428);
INSERT INTO ACCOMODATION (`ACCOMODATION_ID`, `LOCATION_ID`, `ACCOMODATION_NAME`, `HOST_NAME`, `DISCRIPTION`, `ACCOMODATION_TYPE`, `PRICE`, `MAXIMUM_OCCUPANCY`, `AVERAGE_POINT`, `BED_ROOM`, `BATH_ROOM`, `BED_COUNT`,`OPTION`) VALUES (141, 141, 'family36-자가격리가능', '호스트141', '설명141', '개인실', 414320, 1, 5.6, 1, 1,1, '무선 인터넷,에어컨,헤어드라이어');
INSERT INTO IMAGE (IMAGE_ID, ACCOMODATION_ID, IMAGE_URL) VALUES (2499, 141, 'https://a0.muscache.com/im/pictures/miso/Hosting-46535302/original/f324c88e-3a4f-45a6-9355-b994f643ed97.jpeg?im_w=720');
INSERT INTO IMAGE (IMAGE_ID, ACCOMODATION_ID, IMAGE_URL) VALUES (2500, 141, 'https://a0.muscache.com/im/pictures/miso/Hosting-46535302/original/a00b6adb-8f60-49e7-8545-f0e6f6cf4713.jpeg?im_w=720');
INSERT INTO IMAGE (IMAGE_ID, ACCOMODATION_ID, IMAGE_URL) VALUES (2501, 141, 'https://a0.muscache.com/im/pictures/miso/Hosting-46535302/original/ebcf8023-7a91-451d-8730-b293b21e60f9.jpeg?im_w=720');
INSERT INTO IMAGE (IMAGE_ID, ACCOMODATION_ID, IMAGE_URL) VALUES (2502, 141, 'https://a0.muscache.com/im/pictures/miso/Hosting-46535302/original/3ee29650-0be7-41be-8f68-b3446805d6fe.jpeg?im_w=720');
INSERT INTO IMAGE (IMAGE_ID, ACCOMODATION_ID, IMAGE_URL) VALUES (2503, 141, 'https://a0.muscache.com/im/pictures/miso/Hosting-46535302/original/759e165a-d892-49de-9179-52e09c1193ce.jpeg?im_w=720');
INSERT INTO IMAGE (IMAGE_ID, ACCOMODATION_ID, IMAGE_URL) VALUES (2504, 141, 'https://a0.muscache.com/im/pictures/miso/Hosting-46535302/original/c6d39956-c00f-45fa-afd6-ab29cc64ecc8.jpeg?im_w=720');
INSERT INTO IMAGE (IMAGE_ID, ACCOMODATION_ID, IMAGE_URL) VALUES (2505, 141, 'https://a0.muscache.com/im/pictures/miso/Hosting-46535302/original/84b34ff0-23bd-4971-8fbc-64f7d6a9e810.jpeg?im_w=720');
INSERT INTO IMAGE (IMAGE_ID, ACCOMODATION_ID, IMAGE_URL) VALUES (2506, 141, 'https://a0.muscache.com/im/pictures/miso/Hosting-46535302/original/95a598f3-4578-47bd-984c-ff6b15b9b663.jpeg?im_w=720');

INSERT INTO LOCATION (LOCATION_ID, LOCATION_NAME, COUNTRY, REGION, CITY, LATITUDE, LONGITUDE) VALUES (142, '지명142', ' 서울', ' Mapo-gu', 'Seogyo-dong', 37.55356, 126.91928);
INSERT INTO ACCOMODATION (`ACCOMODATION_ID`, `LOCATION_ID`, `ACCOMODATION_NAME`, `HOST_NAME`, `DISCRIPTION`, `ACCOMODATION_TYPE`, `PRICE`, `MAXIMUM_OCCUPANCY`, `AVERAGE_POINT`, `BED_ROOM`, `BATH_ROOM`, `BED_COUNT`,`OPTION`) VALUES (142, 142, '편안하고 안락한 서교동, 마포구 숙소', '호스트142', '설명142', '집 전체', 576975, 2, 3.6, 1, 1,1, '주방,무선 인터넷,에어컨,헤어드라이어');
INSERT INTO IMAGE (IMAGE_ID, ACCOMODATION_ID, IMAGE_URL) VALUES (2507, 142, 'https://a0.muscache.com/im/pictures/2f6ccfaa-b050-4a7f-875d-bc1c47d28967.jpg?im_w=720');
INSERT INTO IMAGE (IMAGE_ID, ACCOMODATION_ID, IMAGE_URL) VALUES (2508, 142, 'https://a0.muscache.com/im/pictures/3076532d-d768-4549-ae94-d5a3cc26bfe3.jpg?im_w=720');
INSERT INTO IMAGE (IMAGE_ID, ACCOMODATION_ID, IMAGE_URL) VALUES (2509, 142, 'https://a0.muscache.com/im/pictures/2ab4aa53-c38e-41ed-8d83-691f11de23e7.jpg?im_w=720');
INSERT INTO IMAGE (IMAGE_ID, ACCOMODATION_ID, IMAGE_URL) VALUES (2510, 142, 'https://a0.muscache.com/im/pictures/8cffef3c-286e-4265-87c3-04e6617c43de.jpg?im_w=720');
INSERT INTO IMAGE (IMAGE_ID, ACCOMODATION_ID, IMAGE_URL) VALUES (2511, 142, 'https://a0.muscache.com/im/pictures/504c6ff7-7441-4493-a00d-0aec416af2f7.jpg?im_w=720');
INSERT INTO IMAGE (IMAGE_ID, ACCOMODATION_ID, IMAGE_URL) VALUES (2512, 142, 'https://a0.muscache.com/im/pictures/ec799215-6fc1-474a-a545-27ea3bd9aa51.jpg?im_w=720');
INSERT INTO IMAGE (IMAGE_ID, ACCOMODATION_ID, IMAGE_URL) VALUES (2513, 142, 'https://a0.muscache.com/im/pictures/50da31eb-f510-4483-9bea-f4f66e796700.jpg?im_w=720');
INSERT INTO IMAGE (IMAGE_ID, ACCOMODATION_ID, IMAGE_URL) VALUES (2514, 142, 'https://a0.muscache.com/im/pictures/47a235bd-c816-4831-9535-69fef99ebd1b.jpg?im_w=720');

INSERT INTO LOCATION (LOCATION_ID, LOCATION_NAME, COUNTRY, REGION, CITY, LATITUDE, LONGITUDE) VALUES (143, '지명143', ' 서울', ' Mapo-gu', 'Yeonnam-dong', 37.56413, 126.92471);
INSERT INTO ACCOMODATION (`ACCOMODATION_ID`, `LOCATION_ID`, `ACCOMODATION_NAME`, `HOST_NAME`, `DISCRIPTION`, `ACCOMODATION_TYPE`, `PRICE`, `MAXIMUM_OCCUPANCY`, `AVERAGE_POINT`, `BED_ROOM`, `BATH_ROOM`, `BED_COUNT`,`OPTION`) VALUES (143, 143, '#301 Big, spacious Private room in Hongdae', '호스트143', '설명143', '개인실', 372861, 1, 5.9, 1, 2,1, '주방,무선 인터넷,에어컨');
INSERT INTO IMAGE (IMAGE_ID, ACCOMODATION_ID, IMAGE_URL) VALUES (2515, 143, 'https://a0.muscache.com/im/pictures/miso/Hosting-49694047/original/0f76e488-f8af-4b92-9315-fa083497de0e.jpeg?im_w=720');
INSERT INTO IMAGE (IMAGE_ID, ACCOMODATION_ID, IMAGE_URL) VALUES (2516, 143, 'https://a0.muscache.com/im/pictures/ca73459b-da15-4821-945a-13de7e9abc71.jpg?im_w=720');
INSERT INTO IMAGE (IMAGE_ID, ACCOMODATION_ID, IMAGE_URL) VALUES (2517, 143, 'https://a0.muscache.com/im/pictures/miso/Hosting-49694047/original/77969109-3148-447f-949b-34b42903d4e1.jpeg?im_w=720');
INSERT INTO IMAGE (IMAGE_ID, ACCOMODATION_ID, IMAGE_URL) VALUES (2518, 143, 'https://a0.muscache.com/im/pictures/miso/Hosting-49694047/original/ac46bf6f-e509-4919-a53c-61d81e8e18de.jpeg?im_w=720');
INSERT INTO IMAGE (IMAGE_ID, ACCOMODATION_ID, IMAGE_URL) VALUES (2519, 143, 'https://a0.muscache.com/im/pictures/miso/Hosting-49694047/original/3842f3e8-8667-4bf4-9e6f-1d8ef587787f.jpeg?im_w=720');
INSERT INTO IMAGE (IMAGE_ID, ACCOMODATION_ID, IMAGE_URL) VALUES (2520, 143, 'https://a0.muscache.com/im/pictures/miso/Hosting-49694047/original/8ea46c0f-97a3-4f2d-9ee5-670bfdd3800e.jpeg?im_w=720');
INSERT INTO IMAGE (IMAGE_ID, ACCOMODATION_ID, IMAGE_URL) VALUES (2521, 143, 'https://a0.muscache.com/im/pictures/miso/Hosting-49694047/original/2c5eb2ca-4fe1-465b-9eb8-d1dd5281aef3.jpeg?im_w=720');

INSERT INTO LOCATION (LOCATION_ID, LOCATION_NAME, COUNTRY, REGION, CITY, LATITUDE, LONGITUDE) VALUES (144, '지명144', ' 서울', ' Mapo-gu', 'Seogyo-dong', 37.55215, 126.92103);
INSERT INTO ACCOMODATION (`ACCOMODATION_ID`, `LOCATION_ID`, `ACCOMODATION_NAME`, `HOST_NAME`, `DISCRIPTION`, `ACCOMODATION_TYPE`, `PRICE`, `MAXIMUM_OCCUPANCY`, `AVERAGE_POINT`, `BED_ROOM`, `BATH_ROOM`, `BED_COUNT`,`OPTION`) VALUES (144, 144, 'H Cozy House 205-1min to Hongik Uni', '호스트144', '설명144', '집 전체', 317561, 4, 1.8, 1, 1,1, '주방,무선 인터넷,에어컨,헤어드라이어');
INSERT INTO IMAGE (IMAGE_ID, ACCOMODATION_ID, IMAGE_URL) VALUES (2522, 144, 'https://a0.muscache.com/im/pictures/f18faffb-82cf-46b9-8758-ac4724c3b3a0.jpg?im_w=720');
INSERT INTO IMAGE (IMAGE_ID, ACCOMODATION_ID, IMAGE_URL) VALUES (2523, 144, 'https://a0.muscache.com/im/pictures/20c65b98-e484-4e00-b7be-34395059e575.jpg?im_w=720');
INSERT INTO IMAGE (IMAGE_ID, ACCOMODATION_ID, IMAGE_URL) VALUES (2524, 144, 'https://a0.muscache.com/im/pictures/f04c9285-53e3-4a6e-b02f-786dac5034d1.jpg?im_w=720');
INSERT INTO IMAGE (IMAGE_ID, ACCOMODATION_ID, IMAGE_URL) VALUES (2525, 144, 'https://a0.muscache.com/im/pictures/d6c35871-08e1-4eaf-83c9-5148723715e6.jpg?im_w=720');
INSERT INTO IMAGE (IMAGE_ID, ACCOMODATION_ID, IMAGE_URL) VALUES (2526, 144, 'https://a0.muscache.com/im/pictures/647109bf-ac35-4736-b505-cd127e19de4f.jpg?im_w=720');
INSERT INTO IMAGE (IMAGE_ID, ACCOMODATION_ID, IMAGE_URL) VALUES (2527, 144, 'https://a0.muscache.com/im/pictures/383f3cdd-bd19-4c55-ac5e-46ce5a9ef91c.jpg?im_w=720');
INSERT INTO IMAGE (IMAGE_ID, ACCOMODATION_ID, IMAGE_URL) VALUES (2528, 144, 'https://a0.muscache.com/im/pictures/6d1036aa-5ec2-4054-9537-ef5c39ae3aef.jpg?im_w=720');
INSERT INTO IMAGE (IMAGE_ID, ACCOMODATION_ID, IMAGE_URL) VALUES (2529, 144, 'https://a0.muscache.com/im/pictures/c722e81a-af95-4727-b36b-02007e368d8f.jpg?im_w=720');
INSERT INTO IMAGE (IMAGE_ID, ACCOMODATION_ID, IMAGE_URL) VALUES (2530, 144, 'https://a0.muscache.com/im/pictures/d5954574-7ac8-45a4-b84b-63eb7e4fbb9f.jpg?im_w=720');
INSERT INTO IMAGE (IMAGE_ID, ACCOMODATION_ID, IMAGE_URL) VALUES (2531, 144, 'https://a0.muscache.com/im/pictures/654ca85e-8d77-429c-bd19-aad892b652f3.jpg?im_w=720');
INSERT INTO IMAGE (IMAGE_ID, ACCOMODATION_ID, IMAGE_URL) VALUES (2532, 144, 'https://a0.muscache.com/im/pictures/5a833aab-bff7-4b7b-99d5-9c2df0327c48.jpg?im_w=720');
INSERT INTO IMAGE (IMAGE_ID, ACCOMODATION_ID, IMAGE_URL) VALUES (2533, 144, 'https://a0.muscache.com/im/pictures/c61d3774-b25c-4f2f-9a6c-81be5d5af31b.jpg?im_w=720');
INSERT INTO IMAGE (IMAGE_ID, ACCOMODATION_ID, IMAGE_URL) VALUES (2534, 144, 'https://a0.muscache.com/im/pictures/52d33236-fdc4-416d-8772-ef56b874191b.jpg?im_w=720');
INSERT INTO IMAGE (IMAGE_ID, ACCOMODATION_ID, IMAGE_URL) VALUES (2535, 144, 'https://a0.muscache.com/im/pictures/7b2f55a1-6d44-4f99-b9fc-c763f7f8ae4d.jpg?im_w=720');
INSERT INTO IMAGE (IMAGE_ID, ACCOMODATION_ID, IMAGE_URL) VALUES (2536, 144, 'https://a0.muscache.com/im/pictures/ccc2a11f-1ffb-4470-8154-8edc76e097bb.jpg?im_w=720');
INSERT INTO IMAGE (IMAGE_ID, ACCOMODATION_ID, IMAGE_URL) VALUES (2537, 144, 'https://a0.muscache.com/im/pictures/810f9a48-3239-4c2b-93ea-ae923f52bfe5.jpg?im_w=720');
INSERT INTO IMAGE (IMAGE_ID, ACCOMODATION_ID, IMAGE_URL) VALUES (2538, 144, 'https://a0.muscache.com/im/pictures/f0999ea1-23d5-4d8a-a215-20ffcabd054e.jpg?im_w=720');
INSERT INTO IMAGE (IMAGE_ID, ACCOMODATION_ID, IMAGE_URL) VALUES (2539, 144, 'https://a0.muscache.com/im/pictures/b8e3d52b-5eb7-4b22-afec-85bf7dd92715.jpg?im_w=720');
INSERT INTO IMAGE (IMAGE_ID, ACCOMODATION_ID, IMAGE_URL) VALUES (2540, 144, 'https://a0.muscache.com/im/pictures/d3072ef4-79ac-400a-8472-a548b9ab1590.jpg?im_w=720');
INSERT INTO IMAGE (IMAGE_ID, ACCOMODATION_ID, IMAGE_URL) VALUES (2541, 144, 'https://a0.muscache.com/im/pictures/53ff4839-36e8-4d09-b277-ace7c58968aa.jpg?im_w=720');
INSERT INTO IMAGE (IMAGE_ID, ACCOMODATION_ID, IMAGE_URL) VALUES (2542, 144, 'https://a0.muscache.com/im/pictures/dcd0aff2-ae9e-40d0-bbef-5350c8f897e2.jpg?im_w=720');
INSERT INTO IMAGE (IMAGE_ID, ACCOMODATION_ID, IMAGE_URL) VALUES (2543, 144, 'https://a0.muscache.com/im/pictures/dd4e9b2b-ec29-44db-abec-773367527042.jpg?im_w=720');
INSERT INTO IMAGE (IMAGE_ID, ACCOMODATION_ID, IMAGE_URL) VALUES (2544, 144, 'https://a0.muscache.com/im/pictures/f1c77ba7-de69-4d20-8835-2892f1898da8.jpg?im_w=720');
INSERT INTO IMAGE (IMAGE_ID, ACCOMODATION_ID, IMAGE_URL) VALUES (2545, 144, 'https://a0.muscache.com/im/pictures/5d6927b5-1b0e-4290-9a08-a7a04c42625a.jpg?im_w=720');
INSERT INTO IMAGE (IMAGE_ID, ACCOMODATION_ID, IMAGE_URL) VALUES (2546, 144, 'https://a0.muscache.com/im/pictures/d4601f93-4f15-45a4-b7d8-0f31c56e9061.jpg?im_w=720');
INSERT INTO IMAGE (IMAGE_ID, ACCOMODATION_ID, IMAGE_URL) VALUES (2547, 144, 'https://a0.muscache.com/im/pictures/276839b1-29bd-4fbe-86c1-376f97a283f1.jpg?im_w=720');
INSERT INTO IMAGE (IMAGE_ID, ACCOMODATION_ID, IMAGE_URL) VALUES (2548, 144, 'https://a0.muscache.com/im/pictures/982d8f3c-6a34-4f4c-a1e7-425fa7a1196c.jpg?im_w=720');
INSERT INTO IMAGE (IMAGE_ID, ACCOMODATION_ID, IMAGE_URL) VALUES (2549, 144, 'https://a0.muscache.com/im/pictures/c369a939-3349-40fa-bb98-2836568fdfbf.jpg?im_w=720');
INSERT INTO IMAGE (IMAGE_ID, ACCOMODATION_ID, IMAGE_URL) VALUES (2550, 144, 'https://a0.muscache.com/im/pictures/37928a8a-7551-4948-be0c-b9f2bf6c0b66.jpg?im_w=720');
INSERT INTO IMAGE (IMAGE_ID, ACCOMODATION_ID, IMAGE_URL) VALUES (2551, 144, 'https://a0.muscache.com/im/pictures/166f8adb-abd0-4b1f-93ea-0f91867a817f.jpg?im_w=720');

INSERT INTO LOCATION (LOCATION_ID, LOCATION_NAME, COUNTRY, REGION, CITY, LATITUDE, LONGITUDE) VALUES (145, '지명145', ' 서울', ' Mapo-gu', 'Seogyo-dong', 37.55674, 126.92022);
INSERT INTO ACCOMODATION (`ACCOMODATION_ID`, `LOCATION_ID`, `ACCOMODATION_NAME`, `HOST_NAME`, `DISCRIPTION`, `ACCOMODATION_TYPE`, `PRICE`, `MAXIMUM_OCCUPANCY`, `AVERAGE_POINT`, `BED_ROOM`, `BATH_ROOM`, `BED_COUNT`,`OPTION`) VALUES (145, 145, '★★ 연트럴파크근방넓은숙소★★ House A2 (홍대역1번출구!5분거리!)', '호스트145', '설명145', '집 전체', 508997, 3, 1.0, 1, 1,1, '주방,무선 인터넷,에어컨,헤어드라이어');
INSERT INTO IMAGE (IMAGE_ID, ACCOMODATION_ID, IMAGE_URL) VALUES (2552, 145, 'https://a0.muscache.com/im/pictures/d03e603d-8a24-4ce9-be94-d352b1981d15.jpg?im_w=720');
INSERT INTO IMAGE (IMAGE_ID, ACCOMODATION_ID, IMAGE_URL) VALUES (2553, 145, 'https://a0.muscache.com/im/pictures/ab38fadc-5ee9-4aea-b02f-efdecd373316.jpg?im_w=720');
INSERT INTO IMAGE (IMAGE_ID, ACCOMODATION_ID, IMAGE_URL) VALUES (2554, 145, 'https://a0.muscache.com/im/pictures/8c6e4b00-cbf7-4616-a35b-fe3ec1404997.jpg?im_w=720');
INSERT INTO IMAGE (IMAGE_ID, ACCOMODATION_ID, IMAGE_URL) VALUES (2555, 145, 'https://a0.muscache.com/im/pictures/bd926ce8-70a2-4d95-8641-fd3c47701194.jpg?im_w=720');
INSERT INTO IMAGE (IMAGE_ID, ACCOMODATION_ID, IMAGE_URL) VALUES (2556, 145, 'https://a0.muscache.com/im/pictures/ec63ab5d-2043-4464-92af-1043991a8ab6.jpg?im_w=720');
INSERT INTO IMAGE (IMAGE_ID, ACCOMODATION_ID, IMAGE_URL) VALUES (2557, 145, 'https://a0.muscache.com/im/pictures/bcf6aaec-25af-4edc-b986-5b426a5b26d9.jpg?im_w=720');
INSERT INTO IMAGE (IMAGE_ID, ACCOMODATION_ID, IMAGE_URL) VALUES (2558, 145, 'https://a0.muscache.com/im/pictures/e52f4a04-695c-4504-9435-f7ef8950743f.jpg?im_w=720');
INSERT INTO IMAGE (IMAGE_ID, ACCOMODATION_ID, IMAGE_URL) VALUES (2559, 145, 'https://a0.muscache.com/im/pictures/16052d4f-b789-4c54-85e3-77a88814a364.jpg?im_w=720');
INSERT INTO IMAGE (IMAGE_ID, ACCOMODATION_ID, IMAGE_URL) VALUES (2560, 145, 'https://a0.muscache.com/im/pictures/5fe7c27a-14c2-47af-bc65-4f89bf87fe1e.jpg?im_w=720');
INSERT INTO IMAGE (IMAGE_ID, ACCOMODATION_ID, IMAGE_URL) VALUES (2561, 145, 'https://a0.muscache.com/im/pictures/d86edecb-fb57-41ce-b862-d3cfed9333ac.jpg?im_w=720');
INSERT INTO IMAGE (IMAGE_ID, ACCOMODATION_ID, IMAGE_URL) VALUES (2562, 145, 'https://a0.muscache.com/im/pictures/027cea66-c839-47b8-8fe6-1bdb1f7ab0cb.jpg?im_w=720');
INSERT INTO IMAGE (IMAGE_ID, ACCOMODATION_ID, IMAGE_URL) VALUES (2563, 145, 'https://a0.muscache.com/im/pictures/b1dbc50c-c820-4ef0-9fdb-e66021cf9092.jpg?im_w=720');
INSERT INTO IMAGE (IMAGE_ID, ACCOMODATION_ID, IMAGE_URL) VALUES (2564, 145, 'https://a0.muscache.com/im/pictures/83ce37a2-d123-4cd7-8d79-8c5114a83f59.jpg?im_w=720');
INSERT INTO IMAGE (IMAGE_ID, ACCOMODATION_ID, IMAGE_URL) VALUES (2565, 145, 'https://a0.muscache.com/im/pictures/d539b1c3-3765-42d4-a378-d8e78a318ebc.jpg?im_w=720');
INSERT INTO IMAGE (IMAGE_ID, ACCOMODATION_ID, IMAGE_URL) VALUES (2566, 145, 'https://a0.muscache.com/im/pictures/e02d1022-d28a-47cd-bf86-b5abe3ca78f4.jpg?im_w=720');
INSERT INTO IMAGE (IMAGE_ID, ACCOMODATION_ID, IMAGE_URL) VALUES (2567, 145, 'https://a0.muscache.com/im/pictures/df683b18-1dde-4417-bf39-95613fc02b06.jpg?im_w=720');
INSERT INTO IMAGE (IMAGE_ID, ACCOMODATION_ID, IMAGE_URL) VALUES (2568, 145, 'https://a0.muscache.com/im/pictures/85059470-bd93-4440-a066-3793bd042b9c.jpg?im_w=720');
INSERT INTO IMAGE (IMAGE_ID, ACCOMODATION_ID, IMAGE_URL) VALUES (2569, 145, 'https://a0.muscache.com/im/pictures/053f2bb5-57ce-4b89-8a3b-935918c7a61e.jpg?im_w=720');
INSERT INTO IMAGE (IMAGE_ID, ACCOMODATION_ID, IMAGE_URL) VALUES (2570, 145, 'https://a0.muscache.com/im/pictures/e89f13b5-f9bd-4281-9ee4-7c3bec26896a.jpg?im_w=720');
INSERT INTO IMAGE (IMAGE_ID, ACCOMODATION_ID, IMAGE_URL) VALUES (2571, 145, 'https://a0.muscache.com/im/pictures/d20b979f-0251-4f22-90de-3e32e0ec87f7.jpg?im_w=720');
INSERT INTO IMAGE (IMAGE_ID, ACCOMODATION_ID, IMAGE_URL) VALUES (2572, 145, 'https://a0.muscache.com/im/pictures/4b3dcb0e-1b56-4280-9107-b5f4010d248f.jpg?im_w=720');
INSERT INTO IMAGE (IMAGE_ID, ACCOMODATION_ID, IMAGE_URL) VALUES (2573, 145, 'https://a0.muscache.com/im/pictures/5bb6eb8c-61f2-47d3-b84c-806bc5187646.jpg?im_w=720');
INSERT INTO IMAGE (IMAGE_ID, ACCOMODATION_ID, IMAGE_URL) VALUES (2574, 145, 'https://a0.muscache.com/im/pictures/3157d900-4d8a-45b5-89f5-ee3ea5cc989b.jpg?im_w=720');
INSERT INTO IMAGE (IMAGE_ID, ACCOMODATION_ID, IMAGE_URL) VALUES (2575, 145, 'https://a0.muscache.com/im/pictures/2593ff9a-7fbd-4d82-9a12-b9d4bcca6eac.jpg?im_w=720');
INSERT INTO IMAGE (IMAGE_ID, ACCOMODATION_ID, IMAGE_URL) VALUES (2576, 145, 'https://a0.muscache.com/im/pictures/b8446782-833b-4189-84e9-155c70469704.jpg?im_w=720');
INSERT INTO IMAGE (IMAGE_ID, ACCOMODATION_ID, IMAGE_URL) VALUES (2577, 145, 'https://a0.muscache.com/im/pictures/9c3b9aca-6933-4f55-b38d-8aa34c9fa54d.jpg?im_w=720');
INSERT INTO IMAGE (IMAGE_ID, ACCOMODATION_ID, IMAGE_URL) VALUES (2578, 145, 'https://a0.muscache.com/im/pictures/dd93a935-76db-4d44-86bc-052dbe76f041.jpg?im_w=720');
INSERT INTO IMAGE (IMAGE_ID, ACCOMODATION_ID, IMAGE_URL) VALUES (2579, 145, 'https://a0.muscache.com/im/pictures/d559eabb-fbe3-42e5-b313-74cc76875d48.jpg?im_w=720');
INSERT INTO IMAGE (IMAGE_ID, ACCOMODATION_ID, IMAGE_URL) VALUES (2580, 145, 'https://a0.muscache.com/im/pictures/658d12bd-f8eb-4b4a-8cf9-c46400076993.jpg?im_w=720');
INSERT INTO IMAGE (IMAGE_ID, ACCOMODATION_ID, IMAGE_URL) VALUES (2581, 145, 'https://a0.muscache.com/im/pictures/0fb612bc-af33-4d84-993e-d9a64496f7ae.jpg?im_w=720');

INSERT INTO LOCATION (LOCATION_ID, LOCATION_NAME, COUNTRY, REGION, CITY, LATITUDE, LONGITUDE) VALUES (146, '지명146', ' 서울', ' Mapo-gu', 'Yeonnam-dong', 37.56093, 126.92111);
INSERT INTO ACCOMODATION (`ACCOMODATION_ID`, `LOCATION_ID`, `ACCOMODATION_NAME`, `HOST_NAME`, `DISCRIPTION`, `ACCOMODATION_TYPE`, `PRICE`, `MAXIMUM_OCCUPANCY`, `AVERAGE_POINT`, `BED_ROOM`, `BATH_ROOM`, `BED_COUNT`,`OPTION`) VALUES (146, 146, 'The Blossom in Hongdae #302', '호스트146', '설명146', '개인실', 456474, 1, 8.0, 1, 1,1, '주방,무선 인터넷,에어컨,헤어드라이어');
INSERT INTO IMAGE (IMAGE_ID, ACCOMODATION_ID, IMAGE_URL) VALUES (2582, 146, 'https://a0.muscache.com/im/pictures/a779b64e-4d4c-4006-9033-00893170c6cf.jpg?im_w=720');
INSERT INTO IMAGE (IMAGE_ID, ACCOMODATION_ID, IMAGE_URL) VALUES (2583, 146, 'https://a0.muscache.com/im/pictures/02263e86-b7a6-4055-a287-1d789c9590c1.jpg?im_w=720');
INSERT INTO IMAGE (IMAGE_ID, ACCOMODATION_ID, IMAGE_URL) VALUES (2584, 146, 'https://a0.muscache.com/im/pictures/0dd7bb3e-d4ba-4c3b-8e21-512714db1c07.jpg?im_w=720');
INSERT INTO IMAGE (IMAGE_ID, ACCOMODATION_ID, IMAGE_URL) VALUES (2585, 146, 'https://a0.muscache.com/im/pictures/4cb879a1-f545-478c-a1f3-1803f60bb5e7.jpg?im_w=720');
INSERT INTO IMAGE (IMAGE_ID, ACCOMODATION_ID, IMAGE_URL) VALUES (2586, 146, 'https://a0.muscache.com/im/pictures/3a6d1045-2d35-49d3-aa2e-391299740beb.jpg?im_w=720');
INSERT INTO IMAGE (IMAGE_ID, ACCOMODATION_ID, IMAGE_URL) VALUES (2587, 146, 'https://a0.muscache.com/im/pictures/3f925600-70e6-429b-8f20-2cde43c16b9b.jpg?im_w=720');
INSERT INTO IMAGE (IMAGE_ID, ACCOMODATION_ID, IMAGE_URL) VALUES (2588, 146, 'https://a0.muscache.com/im/pictures/ae3e7507-9c35-4514-b3ae-dc8c06950125.jpg?im_w=720');
INSERT INTO IMAGE (IMAGE_ID, ACCOMODATION_ID, IMAGE_URL) VALUES (2589, 146, 'https://a0.muscache.com/im/pictures/b7e833f6-653d-4d95-9a09-280249500766.jpg?im_w=720');
INSERT INTO IMAGE (IMAGE_ID, ACCOMODATION_ID, IMAGE_URL) VALUES (2590, 146, 'https://a0.muscache.com/im/pictures/51704cda-ee0d-48c1-b3cf-02e265b8a076.jpg?im_w=720');
INSERT INTO IMAGE (IMAGE_ID, ACCOMODATION_ID, IMAGE_URL) VALUES (2591, 146, 'https://a0.muscache.com/im/pictures/e4b384cc-fb4a-4a6f-863f-1c8090d82f91.jpg?im_w=720');
INSERT INTO IMAGE (IMAGE_ID, ACCOMODATION_ID, IMAGE_URL) VALUES (2592, 146, 'https://a0.muscache.com/im/pictures/b9bc500c-ad8b-4020-b435-30f8e8ded797.jpg?im_w=720');
INSERT INTO IMAGE (IMAGE_ID, ACCOMODATION_ID, IMAGE_URL) VALUES (2593, 146, 'https://a0.muscache.com/im/pictures/bcbab8aa-ce89-4dec-bab1-f6653d410650.jpg?im_w=720');
INSERT INTO IMAGE (IMAGE_ID, ACCOMODATION_ID, IMAGE_URL) VALUES (2594, 146, 'https://a0.muscache.com/im/pictures/88371b98-bbe9-4f82-bcde-0e50ecd95d01.jpg?im_w=720');
INSERT INTO IMAGE (IMAGE_ID, ACCOMODATION_ID, IMAGE_URL) VALUES (2595, 146, 'https://a0.muscache.com/im/pictures/b5365c7f-f630-4724-a279-7d5c2e72199d.jpg?im_w=720');
INSERT INTO IMAGE (IMAGE_ID, ACCOMODATION_ID, IMAGE_URL) VALUES (2596, 146, 'https://a0.muscache.com/im/pictures/83d2d8a4-9705-4998-be9b-ea1185b98de7.jpg?im_w=720');
INSERT INTO IMAGE (IMAGE_ID, ACCOMODATION_ID, IMAGE_URL) VALUES (2597, 146, 'https://a0.muscache.com/im/pictures/f595aa83-cb6c-4a73-808f-b6f1cb043677.jpg?im_w=720');
INSERT INTO IMAGE (IMAGE_ID, ACCOMODATION_ID, IMAGE_URL) VALUES (2598, 146, 'https://a0.muscache.com/im/pictures/52472bd7-bc53-40a0-afcb-38b42cee49b0.jpg?im_w=720');
INSERT INTO IMAGE (IMAGE_ID, ACCOMODATION_ID, IMAGE_URL) VALUES (2599, 146, 'https://a0.muscache.com/im/pictures/16eac1a5-7b0b-4d5a-89ae-a6a37021aa4f.jpg?im_w=720');
INSERT INTO IMAGE (IMAGE_ID, ACCOMODATION_ID, IMAGE_URL) VALUES (2600, 146, 'https://a0.muscache.com/im/pictures/41d659ef-0db3-4504-9977-91f7a75d6eb0.jpg?im_w=720');

INSERT INTO LOCATION (LOCATION_ID, LOCATION_NAME, COUNTRY, REGION, CITY, LATITUDE, LONGITUDE) VALUES (147, '지명147', ' 한국', ' 서울특별시', '마포구', 37.55801, 126.92442);
INSERT INTO ACCOMODATION (`ACCOMODATION_ID`, `LOCATION_ID`, `ACCOMODATION_NAME`, `HOST_NAME`, `DISCRIPTION`, `ACCOMODATION_TYPE`, `PRICE`, `MAXIMUM_OCCUPANCY`, `AVERAGE_POINT`, `BED_ROOM`, `BATH_ROOM`, `BED_COUNT`,`OPTION`) VALUES (147, 147, 'Hongik Univ.Stn 2mins 도심속 캠핑, 루프탑bbq 연트럴파크,홍대입구역2분', '호스트147', '설명147', '집 전체', 711239, 4, 9.4, 1, 1,1, '주방,무선 인터넷,에어컨,헤어드라이어');
INSERT INTO IMAGE (IMAGE_ID, ACCOMODATION_ID, IMAGE_URL) VALUES (2601, 147, 'https://a0.muscache.com/im/pictures/c2b845b3-95fe-49bb-84f5-a42ac4a25ccc.jpg?im_w=720');
INSERT INTO IMAGE (IMAGE_ID, ACCOMODATION_ID, IMAGE_URL) VALUES (2602, 147, 'https://a0.muscache.com/im/pictures/0ecc4f13-02db-4bf0-b6a6-08a0071cc720.jpg?im_w=720');
INSERT INTO IMAGE (IMAGE_ID, ACCOMODATION_ID, IMAGE_URL) VALUES (2603, 147, 'https://a0.muscache.com/im/pictures/85d81538-25c5-48b0-8ec1-5fb62b4cc38b.jpg?im_w=720');
INSERT INTO IMAGE (IMAGE_ID, ACCOMODATION_ID, IMAGE_URL) VALUES (2604, 147, 'https://a0.muscache.com/im/pictures/c561b484-f2b9-423a-9b68-673663496b30.jpg?im_w=720');
INSERT INTO IMAGE (IMAGE_ID, ACCOMODATION_ID, IMAGE_URL) VALUES (2605, 147, 'https://a0.muscache.com/im/pictures/6fc122a1-33ed-4840-87cb-b6f2ed3cd075.jpg?im_w=720');
INSERT INTO IMAGE (IMAGE_ID, ACCOMODATION_ID, IMAGE_URL) VALUES (2606, 147, 'https://a0.muscache.com/im/pictures/ed0c4e36-8997-4604-ac01-5852f011c9d7.jpg?im_w=720');
INSERT INTO IMAGE (IMAGE_ID, ACCOMODATION_ID, IMAGE_URL) VALUES (2607, 147, 'https://a0.muscache.com/im/pictures/01b10f79-387a-4f6f-a96e-bbe4b64fda2a.jpg?im_w=720');
INSERT INTO IMAGE (IMAGE_ID, ACCOMODATION_ID, IMAGE_URL) VALUES (2608, 147, 'https://a0.muscache.com/im/pictures/e9774e29-90d5-4d35-ace2-ca38378ae235.jpg?im_w=720');
INSERT INTO IMAGE (IMAGE_ID, ACCOMODATION_ID, IMAGE_URL) VALUES (2609, 147, 'https://a0.muscache.com/im/pictures/f312f0c1-e65c-424c-8a8c-f4009694565c.jpg?im_w=720');
INSERT INTO IMAGE (IMAGE_ID, ACCOMODATION_ID, IMAGE_URL) VALUES (2610, 147, 'https://a0.muscache.com/im/pictures/65fb9036-b727-4152-b4fd-23b6744d3482.jpg?im_w=720');
INSERT INTO IMAGE (IMAGE_ID, ACCOMODATION_ID, IMAGE_URL) VALUES (2611, 147, 'https://a0.muscache.com/im/pictures/d9d93609-6927-49b8-a135-86b65a2734d6.jpg?im_w=720');
INSERT INTO IMAGE (IMAGE_ID, ACCOMODATION_ID, IMAGE_URL) VALUES (2612, 147, 'https://a0.muscache.com/im/pictures/89232ac5-723a-4fb6-a29f-7b57fed2914e.jpg?im_w=720');
INSERT INTO IMAGE (IMAGE_ID, ACCOMODATION_ID, IMAGE_URL) VALUES (2613, 147, 'https://a0.muscache.com/im/pictures/b30a07d0-1aa0-47e8-a8dd-8a9c46d6e359.jpg?im_w=720');
INSERT INTO IMAGE (IMAGE_ID, ACCOMODATION_ID, IMAGE_URL) VALUES (2614, 147, 'https://a0.muscache.com/im/pictures/1965f57b-3702-48e9-9070-498a716ec541.jpg?im_w=720');
INSERT INTO IMAGE (IMAGE_ID, ACCOMODATION_ID, IMAGE_URL) VALUES (2615, 147, 'https://a0.muscache.com/im/pictures/f0ef7080-0043-4769-a733-98237d1b60cd.jpg?im_w=720');
INSERT INTO IMAGE (IMAGE_ID, ACCOMODATION_ID, IMAGE_URL) VALUES (2616, 147, 'https://a0.muscache.com/im/pictures/f8273370-614b-49fd-a68b-7305723f4cd7.jpg?im_w=720');
INSERT INTO IMAGE (IMAGE_ID, ACCOMODATION_ID, IMAGE_URL) VALUES (2617, 147, 'https://a0.muscache.com/im/pictures/0cabd5d4-8726-4ddb-9577-d5ce9f8ac979.jpg?im_w=720');
INSERT INTO IMAGE (IMAGE_ID, ACCOMODATION_ID, IMAGE_URL) VALUES (2618, 147, 'https://a0.muscache.com/im/pictures/60194236-704e-4263-b9e0-155524c918b9.jpg?im_w=720');
INSERT INTO IMAGE (IMAGE_ID, ACCOMODATION_ID, IMAGE_URL) VALUES (2619, 147, 'https://a0.muscache.com/im/pictures/fdb1e33d-d202-4da4-b660-115f116e6976.jpg?im_w=720');
INSERT INTO IMAGE (IMAGE_ID, ACCOMODATION_ID, IMAGE_URL) VALUES (2620, 147, 'https://a0.muscache.com/im/pictures/d91b92e7-ca4c-467e-b6f6-3fe1eafa4697.jpg?im_w=720');
INSERT INTO IMAGE (IMAGE_ID, ACCOMODATION_ID, IMAGE_URL) VALUES (2621, 147, 'https://a0.muscache.com/im/pictures/2c3bd32c-cc98-4b22-9553-cca7450b5601.jpg?im_w=720');
INSERT INTO IMAGE (IMAGE_ID, ACCOMODATION_ID, IMAGE_URL) VALUES (2622, 147, 'https://a0.muscache.com/im/pictures/5591d7a6-e85b-49ac-aed6-d5932974645c.jpg?im_w=720');
INSERT INTO IMAGE (IMAGE_ID, ACCOMODATION_ID, IMAGE_URL) VALUES (2623, 147, 'https://a0.muscache.com/im/pictures/e62f3683-7870-4ee0-9a13-9b996f805ea7.jpg?im_w=720');
INSERT INTO IMAGE (IMAGE_ID, ACCOMODATION_ID, IMAGE_URL) VALUES (2624, 147, 'https://a0.muscache.com/im/pictures/53e7663e-7f29-4112-bb66-6450c9078202.jpg?im_w=720');
INSERT INTO IMAGE (IMAGE_ID, ACCOMODATION_ID, IMAGE_URL) VALUES (2625, 147, 'https://a0.muscache.com/im/pictures/166c72d6-f661-429a-9526-cd06b9dd583d.jpg?im_w=720');
INSERT INTO IMAGE (IMAGE_ID, ACCOMODATION_ID, IMAGE_URL) VALUES (2626, 147, 'https://a0.muscache.com/im/pictures/5b130da9-f911-4110-b452-0b88a5ab3c9c.jpg?im_w=720');
INSERT INTO IMAGE (IMAGE_ID, ACCOMODATION_ID, IMAGE_URL) VALUES (2627, 147, 'https://a0.muscache.com/im/pictures/c6d2c878-c1a0-44cb-9eb4-a931e17f737f.jpg?im_w=720');
INSERT INTO IMAGE (IMAGE_ID, ACCOMODATION_ID, IMAGE_URL) VALUES (2628, 147, 'https://a0.muscache.com/im/pictures/68dbdad3-91d6-4401-8f23-29887d285f92.jpg?im_w=720');
INSERT INTO IMAGE (IMAGE_ID, ACCOMODATION_ID, IMAGE_URL) VALUES (2629, 147, 'https://a0.muscache.com/im/pictures/c7f4ba11-8941-4cf3-b7ae-ae1f44fd4e72.jpg?im_w=720');
INSERT INTO IMAGE (IMAGE_ID, ACCOMODATION_ID, IMAGE_URL) VALUES (2630, 147, 'https://a0.muscache.com/im/pictures/2e12d902-f46e-48e5-8267-ab03c4550c5d.jpg?im_w=720');

INSERT INTO LOCATION (LOCATION_ID, LOCATION_NAME, COUNTRY, REGION, CITY, LATITUDE, LONGITUDE) VALUES (148, '지명148', ' 서울', ' Mapo-gu', 'Donggyo-dong', 37.5549, 126.92409);
INSERT INTO ACCOMODATION (`ACCOMODATION_ID`, `LOCATION_ID`, `ACCOMODATION_NAME`, `HOST_NAME`, `DISCRIPTION`, `ACCOMODATION_TYPE`, `PRICE`, `MAXIMUM_OCCUPANCY`, `AVERAGE_POINT`, `BED_ROOM`, `BATH_ROOM`, `BED_COUNT`,`OPTION`) VALUES (148, 148, '(소독&살균)핫한 홍대입구역의 럭셔리한 Staybang', '호스트148', '설명148', '집 전체', 35923, 6, 4.3, 1, 1,1, '주방,무선 인터넷,에어컨,헤어드라이어');
INSERT INTO IMAGE (IMAGE_ID, ACCOMODATION_ID, IMAGE_URL) VALUES (2631, 148, 'https://a0.muscache.com/im/pictures/miso/Hosting-34107082/original/8744fe84-3303-4c4c-996c-15429355d19a.jpeg?im_w=720');
INSERT INTO IMAGE (IMAGE_ID, ACCOMODATION_ID, IMAGE_URL) VALUES (2632, 148, 'https://a0.muscache.com/im/pictures/miso/Hosting-34107082/original/9e9ce961-6077-4a1c-9b7e-62d418a48c73.jpeg?im_w=720');
INSERT INTO IMAGE (IMAGE_ID, ACCOMODATION_ID, IMAGE_URL) VALUES (2633, 148, 'https://a0.muscache.com/im/pictures/miso/Hosting-34107082/original/4ef1c647-f9f0-47f6-aedb-ec73f34724fb.jpeg?im_w=720');
INSERT INTO IMAGE (IMAGE_ID, ACCOMODATION_ID, IMAGE_URL) VALUES (2634, 148, 'https://a0.muscache.com/im/pictures/miso/Hosting-34107082/original/f07977ec-5916-4d37-b8ac-22bf6107932f.jpeg?im_w=720');
INSERT INTO IMAGE (IMAGE_ID, ACCOMODATION_ID, IMAGE_URL) VALUES (2635, 148, 'https://a0.muscache.com/im/pictures/miso/Hosting-34107082/original/6ad9b36e-7147-4d40-a4b7-815a5016831a.jpeg?im_w=720');
INSERT INTO IMAGE (IMAGE_ID, ACCOMODATION_ID, IMAGE_URL) VALUES (2636, 148, 'https://a0.muscache.com/im/pictures/miso/Hosting-34107082/original/aba38f26-d7b8-4c1b-adf2-3d755a6b7ac5.jpeg?im_w=720');
INSERT INTO IMAGE (IMAGE_ID, ACCOMODATION_ID, IMAGE_URL) VALUES (2637, 148, 'https://a0.muscache.com/im/pictures/miso/Hosting-34107082/original/174e90c6-7568-40fe-a37d-50388f9819ec.jpeg?im_w=720');
INSERT INTO IMAGE (IMAGE_ID, ACCOMODATION_ID, IMAGE_URL) VALUES (2638, 148, 'https://a0.muscache.com/im/pictures/miso/Hosting-34107082/original/d66a91f8-c188-4bde-9279-44e762b1ccc0.jpeg?im_w=720');
INSERT INTO IMAGE (IMAGE_ID, ACCOMODATION_ID, IMAGE_URL) VALUES (2639, 148, 'https://a0.muscache.com/im/pictures/37772659-1a16-4ba2-8e62-b8559a191c77.jpg?im_w=720');
INSERT INTO IMAGE (IMAGE_ID, ACCOMODATION_ID, IMAGE_URL) VALUES (2640, 148, 'https://a0.muscache.com/im/pictures/ec574f9b-29d4-4f39-b65b-8a59e16c2836.jpg?im_w=720');
INSERT INTO IMAGE (IMAGE_ID, ACCOMODATION_ID, IMAGE_URL) VALUES (2641, 148, 'https://a0.muscache.com/im/pictures/f3a8effa-abca-4678-a1c6-5623eb21fb7e.jpg?im_w=720');
INSERT INTO IMAGE (IMAGE_ID, ACCOMODATION_ID, IMAGE_URL) VALUES (2642, 148, 'https://a0.muscache.com/im/pictures/ba2dc4c1-eb13-4751-8be6-ffb59eb24783.jpg?im_w=720');
INSERT INTO IMAGE (IMAGE_ID, ACCOMODATION_ID, IMAGE_URL) VALUES (2643, 148, 'https://a0.muscache.com/im/pictures/5162fe32-3994-46e0-bc2a-baf2eff0443c.jpg?im_w=720');
INSERT INTO IMAGE (IMAGE_ID, ACCOMODATION_ID, IMAGE_URL) VALUES (2644, 148, 'https://a0.muscache.com/im/pictures/de3867ff-5517-4983-94d2-e83a56967a6f.jpg?im_w=720');
INSERT INTO IMAGE (IMAGE_ID, ACCOMODATION_ID, IMAGE_URL) VALUES (2645, 148, 'https://a0.muscache.com/im/pictures/8c24caf5-ac0a-497d-a467-205900080d0b.jpg?im_w=720');
INSERT INTO IMAGE (IMAGE_ID, ACCOMODATION_ID, IMAGE_URL) VALUES (2646, 148, 'https://a0.muscache.com/im/pictures/26a6e7bc-280e-47b2-9f90-4d4184fa9f71.jpg?im_w=720');
INSERT INTO IMAGE (IMAGE_ID, ACCOMODATION_ID, IMAGE_URL) VALUES (2647, 148, 'https://a0.muscache.com/im/pictures/e615159a-1089-4f46-a782-5b0733052e6e.jpg?im_w=720');
INSERT INTO IMAGE (IMAGE_ID, ACCOMODATION_ID, IMAGE_URL) VALUES (2648, 148, 'https://a0.muscache.com/im/pictures/6942182e-c6ce-45d6-b13b-d9879f9e5cf9.jpg?im_w=720');
INSERT INTO IMAGE (IMAGE_ID, ACCOMODATION_ID, IMAGE_URL) VALUES (2649, 148, 'https://a0.muscache.com/im/pictures/034b3970-cc58-4b58-b543-fcceed4a7e13.jpg?im_w=720');
INSERT INTO IMAGE (IMAGE_ID, ACCOMODATION_ID, IMAGE_URL) VALUES (2650, 148, 'https://a0.muscache.com/im/pictures/31e33655-3e97-467e-a101-1547aa021321.jpg?im_w=720');
INSERT INTO IMAGE (IMAGE_ID, ACCOMODATION_ID, IMAGE_URL) VALUES (2651, 148, 'https://a0.muscache.com/im/pictures/bfe2e09a-ea89-4268-b1ba-eeb58d6c3161.jpg?im_w=720');
INSERT INTO IMAGE (IMAGE_ID, ACCOMODATION_ID, IMAGE_URL) VALUES (2652, 148, 'https://a0.muscache.com/im/pictures/5e8d57ab-1c25-4faf-98d5-9b8aeee78eb3.jpg?im_w=720');
INSERT INTO IMAGE (IMAGE_ID, ACCOMODATION_ID, IMAGE_URL) VALUES (2653, 148, 'https://a0.muscache.com/im/pictures/ff3a6de0-6097-48cd-a2ab-14323231c734.jpg?im_w=720');
INSERT INTO IMAGE (IMAGE_ID, ACCOMODATION_ID, IMAGE_URL) VALUES (2654, 148, 'https://a0.muscache.com/im/pictures/60d1b01f-5bd7-49eb-8f71-93cee56ad340.jpg?im_w=720');
INSERT INTO IMAGE (IMAGE_ID, ACCOMODATION_ID, IMAGE_URL) VALUES (2655, 148, 'https://a0.muscache.com/im/pictures/252aa2b1-3ee6-4b93-9a74-a0b19ec0c198.jpg?im_w=720');
INSERT INTO IMAGE (IMAGE_ID, ACCOMODATION_ID, IMAGE_URL) VALUES (2656, 148, 'https://a0.muscache.com/im/pictures/02cdccc1-24e7-47ce-a80f-03b07fccbf84.jpg?im_w=720');
INSERT INTO IMAGE (IMAGE_ID, ACCOMODATION_ID, IMAGE_URL) VALUES (2657, 148, 'https://a0.muscache.com/im/pictures/b8a8aa45-ca4e-4e3e-b6e8-f7546dce106f.jpg?im_w=720');
INSERT INTO IMAGE (IMAGE_ID, ACCOMODATION_ID, IMAGE_URL) VALUES (2658, 148, 'https://a0.muscache.com/im/pictures/6327a1f2-a1ad-4f62-9121-c8254f55444d.jpg?im_w=720');
INSERT INTO IMAGE (IMAGE_ID, ACCOMODATION_ID, IMAGE_URL) VALUES (2659, 148, 'https://a0.muscache.com/im/pictures/2520526c-df56-419f-b2bc-3195c13f4897.jpg?im_w=720');
INSERT INTO IMAGE (IMAGE_ID, ACCOMODATION_ID, IMAGE_URL) VALUES (2660, 148, 'https://a0.muscache.com/im/pictures/c9564378-b3ff-45ba-86f6-379febab4a77.jpg?im_w=720');

INSERT INTO LOCATION (LOCATION_ID, LOCATION_NAME, COUNTRY, REGION, CITY, LATITUDE, LONGITUDE) VALUES (149, '지명149', ' 서울', ' Mapo-gu', 'Seogyo-dong', 37.54975, 126.92032);
INSERT INTO ACCOMODATION (`ACCOMODATION_ID`, `LOCATION_ID`, `ACCOMODATION_NAME`, `HOST_NAME`, `DISCRIPTION`, `ACCOMODATION_TYPE`, `PRICE`, `MAXIMUM_OCCUPANCY`, `AVERAGE_POINT`, `BED_ROOM`, `BATH_ROOM`, `BED_COUNT`,`OPTION`) VALUES (149, 149, '601 Staywith hongdae single', '호스트149', '설명149', '개인실', 41014, 1, 3.9, 0, 1,0, '주방,무선 인터넷,에어컨,헤어드라이어');
INSERT INTO IMAGE (IMAGE_ID, ACCOMODATION_ID, IMAGE_URL) VALUES (2661, 149, 'https://a0.muscache.com/im/pictures/ffccefec-459a-480e-af83-9a6fa7c675bc.jpg?im_w=720');
INSERT INTO IMAGE (IMAGE_ID, ACCOMODATION_ID, IMAGE_URL) VALUES (2662, 149, 'https://a0.muscache.com/im/pictures/bb7a021c-4569-4f4b-9b28-2032798c8582.jpg?im_w=720');
INSERT INTO IMAGE (IMAGE_ID, ACCOMODATION_ID, IMAGE_URL) VALUES (2663, 149, 'https://a0.muscache.com/im/pictures/941e5ebe-a49d-49ce-be01-01d7a56152e8.jpg?im_w=720');
INSERT INTO IMAGE (IMAGE_ID, ACCOMODATION_ID, IMAGE_URL) VALUES (2664, 149, 'https://a0.muscache.com/im/pictures/a11e6661-e29c-433b-8475-315b8f36ae2d.jpg?im_w=720');
INSERT INTO IMAGE (IMAGE_ID, ACCOMODATION_ID, IMAGE_URL) VALUES (2665, 149, 'https://a0.muscache.com/im/pictures/99b79169-cc79-4689-9cf8-1a9c70bbea81.jpg?im_w=720');
INSERT INTO IMAGE (IMAGE_ID, ACCOMODATION_ID, IMAGE_URL) VALUES (2666, 149, 'https://a0.muscache.com/im/pictures/6bc79318-ea55-4728-9680-ac63a5622aeb.jpg?im_w=720');
INSERT INTO IMAGE (IMAGE_ID, ACCOMODATION_ID, IMAGE_URL) VALUES (2667, 149, 'https://a0.muscache.com/im/pictures/af9b9d2f-8196-4587-9e59-1c20c235bd4d.jpg?im_w=720');
INSERT INTO IMAGE (IMAGE_ID, ACCOMODATION_ID, IMAGE_URL) VALUES (2668, 149, 'https://a0.muscache.com/im/pictures/810fa744-4f90-450c-b89a-86883d9b1d5b.jpg?im_w=720');
INSERT INTO IMAGE (IMAGE_ID, ACCOMODATION_ID, IMAGE_URL) VALUES (2669, 149, 'https://a0.muscache.com/im/pictures/d8e0df18-cd56-47cb-8cbc-c6062f84e4c5.jpg?im_w=720');
INSERT INTO IMAGE (IMAGE_ID, ACCOMODATION_ID, IMAGE_URL) VALUES (2670, 149, 'https://a0.muscache.com/im/pictures/51df8408-59df-4341-b7b5-2bf9ee44c34c.jpg?im_w=720');
INSERT INTO IMAGE (IMAGE_ID, ACCOMODATION_ID, IMAGE_URL) VALUES (2671, 149, 'https://a0.muscache.com/im/pictures/869eb802-bc4f-48b6-ab7c-3d6a7302901f.jpg?im_w=720');
INSERT INTO IMAGE (IMAGE_ID, ACCOMODATION_ID, IMAGE_URL) VALUES (2672, 149, 'https://a0.muscache.com/im/pictures/3133d14f-9fc2-4dfa-8b9d-5969a9b42f1c.jpg?im_w=720');
INSERT INTO IMAGE (IMAGE_ID, ACCOMODATION_ID, IMAGE_URL) VALUES (2673, 149, 'https://a0.muscache.com/im/pictures/93569f98-a783-49c8-b488-393b96204175.jpg?im_w=720');
INSERT INTO IMAGE (IMAGE_ID, ACCOMODATION_ID, IMAGE_URL) VALUES (2674, 149, 'https://a0.muscache.com/im/pictures/ee76cc69-4d2b-49f5-862f-9c07934a3466.jpg?im_w=720');
INSERT INTO IMAGE (IMAGE_ID, ACCOMODATION_ID, IMAGE_URL) VALUES (2675, 149, 'https://a0.muscache.com/im/pictures/99eb2999-f0ad-43d0-a439-d1198e42e3be.jpg?im_w=720');
INSERT INTO IMAGE (IMAGE_ID, ACCOMODATION_ID, IMAGE_URL) VALUES (2676, 149, 'https://a0.muscache.com/im/pictures/0cbfc9a2-7b12-471b-8d95-ada448ccbf06.jpg?im_w=720');
INSERT INTO IMAGE (IMAGE_ID, ACCOMODATION_ID, IMAGE_URL) VALUES (2677, 149, 'https://a0.muscache.com/im/pictures/3933c719-56ee-4a7f-8363-f3d4f3858a2b.jpg?im_w=720');
INSERT INTO IMAGE (IMAGE_ID, ACCOMODATION_ID, IMAGE_URL) VALUES (2678, 149, 'https://a0.muscache.com/im/pictures/f812d617-fcbe-4f4e-a894-ae5b3fe4a2bc.jpg?im_w=720');
INSERT INTO IMAGE (IMAGE_ID, ACCOMODATION_ID, IMAGE_URL) VALUES (2679, 149, 'https://a0.muscache.com/im/pictures/e226d1c7-0c74-462b-907b-f7dbf753fb87.jpg?im_w=720');

INSERT INTO LOCATION (LOCATION_ID, LOCATION_NAME, COUNTRY, REGION, CITY, LATITUDE, LONGITUDE) VALUES (150, '지명150', ' 한국', ' 서울', '마포구', 37.56184, 126.92214);
INSERT INTO ACCOMODATION (`ACCOMODATION_ID`, `LOCATION_ID`, `ACCOMODATION_NAME`, `HOST_NAME`, `DISCRIPTION`, `ACCOMODATION_TYPE`, `PRICE`, `MAXIMUM_OCCUPANCY`, `AVERAGE_POINT`, `BED_ROOM`, `BATH_ROOM`, `BED_COUNT`,`OPTION`) VALUES (150, 150, '★Hongdae park area Monthly guest promotion★', '호스트150', '설명150', '집 전체', 261918, 2, 7.1, 1, 1,1, '주방,무선 인터넷,에어컨,헤어드라이어');
INSERT INTO IMAGE (IMAGE_ID, ACCOMODATION_ID, IMAGE_URL) VALUES (2680, 150, 'https://a0.muscache.com/im/pictures/c26a22b4-c2d6-442d-bd8b-ee385a71674e.jpg?im_w=720');
INSERT INTO IMAGE (IMAGE_ID, ACCOMODATION_ID, IMAGE_URL) VALUES (2681, 150, 'https://a0.muscache.com/im/pictures/cb5c66f8-5701-4896-855e-143d7211fed4.jpg?im_w=720');
INSERT INTO IMAGE (IMAGE_ID, ACCOMODATION_ID, IMAGE_URL) VALUES (2682, 150, 'https://a0.muscache.com/im/pictures/9ae186e1-efc6-4f45-92a5-dc634ef85f91.jpg?im_w=720');
INSERT INTO IMAGE (IMAGE_ID, ACCOMODATION_ID, IMAGE_URL) VALUES (2683, 150, 'https://a0.muscache.com/im/pictures/563857a9-9935-47cc-9a69-10ffd250b3b2.jpg?im_w=720');
INSERT INTO IMAGE (IMAGE_ID, ACCOMODATION_ID, IMAGE_URL) VALUES (2684, 150, 'https://a0.muscache.com/im/pictures/bc90f95a-21ef-470e-891c-9b987c165e34.jpg?im_w=720');
INSERT INTO IMAGE (IMAGE_ID, ACCOMODATION_ID, IMAGE_URL) VALUES (2685, 150, 'https://a0.muscache.com/im/pictures/c0e6f675-1f43-4a90-bb81-8ccd5dfbe18a.jpg?im_w=720');
INSERT INTO IMAGE (IMAGE_ID, ACCOMODATION_ID, IMAGE_URL) VALUES (2686, 150, 'https://a0.muscache.com/im/pictures/5ddd8fdd-f263-4b36-b0a2-14d6651ef199.jpg?im_w=720');
INSERT INTO IMAGE (IMAGE_ID, ACCOMODATION_ID, IMAGE_URL) VALUES (2687, 150, 'https://a0.muscache.com/im/pictures/6fb342a0-61fb-47a7-866d-ca990ab520ac.jpg?im_w=720');
INSERT INTO IMAGE (IMAGE_ID, ACCOMODATION_ID, IMAGE_URL) VALUES (2688, 150, 'https://a0.muscache.com/im/pictures/3501e7a1-e600-419c-900b-bce26d68f837.jpg?im_w=720');
INSERT INTO IMAGE (IMAGE_ID, ACCOMODATION_ID, IMAGE_URL) VALUES (2689, 150, 'https://a0.muscache.com/im/pictures/9b5202fd-691f-49cd-8eff-b25bda4143d7.jpg?im_w=720');
INSERT INTO IMAGE (IMAGE_ID, ACCOMODATION_ID, IMAGE_URL) VALUES (2690, 150, 'https://a0.muscache.com/im/pictures/351f8eef-2564-4606-b90e-b5217cdb572c.jpg?im_w=720');
INSERT INTO IMAGE (IMAGE_ID, ACCOMODATION_ID, IMAGE_URL) VALUES (2691, 150, 'https://a0.muscache.com/im/pictures/da65c512-0450-4bd1-8f1e-d72f43478c34.jpg?im_w=720');
INSERT INTO IMAGE (IMAGE_ID, ACCOMODATION_ID, IMAGE_URL) VALUES (2692, 150, 'https://a0.muscache.com/im/pictures/634d50c0-51a1-403c-a68b-bc1c9f3593c0.jpg?im_w=720');
INSERT INTO IMAGE (IMAGE_ID, ACCOMODATION_ID, IMAGE_URL) VALUES (2693, 150, 'https://a0.muscache.com/im/pictures/100fd6db-2d74-4577-a401-4e08cb69544e.jpg?im_w=720');
INSERT INTO IMAGE (IMAGE_ID, ACCOMODATION_ID, IMAGE_URL) VALUES (2694, 150, 'https://a0.muscache.com/im/pictures/c289e99d-3bb8-4312-af4e-a91d52a275e4.jpg?im_w=720');
INSERT INTO IMAGE (IMAGE_ID, ACCOMODATION_ID, IMAGE_URL) VALUES (2695, 150, 'https://a0.muscache.com/im/pictures/43d0ae7c-852f-4244-b6e6-aa3662bb33ef.jpg?im_w=720');
INSERT INTO IMAGE (IMAGE_ID, ACCOMODATION_ID, IMAGE_URL) VALUES (2696, 150, 'https://a0.muscache.com/im/pictures/9421d04b-e598-4885-93eb-6591c0602939.jpg?im_w=720');
INSERT INTO IMAGE (IMAGE_ID, ACCOMODATION_ID, IMAGE_URL) VALUES (2697, 150, 'https://a0.muscache.com/im/pictures/f37081d8-07ed-49da-8a35-41104ee0158d.jpg?im_w=720');
INSERT INTO IMAGE (IMAGE_ID, ACCOMODATION_ID, IMAGE_URL) VALUES (2698, 150, 'https://a0.muscache.com/im/pictures/e492e3d5-32b4-4c50-8933-8da42c7e7d9a.jpg?im_w=720');
INSERT INTO IMAGE (IMAGE_ID, ACCOMODATION_ID, IMAGE_URL) VALUES (2699, 150, 'https://a0.muscache.com/im/pictures/486c1914-3dc5-4f45-8b5f-825338e33a8d.jpg?im_w=720');
INSERT INTO IMAGE (IMAGE_ID, ACCOMODATION_ID, IMAGE_URL) VALUES (2700, 150, 'https://a0.muscache.com/im/pictures/8f3e72f9-87ad-473f-af94-8560d9ed663d.jpg?im_w=720');
INSERT INTO IMAGE (IMAGE_ID, ACCOMODATION_ID, IMAGE_URL) VALUES (2701, 150, 'https://a0.muscache.com/im/pictures/99ca8cbe-ea9a-4976-92dd-c5cbfadafa30.jpg?im_w=720');
INSERT INTO IMAGE (IMAGE_ID, ACCOMODATION_ID, IMAGE_URL) VALUES (2702, 150, 'https://a0.muscache.com/im/pictures/e640388d-065f-4a95-a16d-3a5d00416af9.jpg?im_w=720');
INSERT INTO IMAGE (IMAGE_ID, ACCOMODATION_ID, IMAGE_URL) VALUES (2703, 150, 'https://a0.muscache.com/im/pictures/8a63a176-476f-4563-87f7-2784ee8a0511.jpg?im_w=720');
INSERT INTO IMAGE (IMAGE_ID, ACCOMODATION_ID, IMAGE_URL) VALUES (2704, 150, 'https://a0.muscache.com/im/pictures/cad2d3b9-337b-4d98-a338-d1bbcd164335.jpg?im_w=720');
INSERT INTO IMAGE (IMAGE_ID, ACCOMODATION_ID, IMAGE_URL) VALUES (2705, 150, 'https://a0.muscache.com/im/pictures/f03b8d49-799e-4bed-9a09-397f59641ccd.jpg?im_w=720');
INSERT INTO IMAGE (IMAGE_ID, ACCOMODATION_ID, IMAGE_URL) VALUES (2706, 150, 'https://a0.muscache.com/im/pictures/7b30bcb1-571d-4203-92e0-37508e16d21b.jpg?im_w=720');
INSERT INTO IMAGE (IMAGE_ID, ACCOMODATION_ID, IMAGE_URL) VALUES (2707, 150, 'https://a0.muscache.com/im/pictures/d960785f-ff55-4831-8ecf-9db7394d278a.jpg?im_w=720');
INSERT INTO IMAGE (IMAGE_ID, ACCOMODATION_ID, IMAGE_URL) VALUES (2708, 150, 'https://a0.muscache.com/im/pictures/ee32d35f-88bf-4d70-be2a-7bab1c3e7fdb.jpg?im_w=720');
INSERT INTO IMAGE (IMAGE_ID, ACCOMODATION_ID, IMAGE_URL) VALUES (2709, 150, 'https://a0.muscache.com/im/pictures/6d9303f8-b409-4b6b-8d8c-6cdf4c0bee00.jpg?im_w=720');



INSERT INTO LOCATION (LOCATION_ID, LOCATION_NAME, COUNTRY, REGION, CITY, LATITUDE, LONGITUDE) VALUES (151, '지명151', ' 서울', ' Yeongdeungpo-gu', 'Yeongdeungpo-dong', 37.51858, 126.91126);
INSERT INTO ACCOMODATION (`ACCOMODATION_ID`, `LOCATION_ID`, `ACCOMODATION_NAME`, `HOST_NAME`, `DISCRIPTION`, `ACCOMODATION_TYPE`, `PRICE`, `MAXIMUM_OCCUPANCY`, `AVERAGE_POINT`, `BED_ROOM`, `BATH_ROOM`, `BED_COUNT`,`OPTION`) VALUES (151, 151, '신길.영등포역 5분, 여의도한강공원, 타임스퀘어 도보이용 가능, 깔끔하고 쾌적한 하우스', '호스트151', '설명151', '집 전체', 867220, 3, 8.8, 1, 1,1, '주방,무선 인터넷,에어컨,헤어드라이어');
INSERT INTO IMAGE (IMAGE_ID, ACCOMODATION_ID, IMAGE_URL) VALUES (2710, 151, 'https://a0.muscache.com/im/pictures/601b18e9-506d-4918-b35f-339ddfbb7c3d.jpg?im_w=720');
INSERT INTO IMAGE (IMAGE_ID, ACCOMODATION_ID, IMAGE_URL) VALUES (2711, 151, 'https://a0.muscache.com/im/pictures/99a65c6d-e9fd-4649-9db6-2b67f792520c.jpg?im_w=720');
INSERT INTO IMAGE (IMAGE_ID, ACCOMODATION_ID, IMAGE_URL) VALUES (2712, 151, 'https://a0.muscache.com/im/pictures/b673dcc4-4d6d-4787-9003-5690081d1eff.jpg?im_w=720');
INSERT INTO IMAGE (IMAGE_ID, ACCOMODATION_ID, IMAGE_URL) VALUES (2713, 151, 'https://a0.muscache.com/im/pictures/90bdd53a-4384-49ac-a254-b8ab9771e2d3.jpg?im_w=720');
INSERT INTO IMAGE (IMAGE_ID, ACCOMODATION_ID, IMAGE_URL) VALUES (2714, 151, 'https://a0.muscache.com/im/pictures/a122f46f-4f15-46e5-afde-537a2c633971.jpg?im_w=720');
INSERT INTO IMAGE (IMAGE_ID, ACCOMODATION_ID, IMAGE_URL) VALUES (2715, 151, 'https://a0.muscache.com/im/pictures/73b5dd5b-7a41-4930-a242-5a4252793566.jpg?im_w=720');
INSERT INTO IMAGE (IMAGE_ID, ACCOMODATION_ID, IMAGE_URL) VALUES (2716, 151, 'https://a0.muscache.com/im/pictures/1b0089c9-0bcd-4ba3-8093-da41fca4ab0d.jpg?im_w=720');
INSERT INTO IMAGE (IMAGE_ID, ACCOMODATION_ID, IMAGE_URL) VALUES (2717, 151, 'https://a0.muscache.com/im/pictures/9597238c-00a4-421f-93f4-fd7b535b1222.jpg?im_w=720');
INSERT INTO IMAGE (IMAGE_ID, ACCOMODATION_ID, IMAGE_URL) VALUES (2718, 151, 'https://a0.muscache.com/im/pictures/8fffce7a-0130-49d2-8fd6-89d9919b9644.jpg?im_w=720');
INSERT INTO IMAGE (IMAGE_ID, ACCOMODATION_ID, IMAGE_URL) VALUES (2719, 151, 'https://a0.muscache.com/im/pictures/f9a9a924-4a19-4cb0-8c94-75e9bd496ee2.jpg?im_w=720');
INSERT INTO IMAGE (IMAGE_ID, ACCOMODATION_ID, IMAGE_URL) VALUES (2720, 151, 'https://a0.muscache.com/im/pictures/24b34d9d-99b2-4a00-b1f1-d146602ff970.jpg?im_w=720');

INSERT INTO LOCATION (LOCATION_ID, LOCATION_NAME, COUNTRY, REGION, CITY, LATITUDE, LONGITUDE) VALUES (152, '지명152', ' 한국', ' SEOUL', 'SEOUL', 37.51798, 126.90414);
INSERT INTO ACCOMODATION (`ACCOMODATION_ID`, `LOCATION_ID`, `ACCOMODATION_NAME`, `HOST_NAME`, `DISCRIPTION`, `ACCOMODATION_TYPE`, `PRICE`, `MAXIMUM_OCCUPANCY`, `AVERAGE_POINT`, `BED_ROOM`, `BATH_ROOM`, `BED_COUNT`,`OPTION`) VALUES (152, 152, '2#좋은복층 코로나 걱정마세요 영등포역,타임스퀘어 COVID-19 Dont worry', '호스트152', '설명152', '집 전체', 483049, 3, 9.2, 1, 1,1, '주방,무선 인터넷,에어컨,헤어드라이어');
INSERT INTO IMAGE (IMAGE_ID, ACCOMODATION_ID, IMAGE_URL) VALUES (2721, 152, 'https://a0.muscache.com/im/pictures/79582cb4-ab83-4b57-b6a9-f6359a485a38.jpg?im_w=720');
INSERT INTO IMAGE (IMAGE_ID, ACCOMODATION_ID, IMAGE_URL) VALUES (2722, 152, 'https://a0.muscache.com/im/pictures/a8722c9c-e6d1-4bc3-9103-8a924f6eb8a5.jpg?im_w=720');
INSERT INTO IMAGE (IMAGE_ID, ACCOMODATION_ID, IMAGE_URL) VALUES (2723, 152, 'https://a0.muscache.com/im/pictures/9519885e-0a0a-4dd4-a6a7-11de4d436a2e.jpg?im_w=720');
INSERT INTO IMAGE (IMAGE_ID, ACCOMODATION_ID, IMAGE_URL) VALUES (2724, 152, 'https://a0.muscache.com/im/pictures/1cf26f33-0eec-448f-b6d2-03e24d186c5d.jpg?im_w=720');
INSERT INTO IMAGE (IMAGE_ID, ACCOMODATION_ID, IMAGE_URL) VALUES (2725, 152, 'https://a0.muscache.com/im/pictures/a46d7198-f68c-4999-b80b-ce2b2875554c.jpg?im_w=720');
INSERT INTO IMAGE (IMAGE_ID, ACCOMODATION_ID, IMAGE_URL) VALUES (2726, 152, 'https://a0.muscache.com/im/pictures/a12f6490-2d02-4716-9249-85b6eb480f8d.jpg?im_w=720');
INSERT INTO IMAGE (IMAGE_ID, ACCOMODATION_ID, IMAGE_URL) VALUES (2727, 152, 'https://a0.muscache.com/im/pictures/51c0eb2e-9d81-4101-bfb0-ad84a2c7b084.jpg?im_w=720');
INSERT INTO IMAGE (IMAGE_ID, ACCOMODATION_ID, IMAGE_URL) VALUES (2728, 152, 'https://a0.muscache.com/im/pictures/cfa7b9c3-4f2b-4940-9124-98c86f8d0c87.jpg?im_w=720');
INSERT INTO IMAGE (IMAGE_ID, ACCOMODATION_ID, IMAGE_URL) VALUES (2729, 152, 'https://a0.muscache.com/im/pictures/d930e8ac-18bf-472f-86d5-108666847c13.jpg?im_w=720');
INSERT INTO IMAGE (IMAGE_ID, ACCOMODATION_ID, IMAGE_URL) VALUES (2730, 152, 'https://a0.muscache.com/im/pictures/4e6a30b6-8714-46a1-abee-7f9dc6c5691d.jpg?im_w=720');
INSERT INTO IMAGE (IMAGE_ID, ACCOMODATION_ID, IMAGE_URL) VALUES (2731, 152, 'https://a0.muscache.com/im/pictures/bd630ba4-f29a-40b7-b3fa-d1ecefff0fad.jpg?im_w=720');
INSERT INTO IMAGE (IMAGE_ID, ACCOMODATION_ID, IMAGE_URL) VALUES (2732, 152, 'https://a0.muscache.com/im/pictures/0f162e64-413b-4654-a181-13e3603aba18.jpg?im_w=720');
INSERT INTO IMAGE (IMAGE_ID, ACCOMODATION_ID, IMAGE_URL) VALUES (2733, 152, 'https://a0.muscache.com/im/pictures/9f74902d-f735-4f2a-9b9a-7b940c53e1cf.jpg?im_w=720');
INSERT INTO IMAGE (IMAGE_ID, ACCOMODATION_ID, IMAGE_URL) VALUES (2734, 152, 'https://a0.muscache.com/im/pictures/28cf5b31-8dea-4e33-8984-1d415d25b95d.jpg?im_w=720');
INSERT INTO IMAGE (IMAGE_ID, ACCOMODATION_ID, IMAGE_URL) VALUES (2735, 152, 'https://a0.muscache.com/im/pictures/fa33f43b-50a4-41d2-8e03-3a165165141e.jpg?im_w=720');
INSERT INTO IMAGE (IMAGE_ID, ACCOMODATION_ID, IMAGE_URL) VALUES (2736, 152, 'https://a0.muscache.com/im/pictures/f36179cc-6c57-43a0-8b5a-6873a2f6bef1.jpg?im_w=720');
INSERT INTO IMAGE (IMAGE_ID, ACCOMODATION_ID, IMAGE_URL) VALUES (2737, 152, 'https://a0.muscache.com/im/pictures/883362f6-610f-426e-b82e-29b378807a97.jpg?im_w=720');
INSERT INTO IMAGE (IMAGE_ID, ACCOMODATION_ID, IMAGE_URL) VALUES (2738, 152, 'https://a0.muscache.com/im/pictures/5519078f-0184-4189-bbdd-a818cd41cf84.jpg?im_w=720');
INSERT INTO IMAGE (IMAGE_ID, ACCOMODATION_ID, IMAGE_URL) VALUES (2739, 152, 'https://a0.muscache.com/im/pictures/675d7561-caf7-4298-80f0-da258a255c61.jpg?im_w=720');
INSERT INTO IMAGE (IMAGE_ID, ACCOMODATION_ID, IMAGE_URL) VALUES (2740, 152, 'https://a0.muscache.com/im/pictures/a76239d9-6163-42d5-88f1-14aa8f04923e.jpg?im_w=720');
INSERT INTO IMAGE (IMAGE_ID, ACCOMODATION_ID, IMAGE_URL) VALUES (2741, 152, 'https://a0.muscache.com/im/pictures/c3e586d3-f650-46b2-bfd3-16f2c752bb4e.jpg?im_w=720');
INSERT INTO IMAGE (IMAGE_ID, ACCOMODATION_ID, IMAGE_URL) VALUES (2742, 152, 'https://a0.muscache.com/im/pictures/45209ca4-6291-4a31-ae11-1ea3c1dcea9e.jpg?im_w=720');
INSERT INTO IMAGE (IMAGE_ID, ACCOMODATION_ID, IMAGE_URL) VALUES (2743, 152, 'https://a0.muscache.com/im/pictures/b74a6a22-b46f-453d-a166-bc459d0c191c.jpg?im_w=720');
INSERT INTO IMAGE (IMAGE_ID, ACCOMODATION_ID, IMAGE_URL) VALUES (2744, 152, 'https://a0.muscache.com/im/pictures/0b2c9a3a-d774-41c0-91aa-2ab4ad4af250.jpg?im_w=720');
INSERT INTO IMAGE (IMAGE_ID, ACCOMODATION_ID, IMAGE_URL) VALUES (2745, 152, 'https://a0.muscache.com/im/pictures/db732c68-82cc-4830-8541-f01635fcc837.jpg?im_w=720');
INSERT INTO IMAGE (IMAGE_ID, ACCOMODATION_ID, IMAGE_URL) VALUES (2746, 152, 'https://a0.muscache.com/im/pictures/2d324c9f-1717-485b-bdd6-a5a177a5beb3.jpg?im_w=720');
INSERT INTO IMAGE (IMAGE_ID, ACCOMODATION_ID, IMAGE_URL) VALUES (2747, 152, 'https://a0.muscache.com/im/pictures/984fb849-213b-436f-baa8-8a193918ab7e.jpg?im_w=720');
INSERT INTO IMAGE (IMAGE_ID, ACCOMODATION_ID, IMAGE_URL) VALUES (2748, 152, 'https://a0.muscache.com/im/pictures/9ab2f11f-3840-45fe-aec7-2c4dd53394fe.jpg?im_w=720');
INSERT INTO IMAGE (IMAGE_ID, ACCOMODATION_ID, IMAGE_URL) VALUES (2749, 152, 'https://a0.muscache.com/im/pictures/ad8ec1e2-a47f-41c2-8b6f-5c9a10cdc07e.jpg?im_w=720');
INSERT INTO IMAGE (IMAGE_ID, ACCOMODATION_ID, IMAGE_URL) VALUES (2750, 152, 'https://a0.muscache.com/im/pictures/17fd7ee4-8d54-4810-bd3a-030f43b20420.jpg?im_w=720');

INSERT INTO LOCATION (LOCATION_ID, LOCATION_NAME, COUNTRY, REGION, CITY, LATITUDE, LONGITUDE) VALUES (153, '지명153', ' 서울', ' Yeongdeungpo-gu', 'Dangsan 1(il)-dong', 37.52287, 126.8936);
INSERT INTO ACCOMODATION (`ACCOMODATION_ID`, `LOCATION_ID`, `ACCOMODATION_NAME`, `HOST_NAME`, `DISCRIPTION`, `ACCOMODATION_TYPE`, `PRICE`, `MAXIMUM_OCCUPANCY`, `AVERAGE_POINT`, `BED_ROOM`, `BATH_ROOM`, `BED_COUNT`,`OPTION`) VALUES (153, 153, '[영등포/문래] 아늑하고 편안한 싱글룸 ★NEW OPEN', '호스트153', '설명153', '개인실', 124074, 1, 4.7, 1, 1,1, '주방,무선 인터넷,에어컨,헤어드라이어');
INSERT INTO IMAGE (IMAGE_ID, ACCOMODATION_ID, IMAGE_URL) VALUES (2751, 153, 'https://a0.muscache.com/im/pictures/ebc2e69c-eb1b-4931-a50b-fbe70771e82f.jpg?im_w=720');
INSERT INTO IMAGE (IMAGE_ID, ACCOMODATION_ID, IMAGE_URL) VALUES (2752, 153, 'https://a0.muscache.com/im/pictures/8bd7df8a-c3d5-4bbb-8fc0-edc55ef67807.jpg?im_w=720');
INSERT INTO IMAGE (IMAGE_ID, ACCOMODATION_ID, IMAGE_URL) VALUES (2753, 153, 'https://a0.muscache.com/im/pictures/ea45b5e9-76be-4e90-b778-bff08188471d.jpg?im_w=720');
INSERT INTO IMAGE (IMAGE_ID, ACCOMODATION_ID, IMAGE_URL) VALUES (2754, 153, 'https://a0.muscache.com/im/pictures/c582040b-a986-4783-8d34-1e3fec8f55fb.jpg?im_w=720');
INSERT INTO IMAGE (IMAGE_ID, ACCOMODATION_ID, IMAGE_URL) VALUES (2755, 153, 'https://a0.muscache.com/im/pictures/0987af07-1558-4cdc-9365-6f738eae3ab2.jpg?im_w=720');
INSERT INTO IMAGE (IMAGE_ID, ACCOMODATION_ID, IMAGE_URL) VALUES (2756, 153, 'https://a0.muscache.com/im/pictures/ff1559f4-23af-4ed1-877c-fb7a3dd012ce.jpg?im_w=720');
INSERT INTO IMAGE (IMAGE_ID, ACCOMODATION_ID, IMAGE_URL) VALUES (2757, 153, 'https://a0.muscache.com/im/pictures/ade2ddb5-2308-4fa7-83e0-9226a75f8feb.jpg?im_w=720');
INSERT INTO IMAGE (IMAGE_ID, ACCOMODATION_ID, IMAGE_URL) VALUES (2758, 153, 'https://a0.muscache.com/im/pictures/f6b62a09-5aef-45df-9764-ac8c5d84ac1e.jpg?im_w=720');
INSERT INTO IMAGE (IMAGE_ID, ACCOMODATION_ID, IMAGE_URL) VALUES (2759, 153, 'https://a0.muscache.com/im/pictures/41edeebe-bad9-4c1c-b824-3946e2f5544b.jpg?im_w=720');
INSERT INTO IMAGE (IMAGE_ID, ACCOMODATION_ID, IMAGE_URL) VALUES (2760, 153, 'https://a0.muscache.com/im/pictures/5414da08-d5cb-4734-9991-8f9390ecef40.jpg?im_w=720');
INSERT INTO IMAGE (IMAGE_ID, ACCOMODATION_ID, IMAGE_URL) VALUES (2761, 153, 'https://a0.muscache.com/im/pictures/eca0361e-eb25-4652-b44c-a356314eec34.jpg?im_w=720');
INSERT INTO IMAGE (IMAGE_ID, ACCOMODATION_ID, IMAGE_URL) VALUES (2762, 153, 'https://a0.muscache.com/im/pictures/fd339fa5-6eb5-4de3-afa8-06efa799a94a.jpg?im_w=720');
INSERT INTO IMAGE (IMAGE_ID, ACCOMODATION_ID, IMAGE_URL) VALUES (2763, 153, 'https://a0.muscache.com/im/pictures/8d091ee6-e316-4a4b-8081-2ce869987534.jpg?im_w=720');
INSERT INTO IMAGE (IMAGE_ID, ACCOMODATION_ID, IMAGE_URL) VALUES (2764, 153, 'https://a0.muscache.com/im/pictures/15695b77-6327-4ea5-8504-ba738cdaef22.jpg?im_w=720');
INSERT INTO IMAGE (IMAGE_ID, ACCOMODATION_ID, IMAGE_URL) VALUES (2765, 153, 'https://a0.muscache.com/im/pictures/f979138b-b77d-4ae3-99e9-7c979cd7c9c1.jpg?im_w=720');
INSERT INTO IMAGE (IMAGE_ID, ACCOMODATION_ID, IMAGE_URL) VALUES (2766, 153, 'https://a0.muscache.com/im/pictures/987e73bf-7b1f-406d-83ad-47e085e9a4e4.jpg?im_w=720');
INSERT INTO IMAGE (IMAGE_ID, ACCOMODATION_ID, IMAGE_URL) VALUES (2767, 153, 'https://a0.muscache.com/im/pictures/8a0c225f-9ef8-43ef-9f30-e783c03ffcde.jpg?im_w=720');
INSERT INTO IMAGE (IMAGE_ID, ACCOMODATION_ID, IMAGE_URL) VALUES (2768, 153, 'https://a0.muscache.com/im/pictures/87df301c-dc5e-4508-ab72-37328780e6fd.jpg?im_w=720');
INSERT INTO IMAGE (IMAGE_ID, ACCOMODATION_ID, IMAGE_URL) VALUES (2769, 153, 'https://a0.muscache.com/im/pictures/8162c9d1-453b-473c-927a-fbab649a55c4.jpg?im_w=720');
INSERT INTO IMAGE (IMAGE_ID, ACCOMODATION_ID, IMAGE_URL) VALUES (2770, 153, 'https://a0.muscache.com/im/pictures/0389fbe5-f8b3-40da-aeda-c56fe9937b0c.jpg?im_w=720');
INSERT INTO IMAGE (IMAGE_ID, ACCOMODATION_ID, IMAGE_URL) VALUES (2771, 153, 'https://a0.muscache.com/im/pictures/783f32f4-35ac-4793-be5e-3608877031af.jpg?im_w=720');
INSERT INTO IMAGE (IMAGE_ID, ACCOMODATION_ID, IMAGE_URL) VALUES (2772, 153, 'https://a0.muscache.com/im/pictures/41a00962-1dd8-43c0-a8c0-fbeec8d2e0d2.jpg?im_w=720');
INSERT INTO IMAGE (IMAGE_ID, ACCOMODATION_ID, IMAGE_URL) VALUES (2773, 153, 'https://a0.muscache.com/im/pictures/03f3aab5-f59b-4e33-9ccf-0ba0c0f550d7.jpg?im_w=720');
INSERT INTO IMAGE (IMAGE_ID, ACCOMODATION_ID, IMAGE_URL) VALUES (2774, 153, 'https://a0.muscache.com/im/pictures/6e97dbf6-8bc6-4880-8b69-4a14c994a2a2.jpg?im_w=720');

INSERT INTO LOCATION (LOCATION_ID, LOCATION_NAME, COUNTRY, REGION, CITY, LATITUDE, LONGITUDE) VALUES (154, '지명154', ' 서울', ' Yeongdeungpo-gu', 'Singil-dong', 37.51345, 126.92077);
INSERT INTO ACCOMODATION (`ACCOMODATION_ID`, `LOCATION_ID`, `ACCOMODATION_NAME`, `HOST_NAME`, `DISCRIPTION`, `ACCOMODATION_TYPE`, `PRICE`, `MAXIMUM_OCCUPANCY`, `AVERAGE_POINT`, `BED_ROOM`, `BATH_ROOM`, `BED_COUNT`,`OPTION`) VALUES (154, 154, '여의도 접근성 좋은 아늑하고 깔끔한 신길역 풀옵션 숙소 #자가격리불가', '호스트154', '설명154', '집 전체', 310705, 2, 3.3, 1, 0,1, '주방,무선 인터넷,에어컨,헤어드라이어');
INSERT INTO IMAGE (IMAGE_ID, ACCOMODATION_ID, IMAGE_URL) VALUES (2775, 154, 'https://a0.muscache.com/im/pictures/3de99e4f-1285-47d5-8a3d-e13e385f5655.jpg?im_w=720');
INSERT INTO IMAGE (IMAGE_ID, ACCOMODATION_ID, IMAGE_URL) VALUES (2776, 154, 'https://a0.muscache.com/im/pictures/bebad461-a4e4-4eba-94bf-804c89ddb5c3.jpg?im_w=720');
INSERT INTO IMAGE (IMAGE_ID, ACCOMODATION_ID, IMAGE_URL) VALUES (2777, 154, 'https://a0.muscache.com/im/pictures/9de1227f-cfc8-4e06-8a61-1a7e13c8aac7.jpg?im_w=720');
INSERT INTO IMAGE (IMAGE_ID, ACCOMODATION_ID, IMAGE_URL) VALUES (2778, 154, 'https://a0.muscache.com/im/pictures/db3193f3-9f18-4776-9e0d-00b7be42a1a4.jpg?im_w=720');
INSERT INTO IMAGE (IMAGE_ID, ACCOMODATION_ID, IMAGE_URL) VALUES (2779, 154, 'https://a0.muscache.com/im/pictures/f81da337-23d1-4254-804c-f8efb33c5130.jpg?im_w=720');
INSERT INTO IMAGE (IMAGE_ID, ACCOMODATION_ID, IMAGE_URL) VALUES (2780, 154, 'https://a0.muscache.com/im/pictures/a68139a0-1d60-4930-8bcd-d66b530b7b2a.jpg?im_w=720');
INSERT INTO IMAGE (IMAGE_ID, ACCOMODATION_ID, IMAGE_URL) VALUES (2781, 154, 'https://a0.muscache.com/im/pictures/1fa13772-2850-477d-9e8f-3da8f9186277.jpg?im_w=720');
INSERT INTO IMAGE (IMAGE_ID, ACCOMODATION_ID, IMAGE_URL) VALUES (2782, 154, 'https://a0.muscache.com/im/pictures/c7b026f9-58c7-4b83-ace9-6b7b896e00ba.jpg?im_w=720');
INSERT INTO IMAGE (IMAGE_ID, ACCOMODATION_ID, IMAGE_URL) VALUES (2783, 154, 'https://a0.muscache.com/im/pictures/ab501cbd-7473-4467-8fca-88c9cba63e0e.jpg?im_w=720');
INSERT INTO IMAGE (IMAGE_ID, ACCOMODATION_ID, IMAGE_URL) VALUES (2784, 154, 'https://a0.muscache.com/im/pictures/0d822c32-60c8-4d88-868c-c3dcd4e8d607.jpg?im_w=720');
INSERT INTO IMAGE (IMAGE_ID, ACCOMODATION_ID, IMAGE_URL) VALUES (2785, 154, 'https://a0.muscache.com/im/pictures/5c99fc27-558e-4c7d-ad63-1ac0590d3503.jpg?im_w=720');
INSERT INTO IMAGE (IMAGE_ID, ACCOMODATION_ID, IMAGE_URL) VALUES (2786, 154, 'https://a0.muscache.com/im/pictures/7b8956a1-4a3f-4a3f-a8da-693264cf0beb.jpg?im_w=720');

INSERT INTO LOCATION (LOCATION_ID, LOCATION_NAME, COUNTRY, REGION, CITY, LATITUDE, LONGITUDE) VALUES (155, '지명155', ' 한국', ' 서울', '영등포구', 37.53273, 126.9013);
INSERT INTO ACCOMODATION (`ACCOMODATION_ID`, `LOCATION_ID`, `ACCOMODATION_NAME`, `HOST_NAME`, `DISCRIPTION`, `ACCOMODATION_TYPE`, `PRICE`, `MAXIMUM_OCCUPANCY`, `AVERAGE_POINT`, `BED_ROOM`, `BATH_ROOM`, `BED_COUNT`,`OPTION`) VALUES (155, 155, '[사슴, 한강뷰] 한강이 보이는 그린&그레이 톤의 방', '호스트155', '설명155', '집 전체', 729070, 2, 0.5, 1, 1,1, '주방,무선 인터넷,에어컨,헤어드라이어');
INSERT INTO IMAGE (IMAGE_ID, ACCOMODATION_ID, IMAGE_URL) VALUES (2787, 155, 'https://a0.muscache.com/im/pictures/a7ee5abb-e6c0-4abe-beb9-ad63e2c43e38.jpg?im_w=720');
INSERT INTO IMAGE (IMAGE_ID, ACCOMODATION_ID, IMAGE_URL) VALUES (2788, 155, 'https://a0.muscache.com/im/pictures/74878c84-2645-4165-8962-250b071cab99.jpg?im_w=720');
INSERT INTO IMAGE (IMAGE_ID, ACCOMODATION_ID, IMAGE_URL) VALUES (2789, 155, 'https://a0.muscache.com/im/pictures/c5de5115-fe68-425a-bcb3-4dcfdacf1c4a.jpg?im_w=720');
INSERT INTO IMAGE (IMAGE_ID, ACCOMODATION_ID, IMAGE_URL) VALUES (2790, 155, 'https://a0.muscache.com/im/pictures/6d893e06-2bc5-4e6c-9e84-a58e78b6cbd9.jpg?im_w=720');
INSERT INTO IMAGE (IMAGE_ID, ACCOMODATION_ID, IMAGE_URL) VALUES (2791, 155, 'https://a0.muscache.com/im/pictures/99ff485b-f928-4b30-8ae7-8ec119867b37.jpg?im_w=720');
INSERT INTO IMAGE (IMAGE_ID, ACCOMODATION_ID, IMAGE_URL) VALUES (2792, 155, 'https://a0.muscache.com/im/pictures/30caf7ac-3a1b-4c32-bfcf-98809ba2e937.jpg?im_w=720');
INSERT INTO IMAGE (IMAGE_ID, ACCOMODATION_ID, IMAGE_URL) VALUES (2793, 155, 'https://a0.muscache.com/im/pictures/56085409-8e64-4625-8333-8c77b0bc9bb2.jpg?im_w=720');
INSERT INTO IMAGE (IMAGE_ID, ACCOMODATION_ID, IMAGE_URL) VALUES (2794, 155, 'https://a0.muscache.com/im/pictures/928910fc-9655-498c-b757-b068a1adeec3.jpg?im_w=720');
INSERT INTO IMAGE (IMAGE_ID, ACCOMODATION_ID, IMAGE_URL) VALUES (2795, 155, 'https://a0.muscache.com/im/pictures/3c821cc6-1459-4faf-a371-58f9dc43ba2c.jpg?im_w=720');
INSERT INTO IMAGE (IMAGE_ID, ACCOMODATION_ID, IMAGE_URL) VALUES (2796, 155, 'https://a0.muscache.com/im/pictures/ed866934-a9d6-455d-b21a-768db63a7472.jpg?im_w=720');
INSERT INTO IMAGE (IMAGE_ID, ACCOMODATION_ID, IMAGE_URL) VALUES (2797, 155, 'https://a0.muscache.com/im/pictures/1c50cb6a-a891-43c8-9e65-ddf9a7ed2cd3.jpg?im_w=720');
INSERT INTO IMAGE (IMAGE_ID, ACCOMODATION_ID, IMAGE_URL) VALUES (2798, 155, 'https://a0.muscache.com/im/pictures/f6836af6-bcb3-4805-b9f5-6ee4849b97c5.jpg?im_w=720');
INSERT INTO IMAGE (IMAGE_ID, ACCOMODATION_ID, IMAGE_URL) VALUES (2799, 155, 'https://a0.muscache.com/im/pictures/cb8de761-f341-4e0d-a7b1-7bf34c9ef9aa.jpg?im_w=720');
INSERT INTO IMAGE (IMAGE_ID, ACCOMODATION_ID, IMAGE_URL) VALUES (2800, 155, 'https://a0.muscache.com/im/pictures/c033b4c2-eb9a-454d-9cbc-1e757f67ddaf.jpg?im_w=720');
INSERT INTO IMAGE (IMAGE_ID, ACCOMODATION_ID, IMAGE_URL) VALUES (2801, 155, 'https://a0.muscache.com/im/pictures/7f5c9348-5ef1-42c8-8a83-c954391396f8.jpg?im_w=720');
INSERT INTO IMAGE (IMAGE_ID, ACCOMODATION_ID, IMAGE_URL) VALUES (2802, 155, 'https://a0.muscache.com/im/pictures/edcac0e5-a81d-4126-92cc-b4522ab6d5d0.jpg?im_w=720');
INSERT INTO IMAGE (IMAGE_ID, ACCOMODATION_ID, IMAGE_URL) VALUES (2803, 155, 'https://a0.muscache.com/im/pictures/0b6a2cc2-e5c9-4d8c-9f7f-372744a73c9e.jpg?im_w=720');
INSERT INTO IMAGE (IMAGE_ID, ACCOMODATION_ID, IMAGE_URL) VALUES (2804, 155, 'https://a0.muscache.com/im/pictures/9d09dd60-e18e-4e8c-ad19-c2b589cdb4a9.jpg?im_w=720');
INSERT INTO IMAGE (IMAGE_ID, ACCOMODATION_ID, IMAGE_URL) VALUES (2805, 155, 'https://a0.muscache.com/im/pictures/2c253eb0-ebfc-417d-998e-02f6494d9be0.jpg?im_w=720');
INSERT INTO IMAGE (IMAGE_ID, ACCOMODATION_ID, IMAGE_URL) VALUES (2806, 155, 'https://a0.muscache.com/im/pictures/b3521179-e2e1-4ecf-8b9a-865aa7aa32e6.jpg?im_w=720');
INSERT INTO IMAGE (IMAGE_ID, ACCOMODATION_ID, IMAGE_URL) VALUES (2807, 155, 'https://a0.muscache.com/im/pictures/1cbdfc26-b91f-4028-afcc-9d0e9af6aac7.jpg?im_w=720');
INSERT INTO IMAGE (IMAGE_ID, ACCOMODATION_ID, IMAGE_URL) VALUES (2808, 155, 'https://a0.muscache.com/im/pictures/b86349ff-ae20-4c6e-b18b-a0cd3b74c904.jpg?im_w=720');
INSERT INTO IMAGE (IMAGE_ID, ACCOMODATION_ID, IMAGE_URL) VALUES (2809, 155, 'https://a0.muscache.com/im/pictures/6c6ae1cf-98e2-491a-90b7-6e42f7d094b0.jpg?im_w=720');
INSERT INTO IMAGE (IMAGE_ID, ACCOMODATION_ID, IMAGE_URL) VALUES (2810, 155, 'https://a0.muscache.com/im/pictures/449ef815-7452-4a5d-9a16-55c006d21313.jpg?im_w=720');
INSERT INTO IMAGE (IMAGE_ID, ACCOMODATION_ID, IMAGE_URL) VALUES (2811, 155, 'https://a0.muscache.com/im/pictures/12caddba-7341-4b0b-8cc0-3441460cbe2d.jpg?im_w=720');
INSERT INTO IMAGE (IMAGE_ID, ACCOMODATION_ID, IMAGE_URL) VALUES (2812, 155, 'https://a0.muscache.com/im/pictures/4596a073-f204-44b9-a4cf-6810995dbb77.jpg?im_w=720');
INSERT INTO IMAGE (IMAGE_ID, ACCOMODATION_ID, IMAGE_URL) VALUES (2813, 155, 'https://a0.muscache.com/im/pictures/69a7cacc-8706-4a1b-b492-3d177f137e68.jpg?im_w=720');
INSERT INTO IMAGE (IMAGE_ID, ACCOMODATION_ID, IMAGE_URL) VALUES (2814, 155, 'https://a0.muscache.com/im/pictures/47228127-e627-408e-84c4-6974916528f4.jpg?im_w=720');
INSERT INTO IMAGE (IMAGE_ID, ACCOMODATION_ID, IMAGE_URL) VALUES (2815, 155, 'https://a0.muscache.com/im/pictures/cbf57d97-ffa3-4447-9909-a805949c2997.jpg?im_w=720');
INSERT INTO IMAGE (IMAGE_ID, ACCOMODATION_ID, IMAGE_URL) VALUES (2816, 155, 'https://a0.muscache.com/im/pictures/84007c78-4344-4b8e-aaa5-3fb7e76fa0de.jpg?im_w=720');

INSERT INTO LOCATION (LOCATION_ID, LOCATION_NAME, COUNTRY, REGION, CITY, LATITUDE, LONGITUDE) VALUES (156, '지명156', ' 서울', ' Yeongdeungpo-gu', 'Dangsandong 6(yuk)-ga', 37.5351, 126.90321);
INSERT INTO ACCOMODATION (`ACCOMODATION_ID`, `LOCATION_ID`, `ACCOMODATION_NAME`, `HOST_NAME`, `DISCRIPTION`, `ACCOMODATION_TYPE`, `PRICE`, `MAXIMUM_OCCUPANCY`, `AVERAGE_POINT`, `BED_ROOM`, `BATH_ROOM`, `BED_COUNT`,`OPTION`) VALUES (156, 156, '[펴니;便宜] 2min Dangsan STN and Han River park', '호스트156', '설명156', '집 전체', 370476, 3, 2.4, 1, 1,1, '주방,무선 인터넷,에어컨,헤어드라이어');
INSERT INTO IMAGE (IMAGE_ID, ACCOMODATION_ID, IMAGE_URL) VALUES (2817, 156, 'https://a0.muscache.com/im/pictures/4ea572c0-3bc7-4a2f-8c7d-da28ab7cbc2c.jpg?im_w=720');
INSERT INTO IMAGE (IMAGE_ID, ACCOMODATION_ID, IMAGE_URL) VALUES (2818, 156, 'https://a0.muscache.com/im/pictures/3cb4a5ef-5117-4f7d-ae69-991cab48eb82.jpg?im_w=720');
INSERT INTO IMAGE (IMAGE_ID, ACCOMODATION_ID, IMAGE_URL) VALUES (2819, 156, 'https://a0.muscache.com/im/pictures/98edfd8b-3d18-46c9-a61e-477ed66b9f3f.jpg?im_w=720');
INSERT INTO IMAGE (IMAGE_ID, ACCOMODATION_ID, IMAGE_URL) VALUES (2820, 156, 'https://a0.muscache.com/im/pictures/45c4a7f5-0f0c-409e-b998-97229dc41664.jpg?im_w=720');
INSERT INTO IMAGE (IMAGE_ID, ACCOMODATION_ID, IMAGE_URL) VALUES (2821, 156, 'https://a0.muscache.com/im/pictures/e6e7c204-59d4-422f-b531-c9d21a9349f8.jpg?im_w=720');
INSERT INTO IMAGE (IMAGE_ID, ACCOMODATION_ID, IMAGE_URL) VALUES (2822, 156, 'https://a0.muscache.com/im/pictures/58e915b9-18f3-4e9a-843e-a08484e8ca61.jpg?im_w=720');
INSERT INTO IMAGE (IMAGE_ID, ACCOMODATION_ID, IMAGE_URL) VALUES (2823, 156, 'https://a0.muscache.com/im/pictures/miso/Hosting-48318014/original/ce4b3cc5-d288-4941-8247-5df3ccac53f8.jpeg?im_w=720');
INSERT INTO IMAGE (IMAGE_ID, ACCOMODATION_ID, IMAGE_URL) VALUES (2824, 156, 'https://a0.muscache.com/im/pictures/1ec2a266-40fb-46e0-8b90-f396bda49338.jpg?im_w=720');
INSERT INTO IMAGE (IMAGE_ID, ACCOMODATION_ID, IMAGE_URL) VALUES (2825, 156, 'https://a0.muscache.com/im/pictures/ed01acf2-88bd-4727-b241-ef0cfaba400f.jpg?im_w=720');
INSERT INTO IMAGE (IMAGE_ID, ACCOMODATION_ID, IMAGE_URL) VALUES (2826, 156, 'https://a0.muscache.com/im/pictures/7400e7ad-a1ca-4b6a-b727-8e90e7a8590f.jpg?im_w=720');
INSERT INTO IMAGE (IMAGE_ID, ACCOMODATION_ID, IMAGE_URL) VALUES (2827, 156, 'https://a0.muscache.com/im/pictures/184e9730-2e4c-43fc-9894-7bb1927b9969.jpg?im_w=720');
INSERT INTO IMAGE (IMAGE_ID, ACCOMODATION_ID, IMAGE_URL) VALUES (2828, 156, 'https://a0.muscache.com/im/pictures/1ae11db0-071f-4ba4-877a-534e032d4700.jpg?im_w=720');
INSERT INTO IMAGE (IMAGE_ID, ACCOMODATION_ID, IMAGE_URL) VALUES (2829, 156, 'https://a0.muscache.com/im/pictures/db067b5f-a960-4a22-b867-0ac79fd2d909.jpg?im_w=720');
INSERT INTO IMAGE (IMAGE_ID, ACCOMODATION_ID, IMAGE_URL) VALUES (2830, 156, 'https://a0.muscache.com/im/pictures/476dd686-cfc3-4e48-be87-a539852465d5.jpg?im_w=720');
INSERT INTO IMAGE (IMAGE_ID, ACCOMODATION_ID, IMAGE_URL) VALUES (2831, 156, 'https://a0.muscache.com/im/pictures/5700bd57-b24d-4ebe-8b37-26ffa009be04.jpg?im_w=720');
INSERT INTO IMAGE (IMAGE_ID, ACCOMODATION_ID, IMAGE_URL) VALUES (2832, 156, 'https://a0.muscache.com/im/pictures/6803dfb1-2d10-4803-9bb9-4987fef51e6c.jpg?im_w=720');
INSERT INTO IMAGE (IMAGE_ID, ACCOMODATION_ID, IMAGE_URL) VALUES (2833, 156, 'https://a0.muscache.com/im/pictures/78bb4dd1-0a49-4003-8111-e67f7b4761d5.jpg?im_w=720');
INSERT INTO IMAGE (IMAGE_ID, ACCOMODATION_ID, IMAGE_URL) VALUES (2834, 156, 'https://a0.muscache.com/im/pictures/0440d752-2832-47fb-bfae-ec91ccac85bf.jpg?im_w=720');
INSERT INTO IMAGE (IMAGE_ID, ACCOMODATION_ID, IMAGE_URL) VALUES (2835, 156, 'https://a0.muscache.com/im/pictures/1937079d-dfbb-4457-bc81-fdc2a167dc9a.jpg?im_w=720');
INSERT INTO IMAGE (IMAGE_ID, ACCOMODATION_ID, IMAGE_URL) VALUES (2836, 156, 'https://a0.muscache.com/im/pictures/587f578c-f1b3-426c-97b5-a711dc7f2786.jpg?im_w=720');
INSERT INTO IMAGE (IMAGE_ID, ACCOMODATION_ID, IMAGE_URL) VALUES (2837, 156, 'https://a0.muscache.com/im/pictures/d9ad21c7-dd93-4084-8e01-498cbde29775.jpg?im_w=720');
INSERT INTO IMAGE (IMAGE_ID, ACCOMODATION_ID, IMAGE_URL) VALUES (2838, 156, 'https://a0.muscache.com/im/pictures/5ce587d0-3f73-4540-8556-fcd64d5c16cc.jpg?im_w=720');
INSERT INTO IMAGE (IMAGE_ID, ACCOMODATION_ID, IMAGE_URL) VALUES (2839, 156, 'https://a0.muscache.com/im/pictures/f3cfbe01-355d-47e3-9c04-8ebe00d4fb61.jpg?im_w=720');
INSERT INTO IMAGE (IMAGE_ID, ACCOMODATION_ID, IMAGE_URL) VALUES (2840, 156, 'https://a0.muscache.com/im/pictures/50f1e43a-e427-4311-937d-4d472b147849.jpg?im_w=720');
INSERT INTO IMAGE (IMAGE_ID, ACCOMODATION_ID, IMAGE_URL) VALUES (2841, 156, 'https://a0.muscache.com/im/pictures/ffa91de2-a644-4724-8ff9-0ddeee651ba3.jpg?im_w=720');
INSERT INTO IMAGE (IMAGE_ID, ACCOMODATION_ID, IMAGE_URL) VALUES (2842, 156, 'https://a0.muscache.com/im/pictures/miso/Hosting-48318014/original/95baaae2-f39b-4c12-85aa-8aef15b80703.jpeg?im_w=720');
INSERT INTO IMAGE (IMAGE_ID, ACCOMODATION_ID, IMAGE_URL) VALUES (2843, 156, 'https://a0.muscache.com/im/pictures/ebac9f11-1446-466f-bd11-9e8417a2670e.jpg?im_w=720');
INSERT INTO IMAGE (IMAGE_ID, ACCOMODATION_ID, IMAGE_URL) VALUES (2844, 156, 'https://a0.muscache.com/im/pictures/7e38c1eb-4bb7-4173-ba0d-f7d46a8dc187.jpg?im_w=720');
INSERT INTO IMAGE (IMAGE_ID, ACCOMODATION_ID, IMAGE_URL) VALUES (2845, 156, 'https://a0.muscache.com/im/pictures/7b0b6cbe-719d-46c9-8d8c-c73c0ec4fa74.jpg?im_w=720');
INSERT INTO IMAGE (IMAGE_ID, ACCOMODATION_ID, IMAGE_URL) VALUES (2846, 156, 'https://a0.muscache.com/im/pictures/7d52a138-2261-4a1e-942f-23dde2da4755.jpg?im_w=720');

INSERT INTO LOCATION (LOCATION_ID, LOCATION_NAME, COUNTRY, REGION, CITY, LATITUDE, LONGITUDE) VALUES (157, '지명157', ' 서울', ' Gwanak-gu', 'Jowon-dong', 37.48322, 126.90856);
INSERT INTO ACCOMODATION (`ACCOMODATION_ID`, `LOCATION_ID`, `ACCOMODATION_NAME`, `HOST_NAME`, `DISCRIPTION`, `ACCOMODATION_TYPE`, `PRICE`, `MAXIMUM_OCCUPANCY`, `AVERAGE_POINT`, `BED_ROOM`, `BATH_ROOM`, `BED_COUNT`,`OPTION`) VALUES (157, 157, '역세권 가성비좋은 깔끔 넓은 원룸❤️', '호스트157', '설명157', '집 전체', 424119, 2, 1.2, 0, 1,0, '주방,무선 인터넷,에어컨,헤어드라이어');
INSERT INTO IMAGE (IMAGE_ID, ACCOMODATION_ID, IMAGE_URL) VALUES (2847, 157, 'https://a0.muscache.com/im/pictures/91a1d845-753b-4ef0-baf7-b69c4d9e47d5.jpg?im_w=720');
INSERT INTO IMAGE (IMAGE_ID, ACCOMODATION_ID, IMAGE_URL) VALUES (2848, 157, 'https://a0.muscache.com/im/pictures/6d0912d4-2482-4e5a-b1da-2f481f1863e1.jpg?im_w=720');
INSERT INTO IMAGE (IMAGE_ID, ACCOMODATION_ID, IMAGE_URL) VALUES (2849, 157, 'https://a0.muscache.com/im/pictures/6c77b24b-3935-46d6-bfbe-2c95aee027d6.jpg?im_w=720');
INSERT INTO IMAGE (IMAGE_ID, ACCOMODATION_ID, IMAGE_URL) VALUES (2850, 157, 'https://a0.muscache.com/im/pictures/8f6d49b1-0b85-44a0-ab04-9b14b45e8d4d.jpg?im_w=720');
INSERT INTO IMAGE (IMAGE_ID, ACCOMODATION_ID, IMAGE_URL) VALUES (2851, 157, 'https://a0.muscache.com/im/pictures/9370d836-0930-4dfe-9d00-c3901816d042.jpg?im_w=720');
INSERT INTO IMAGE (IMAGE_ID, ACCOMODATION_ID, IMAGE_URL) VALUES (2852, 157, 'https://a0.muscache.com/im/pictures/a026c075-979a-41da-b40d-0176b65d02f3.jpg?im_w=720');

INSERT INTO LOCATION (LOCATION_ID, LOCATION_NAME, COUNTRY, REGION, CITY, LATITUDE, LONGITUDE) VALUES (158, '지명158', ' 한국', ' 서울', '영등포구', 37.51914, 126.90946);
INSERT INTO ACCOMODATION (`ACCOMODATION_ID`, `LOCATION_ID`, `ACCOMODATION_NAME`, `HOST_NAME`, `DISCRIPTION`, `ACCOMODATION_TYPE`, `PRICE`, `MAXIMUM_OCCUPANCY`, `AVERAGE_POINT`, `BED_ROOM`, `BATH_ROOM`, `BED_COUNT`,`OPTION`) VALUES (158, 158, '[Yeong deungpo,cozy, white 백면채]More Than Home모어댄홈', '호스트158', '설명158', '집 전체', 417077, 2, 9.2, 1, 1,1, '주방,무선 인터넷,에어컨,헤어드라이어');
INSERT INTO IMAGE (IMAGE_ID, ACCOMODATION_ID, IMAGE_URL) VALUES (2853, 158, 'https://a0.muscache.com/im/pictures/cd534086-2d44-4461-b461-8a994d795c1c.jpg?im_w=720');
INSERT INTO IMAGE (IMAGE_ID, ACCOMODATION_ID, IMAGE_URL) VALUES (2854, 158, 'https://a0.muscache.com/im/pictures/13761f16-25c3-4760-b8c6-62d1e9f5aa62.jpg?im_w=720');
INSERT INTO IMAGE (IMAGE_ID, ACCOMODATION_ID, IMAGE_URL) VALUES (2855, 158, 'https://a0.muscache.com/im/pictures/caa62513-fd02-48a2-b493-5ea382160a72.jpg?im_w=720');
INSERT INTO IMAGE (IMAGE_ID, ACCOMODATION_ID, IMAGE_URL) VALUES (2856, 158, 'https://a0.muscache.com/im/pictures/b243e38c-8ede-4cf8-941d-1a7d2e442247.jpg?im_w=720');
INSERT INTO IMAGE (IMAGE_ID, ACCOMODATION_ID, IMAGE_URL) VALUES (2857, 158, 'https://a0.muscache.com/im/pictures/4c6713c3-0a21-4684-8985-89d86eaa6705.jpg?im_w=720');
INSERT INTO IMAGE (IMAGE_ID, ACCOMODATION_ID, IMAGE_URL) VALUES (2858, 158, 'https://a0.muscache.com/im/pictures/23005671-22b0-4e9f-97c8-244c2c56bec0.jpg?im_w=720');
INSERT INTO IMAGE (IMAGE_ID, ACCOMODATION_ID, IMAGE_URL) VALUES (2859, 158, 'https://a0.muscache.com/im/pictures/49b81dc2-03e8-4f19-a5f1-b24db46eff95.jpg?im_w=720');
INSERT INTO IMAGE (IMAGE_ID, ACCOMODATION_ID, IMAGE_URL) VALUES (2860, 158, 'https://a0.muscache.com/im/pictures/345a4fe6-7b44-4ba1-860b-56c7fdb21074.jpg?im_w=720');
INSERT INTO IMAGE (IMAGE_ID, ACCOMODATION_ID, IMAGE_URL) VALUES (2861, 158, 'https://a0.muscache.com/im/pictures/2f31c740-7187-4f83-a1ab-e85de08937af.jpg?im_w=720');
INSERT INTO IMAGE (IMAGE_ID, ACCOMODATION_ID, IMAGE_URL) VALUES (2862, 158, 'https://a0.muscache.com/im/pictures/d1b86e0b-abc5-41d5-b6df-7f815586b119.jpg?im_w=720');
INSERT INTO IMAGE (IMAGE_ID, ACCOMODATION_ID, IMAGE_URL) VALUES (2863, 158, 'https://a0.muscache.com/im/pictures/dd334c97-ca3c-4624-8f87-f7851e53d4b7.jpg?im_w=720');
INSERT INTO IMAGE (IMAGE_ID, ACCOMODATION_ID, IMAGE_URL) VALUES (2864, 158, 'https://a0.muscache.com/im/pictures/da07dc13-ca28-4edc-8c85-f7a74d4acd99.jpg?im_w=720');
INSERT INTO IMAGE (IMAGE_ID, ACCOMODATION_ID, IMAGE_URL) VALUES (2865, 158, 'https://a0.muscache.com/im/pictures/fc6cc641-5467-42c2-ba1e-126fcf663ec6.jpg?im_w=720');
INSERT INTO IMAGE (IMAGE_ID, ACCOMODATION_ID, IMAGE_URL) VALUES (2866, 158, 'https://a0.muscache.com/im/pictures/bb65cca1-29ba-4d41-a3b4-df0f127b34bd.jpg?im_w=720');
INSERT INTO IMAGE (IMAGE_ID, ACCOMODATION_ID, IMAGE_URL) VALUES (2867, 158, 'https://a0.muscache.com/im/pictures/facc8752-59d7-43fc-a8dc-c0f1ca909665.jpg?im_w=720');
INSERT INTO IMAGE (IMAGE_ID, ACCOMODATION_ID, IMAGE_URL) VALUES (2868, 158, 'https://a0.muscache.com/im/pictures/e15ee8da-ce77-4fe4-b6fd-ec604aa089ab.jpg?im_w=720');
INSERT INTO IMAGE (IMAGE_ID, ACCOMODATION_ID, IMAGE_URL) VALUES (2869, 158, 'https://a0.muscache.com/im/pictures/80b93da1-8969-4785-b67f-76010b905c1c.jpg?im_w=720');
INSERT INTO IMAGE (IMAGE_ID, ACCOMODATION_ID, IMAGE_URL) VALUES (2870, 158, 'https://a0.muscache.com/im/pictures/89c65d2a-61d0-4a82-9ba9-150c635460f8.jpg?im_w=720');
INSERT INTO IMAGE (IMAGE_ID, ACCOMODATION_ID, IMAGE_URL) VALUES (2871, 158, 'https://a0.muscache.com/im/pictures/433e83d0-2f0a-45b5-84a5-0838ae7b1bf6.jpg?im_w=720');
INSERT INTO IMAGE (IMAGE_ID, ACCOMODATION_ID, IMAGE_URL) VALUES (2872, 158, 'https://a0.muscache.com/im/pictures/ea5c1aa8-3f26-4138-a17d-4badfc838558.jpg?im_w=720');
INSERT INTO IMAGE (IMAGE_ID, ACCOMODATION_ID, IMAGE_URL) VALUES (2873, 158, 'https://a0.muscache.com/im/pictures/2c914752-9849-4f0b-8cce-10601c1f4173.jpg?im_w=720');
INSERT INTO IMAGE (IMAGE_ID, ACCOMODATION_ID, IMAGE_URL) VALUES (2874, 158, 'https://a0.muscache.com/im/pictures/869c14e2-62dd-4053-b021-368260590cd4.jpg?im_w=720');
INSERT INTO IMAGE (IMAGE_ID, ACCOMODATION_ID, IMAGE_URL) VALUES (2875, 158, 'https://a0.muscache.com/im/pictures/4bf86c2d-7a5e-454a-b804-ff3389c9b583.jpg?im_w=720');
INSERT INTO IMAGE (IMAGE_ID, ACCOMODATION_ID, IMAGE_URL) VALUES (2876, 158, 'https://a0.muscache.com/im/pictures/547a823d-aee2-496f-b906-d883b3597aaf.jpg?im_w=720');
INSERT INTO IMAGE (IMAGE_ID, ACCOMODATION_ID, IMAGE_URL) VALUES (2877, 158, 'https://a0.muscache.com/im/pictures/bf4a3d71-045a-487e-8615-a3a3bc8ce929.jpg?im_w=720');
INSERT INTO IMAGE (IMAGE_ID, ACCOMODATION_ID, IMAGE_URL) VALUES (2878, 158, 'https://a0.muscache.com/im/pictures/1a862cfe-8268-4450-b19f-622ab88e09c0.jpg?im_w=720');
INSERT INTO IMAGE (IMAGE_ID, ACCOMODATION_ID, IMAGE_URL) VALUES (2879, 158, 'https://a0.muscache.com/im/pictures/c72b3e12-b706-4d87-99f4-627301595ae9.jpg?im_w=720');
INSERT INTO IMAGE (IMAGE_ID, ACCOMODATION_ID, IMAGE_URL) VALUES (2880, 158, 'https://a0.muscache.com/im/pictures/921e7f28-f89a-4b92-8b6a-a771a76a2837.jpg?im_w=720');
INSERT INTO IMAGE (IMAGE_ID, ACCOMODATION_ID, IMAGE_URL) VALUES (2881, 158, 'https://a0.muscache.com/im/pictures/d84de9e1-5cad-43fc-a79d-048f7018a9b9.jpg?im_w=720');
INSERT INTO IMAGE (IMAGE_ID, ACCOMODATION_ID, IMAGE_URL) VALUES (2882, 158, 'https://a0.muscache.com/im/pictures/70110bf0-cd73-45bc-8068-e5cc78131ede.jpg?im_w=720');

INSERT INTO LOCATION (LOCATION_ID, LOCATION_NAME, COUNTRY, REGION, CITY, LATITUDE, LONGITUDE) VALUES (159, '지명159', ' 서울', ' Yeongdeungpo-gu', 'Dangsan 2(i)-dong', 37.53463, 126.89993);
INSERT INTO ACCOMODATION (`ACCOMODATION_ID`, `LOCATION_ID`, `ACCOMODATION_NAME`, `HOST_NAME`, `DISCRIPTION`, `ACCOMODATION_TYPE`, `PRICE`, `MAXIMUM_OCCUPANCY`, `AVERAGE_POINT`, `BED_ROOM`, `BATH_ROOM`, `BED_COUNT`,`OPTION`) VALUES (159, 159, '[Free Pocket Wi-Fi] 풀 윈도우로 한강의 일출과 일몰을 보며 힐링하세요 :)', '호스트159', '설명159', '집 전체', 194992, 3, 7.6, 1, 1,1, '주방,무선 인터넷,에어컨,헤어드라이어');
INSERT INTO IMAGE (IMAGE_ID, ACCOMODATION_ID, IMAGE_URL) VALUES (2883, 159, 'https://a0.muscache.com/im/pictures/23680a68-c151-44d2-aa6d-d547d8390e8e.jpg?im_w=720');
INSERT INTO IMAGE (IMAGE_ID, ACCOMODATION_ID, IMAGE_URL) VALUES (2884, 159, 'https://a0.muscache.com/im/pictures/937440e6-3749-4ffd-b571-82d70e632991.jpg?im_w=720');
INSERT INTO IMAGE (IMAGE_ID, ACCOMODATION_ID, IMAGE_URL) VALUES (2885, 159, 'https://a0.muscache.com/im/pictures/a4cd20fc-4966-42f7-8cd6-62fb9706a53f.jpg?im_w=720');
INSERT INTO IMAGE (IMAGE_ID, ACCOMODATION_ID, IMAGE_URL) VALUES (2886, 159, 'https://a0.muscache.com/im/pictures/bf6aaaec-b05e-43cd-b06e-2c6d7924a786.jpg?im_w=720');
INSERT INTO IMAGE (IMAGE_ID, ACCOMODATION_ID, IMAGE_URL) VALUES (2887, 159, 'https://a0.muscache.com/im/pictures/3dc9a835-31f4-4bd3-a55b-4d18203fa3e8.jpg?im_w=720');
INSERT INTO IMAGE (IMAGE_ID, ACCOMODATION_ID, IMAGE_URL) VALUES (2888, 159, 'https://a0.muscache.com/im/pictures/ea88e486-a743-4538-a900-0acf4176af4c.jpg?im_w=720');
INSERT INTO IMAGE (IMAGE_ID, ACCOMODATION_ID, IMAGE_URL) VALUES (2889, 159, 'https://a0.muscache.com/im/pictures/d758d7d0-6c2b-4992-bc3d-61a2fde9a394.jpg?im_w=720');
INSERT INTO IMAGE (IMAGE_ID, ACCOMODATION_ID, IMAGE_URL) VALUES (2890, 159, 'https://a0.muscache.com/im/pictures/4587890c-7e95-4f37-8873-3f501af9a40e.jpg?im_w=720');
INSERT INTO IMAGE (IMAGE_ID, ACCOMODATION_ID, IMAGE_URL) VALUES (2891, 159, 'https://a0.muscache.com/im/pictures/2cecaa36-a731-4d73-b3a5-d3668fc9d8ba.jpg?im_w=720');
INSERT INTO IMAGE (IMAGE_ID, ACCOMODATION_ID, IMAGE_URL) VALUES (2892, 159, 'https://a0.muscache.com/im/pictures/738072e6-74b1-43dd-b816-6a52b2222a2c.jpg?im_w=720');
INSERT INTO IMAGE (IMAGE_ID, ACCOMODATION_ID, IMAGE_URL) VALUES (2893, 159, 'https://a0.muscache.com/im/pictures/7e8c896d-49cf-4270-b628-c547248d7b5f.jpg?im_w=720');
INSERT INTO IMAGE (IMAGE_ID, ACCOMODATION_ID, IMAGE_URL) VALUES (2894, 159, 'https://a0.muscache.com/im/pictures/294425ff-270c-492c-9b06-75e425032d0b.jpg?im_w=720');
INSERT INTO IMAGE (IMAGE_ID, ACCOMODATION_ID, IMAGE_URL) VALUES (2895, 159, 'https://a0.muscache.com/im/pictures/2b30051a-185e-4a6a-8c2e-1c01c195e7c3.jpg?im_w=720');
INSERT INTO IMAGE (IMAGE_ID, ACCOMODATION_ID, IMAGE_URL) VALUES (2896, 159, 'https://a0.muscache.com/im/pictures/4b88580b-9e21-478c-ab03-80b55a62baa1.jpg?im_w=720');
INSERT INTO IMAGE (IMAGE_ID, ACCOMODATION_ID, IMAGE_URL) VALUES (2897, 159, 'https://a0.muscache.com/im/pictures/a5032bf7-2f37-4922-acd3-1d209156515d.jpg?im_w=720');
INSERT INTO IMAGE (IMAGE_ID, ACCOMODATION_ID, IMAGE_URL) VALUES (2898, 159, 'https://a0.muscache.com/im/pictures/70913d5e-e135-4cab-baa5-ea9fe398bb1b.jpg?im_w=720');
INSERT INTO IMAGE (IMAGE_ID, ACCOMODATION_ID, IMAGE_URL) VALUES (2899, 159, 'https://a0.muscache.com/im/pictures/5b46bf1d-1d70-4cd4-97d2-43870b024db8.jpg?im_w=720');
INSERT INTO IMAGE (IMAGE_ID, ACCOMODATION_ID, IMAGE_URL) VALUES (2900, 159, 'https://a0.muscache.com/im/pictures/a7def8b6-626f-4ebd-a4e5-aae1cdb91f46.jpg?im_w=720');
INSERT INTO IMAGE (IMAGE_ID, ACCOMODATION_ID, IMAGE_URL) VALUES (2901, 159, 'https://a0.muscache.com/im/pictures/f810093a-447a-4aa4-8d7b-62b487867f14.jpg?im_w=720');
INSERT INTO IMAGE (IMAGE_ID, ACCOMODATION_ID, IMAGE_URL) VALUES (2902, 159, 'https://a0.muscache.com/im/pictures/cae9ea7e-d82a-4714-9d79-afe10141b06c.jpg?im_w=720');
INSERT INTO IMAGE (IMAGE_ID, ACCOMODATION_ID, IMAGE_URL) VALUES (2903, 159, 'https://a0.muscache.com/im/pictures/ffd3a650-b86b-4676-ab4e-03944ac953cb.jpg?im_w=720');
INSERT INTO IMAGE (IMAGE_ID, ACCOMODATION_ID, IMAGE_URL) VALUES (2904, 159, 'https://a0.muscache.com/im/pictures/cd45e9ad-d274-46e6-ac6b-2b0dfd5bb6b3.jpg?im_w=720');
INSERT INTO IMAGE (IMAGE_ID, ACCOMODATION_ID, IMAGE_URL) VALUES (2905, 159, 'https://a0.muscache.com/im/pictures/e230eaab-f05e-4eab-887d-e24adbdb1796.jpg?im_w=720');
INSERT INTO IMAGE (IMAGE_ID, ACCOMODATION_ID, IMAGE_URL) VALUES (2906, 159, 'https://a0.muscache.com/im/pictures/1ddc6e07-d31d-450b-bc8b-ea9cb81553e4.jpg?im_w=720');
INSERT INTO IMAGE (IMAGE_ID, ACCOMODATION_ID, IMAGE_URL) VALUES (2907, 159, 'https://a0.muscache.com/im/pictures/bbbdc630-1ea7-4d02-8ca2-498315ca57b6.jpg?im_w=720');
INSERT INTO IMAGE (IMAGE_ID, ACCOMODATION_ID, IMAGE_URL) VALUES (2908, 159, 'https://a0.muscache.com/im/pictures/56bfd7be-1a46-43de-951f-0b2918b69a6e.jpg?im_w=720');
INSERT INTO IMAGE (IMAGE_ID, ACCOMODATION_ID, IMAGE_URL) VALUES (2909, 159, 'https://a0.muscache.com/im/pictures/2695bab2-1af3-4e31-9309-2282cbd255c7.jpg?im_w=720');
INSERT INTO IMAGE (IMAGE_ID, ACCOMODATION_ID, IMAGE_URL) VALUES (2910, 159, 'https://a0.muscache.com/im/pictures/4f5a40e9-8d27-4dd2-85ac-3e9f12b9ac67.jpg?im_w=720');
INSERT INTO IMAGE (IMAGE_ID, ACCOMODATION_ID, IMAGE_URL) VALUES (2911, 159, 'https://a0.muscache.com/im/pictures/85ab2d77-23dd-4fad-961d-79ec5143e911.jpg?im_w=720');
INSERT INTO IMAGE (IMAGE_ID, ACCOMODATION_ID, IMAGE_URL) VALUES (2912, 159, 'https://a0.muscache.com/im/pictures/1e06ca1d-90ff-428f-90b1-858aa793d837.jpg?im_w=720');

INSERT INTO LOCATION (LOCATION_ID, LOCATION_NAME, COUNTRY, REGION, CITY, LATITUDE, LONGITUDE) VALUES (160, '지명160', ' 서울', ' Gwanak-gu', 'Sillim-dong', 37.48877, 126.92716);
INSERT INTO ACCOMODATION (`ACCOMODATION_ID`, `LOCATION_ID`, `ACCOMODATION_NAME`, `HOST_NAME`, `DISCRIPTION`, `ACCOMODATION_TYPE`, `PRICE`, `MAXIMUM_OCCUPANCY`, `AVERAGE_POINT`, `BED_ROOM`, `BATH_ROOM`, `BED_COUNT`,`OPTION`) VALUES (160, 160, 'Black&white (cost-effective room)', '호스트160', '설명160', '집 전체', 247401, 2, 7.1, 0, 1,0, '주방,무선 인터넷,에어컨,헤어드라이어');
INSERT INTO IMAGE (IMAGE_ID, ACCOMODATION_ID, IMAGE_URL) VALUES (2913, 160, 'https://a0.muscache.com/im/pictures/081cb2c4-481d-4aac-a340-8df67be907e7.jpg?im_w=720');
INSERT INTO IMAGE (IMAGE_ID, ACCOMODATION_ID, IMAGE_URL) VALUES (2914, 160, 'https://a0.muscache.com/im/pictures/d33089c3-bf1f-42b6-b5de-066a4414cd16.jpg?im_w=720');
INSERT INTO IMAGE (IMAGE_ID, ACCOMODATION_ID, IMAGE_URL) VALUES (2915, 160, 'https://a0.muscache.com/im/pictures/5bd6ea7f-dfa5-4f5c-8a72-d10d70b93781.jpg?im_w=720');
INSERT INTO IMAGE (IMAGE_ID, ACCOMODATION_ID, IMAGE_URL) VALUES (2916, 160, 'https://a0.muscache.com/im/pictures/38a621ef-fd30-44ad-8f7e-29801d2bd94a.jpg?im_w=720');
INSERT INTO IMAGE (IMAGE_ID, ACCOMODATION_ID, IMAGE_URL) VALUES (2917, 160, 'https://a0.muscache.com/im/pictures/9dcdd674-634c-4a14-894a-25550e97c3b9.jpg?im_w=720');
INSERT INTO IMAGE (IMAGE_ID, ACCOMODATION_ID, IMAGE_URL) VALUES (2918, 160, 'https://a0.muscache.com/im/pictures/238b13b8-19c1-4388-86f6-8de31513b4c3.jpg?im_w=720');
INSERT INTO IMAGE (IMAGE_ID, ACCOMODATION_ID, IMAGE_URL) VALUES (2919, 160, 'https://a0.muscache.com/im/pictures/f37a10bc-7be0-4e3c-9b9d-702d267d46fd.jpg?im_w=720');
INSERT INTO IMAGE (IMAGE_ID, ACCOMODATION_ID, IMAGE_URL) VALUES (2920, 160, 'https://a0.muscache.com/im/pictures/c46ff164-08d3-46f6-802b-2f652011e9c0.jpg?im_w=720');
INSERT INTO IMAGE (IMAGE_ID, ACCOMODATION_ID, IMAGE_URL) VALUES (2921, 160, 'https://a0.muscache.com/im/pictures/a46aaf42-56ec-4541-8d50-0c6cf6c4d401.jpg?im_w=720');
INSERT INTO IMAGE (IMAGE_ID, ACCOMODATION_ID, IMAGE_URL) VALUES (2922, 160, 'https://a0.muscache.com/im/pictures/06e7d2f8-3928-440d-a6ba-b7cfef2381d5.jpg?im_w=720');
INSERT INTO IMAGE (IMAGE_ID, ACCOMODATION_ID, IMAGE_URL) VALUES (2923, 160, 'https://a0.muscache.com/im/pictures/79d4d0e7-083a-4f83-8977-99d71a142b08.jpg?im_w=720');
INSERT INTO IMAGE (IMAGE_ID, ACCOMODATION_ID, IMAGE_URL) VALUES (2924, 160, 'https://a0.muscache.com/im/pictures/13123d67-200d-4ae7-9b25-a1accf0ac374.jpg?im_w=720');
INSERT INTO IMAGE (IMAGE_ID, ACCOMODATION_ID, IMAGE_URL) VALUES (2925, 160, 'https://a0.muscache.com/im/pictures/222f9cf2-e4d4-4ad8-8dd2-33097cb5f64f.jpg?im_w=720');
INSERT INTO IMAGE (IMAGE_ID, ACCOMODATION_ID, IMAGE_URL) VALUES (2926, 160, 'https://a0.muscache.com/im/pictures/be44eac7-3e1b-4630-b2ab-07154d8b567e.jpg?im_w=720');

INSERT INTO LOCATION (LOCATION_ID, LOCATION_NAME, COUNTRY, REGION, CITY, LATITUDE, LONGITUDE) VALUES (161, '지명161', ' 서울', ' Seongdong-gu', 'Seongsu-dong 1(il)-ga', 37.54708, 126.91564);
INSERT INTO ACCOMODATION (`ACCOMODATION_ID`, `LOCATION_ID`, `ACCOMODATION_NAME`, `HOST_NAME`, `DISCRIPTION`, `ACCOMODATION_TYPE`, `PRICE`, `MAXIMUM_OCCUPANCY`, `AVERAGE_POINT`, `BED_ROOM`, `BATH_ROOM`, `BED_COUNT`,`OPTION`) VALUES (161, 161, '(P2) A spacious Seongsu share house', '호스트161', '설명161', '개인실', 425167, 1, 7.9, 0, 1,0, '주방,무선 인터넷,에어컨,헤어드라이어');
INSERT INTO IMAGE (IMAGE_ID, ACCOMODATION_ID, IMAGE_URL) VALUES (2927, 161, 'https://a0.muscache.com/im/pictures/6f848df4-751e-41fc-957b-4544d3092599.jpg?im_w=720');
INSERT INTO IMAGE (IMAGE_ID, ACCOMODATION_ID, IMAGE_URL) VALUES (2928, 161, 'https://a0.muscache.com/im/pictures/43a01a8d-94bc-4b66-860e-4931b95703b4.jpg?im_w=720');
INSERT INTO IMAGE (IMAGE_ID, ACCOMODATION_ID, IMAGE_URL) VALUES (2929, 161, 'https://a0.muscache.com/im/pictures/2f3967e5-6586-48f5-b12d-1121669f02ed.jpg?im_w=720');
INSERT INTO IMAGE (IMAGE_ID, ACCOMODATION_ID, IMAGE_URL) VALUES (2930, 161, 'https://a0.muscache.com/im/pictures/efb486bf-4235-4422-98a5-ccab49b43754.jpg?im_w=720');
INSERT INTO IMAGE (IMAGE_ID, ACCOMODATION_ID, IMAGE_URL) VALUES (2931, 161, 'https://a0.muscache.com/im/pictures/c4fa4f92-efdd-4cde-ad8f-2e5f13d1ba37.jpg?im_w=720');
INSERT INTO IMAGE (IMAGE_ID, ACCOMODATION_ID, IMAGE_URL) VALUES (2932, 161, 'https://a0.muscache.com/im/pictures/cf032d88-f9a6-4ad9-ace6-9f9c4bb5ce75.jpg?im_w=720');
INSERT INTO IMAGE (IMAGE_ID, ACCOMODATION_ID, IMAGE_URL) VALUES (2933, 161, 'https://a0.muscache.com/im/pictures/ae544831-66ec-4068-b5a4-3183cca48283.jpg?im_w=720');
INSERT INTO IMAGE (IMAGE_ID, ACCOMODATION_ID, IMAGE_URL) VALUES (2934, 161, 'https://a0.muscache.com/im/pictures/0abd0bbe-d110-440c-8d09-714bf5fa5bd3.jpg?im_w=720');
INSERT INTO IMAGE (IMAGE_ID, ACCOMODATION_ID, IMAGE_URL) VALUES (2935, 161, 'https://a0.muscache.com/im/pictures/7612563d-c3c9-483c-a73c-e628a2f9b7e6.jpg?im_w=720');
INSERT INTO IMAGE (IMAGE_ID, ACCOMODATION_ID, IMAGE_URL) VALUES (2936, 161, 'https://a0.muscache.com/im/pictures/d8f6d7da-c8df-4489-8662-abc342e120c2.jpg?im_w=720');
INSERT INTO IMAGE (IMAGE_ID, ACCOMODATION_ID, IMAGE_URL) VALUES (2937, 161, 'https://a0.muscache.com/im/pictures/a8300cd9-0477-4631-a2d4-a32ca01aa3a3.jpg?im_w=720');
INSERT INTO IMAGE (IMAGE_ID, ACCOMODATION_ID, IMAGE_URL) VALUES (2938, 161, 'https://a0.muscache.com/im/pictures/10eeb51e-dd79-4515-98fc-ffc1c220ad56.jpg?im_w=720');
INSERT INTO IMAGE (IMAGE_ID, ACCOMODATION_ID, IMAGE_URL) VALUES (2939, 161, 'https://a0.muscache.com/im/pictures/fdbfe208-30bf-4b09-940a-91ea96fbd932.jpg?im_w=720');
INSERT INTO IMAGE (IMAGE_ID, ACCOMODATION_ID, IMAGE_URL) VALUES (2940, 161, 'https://a0.muscache.com/im/pictures/6d02550c-5451-414f-a4b7-07e570acfa67.jpg?im_w=720');
INSERT INTO IMAGE (IMAGE_ID, ACCOMODATION_ID, IMAGE_URL) VALUES (2941, 161, 'https://a0.muscache.com/im/pictures/120821dc-b1d1-4fca-850b-19b1faacabf1.jpg?im_w=720');
INSERT INTO IMAGE (IMAGE_ID, ACCOMODATION_ID, IMAGE_URL) VALUES (2942, 161, 'https://a0.muscache.com/im/pictures/b293fdbe-fba4-4e6d-8e3a-47cde5898eea.jpg?im_w=720');
INSERT INTO IMAGE (IMAGE_ID, ACCOMODATION_ID, IMAGE_URL) VALUES (2943, 161, 'https://a0.muscache.com/im/pictures/3d4b96fa-ce1d-4894-8db4-517382e0f3e9.jpg?im_w=720');
INSERT INTO IMAGE (IMAGE_ID, ACCOMODATION_ID, IMAGE_URL) VALUES (2944, 161, 'https://a0.muscache.com/im/pictures/93b4f02e-84be-433a-b832-08266c5e7a6c.jpg?im_w=720');
INSERT INTO IMAGE (IMAGE_ID, ACCOMODATION_ID, IMAGE_URL) VALUES (2945, 161, 'https://a0.muscache.com/im/pictures/5f5f19f1-cadc-45f6-9a3f-5fa7a3d6cc24.jpg?im_w=720');

INSERT INTO LOCATION (LOCATION_ID, LOCATION_NAME, COUNTRY, REGION, CITY, LATITUDE, LONGITUDE) VALUES (162, '지명162', ' 서울', ' Yeongdeungpo-gu', 'Dangsan 2(i)-dong', 37.53304, 126.89866);
INSERT INTO ACCOMODATION (`ACCOMODATION_ID`, `LOCATION_ID`, `ACCOMODATION_NAME`, `HOST_NAME`, `DISCRIPTION`, `ACCOMODATION_TYPE`, `PRICE`, `MAXIMUM_OCCUPANCY`, `AVERAGE_POINT`, `BED_ROOM`, `BATH_ROOM`, `BED_COUNT`,`OPTION`) VALUES (162, 162, '[Moonlight above the Han river] 한강뷰와 네온사인&바테이블', '호스트162', '설명162', '집 전체', 266078, 2, 3.7, 1, 1,1, '주방,무선 인터넷,에어컨,헤어드라이어');
INSERT INTO IMAGE (IMAGE_ID, ACCOMODATION_ID, IMAGE_URL) VALUES (2946, 162, 'https://a0.muscache.com/im/pictures/c9c92beb-00a0-499e-a45e-c032610fd33d.jpg?im_w=720');
INSERT INTO IMAGE (IMAGE_ID, ACCOMODATION_ID, IMAGE_URL) VALUES (2947, 162, 'https://a0.muscache.com/im/pictures/9dd98424-8210-40c2-a224-257c9869496d.jpg?im_w=720');
INSERT INTO IMAGE (IMAGE_ID, ACCOMODATION_ID, IMAGE_URL) VALUES (2948, 162, 'https://a0.muscache.com/im/pictures/98901dd9-850e-4264-9162-288685737304.jpg?im_w=720');
INSERT INTO IMAGE (IMAGE_ID, ACCOMODATION_ID, IMAGE_URL) VALUES (2949, 162, 'https://a0.muscache.com/im/pictures/e92175ee-738a-4e01-b091-f38b9b841e3b.jpg?im_w=720');
INSERT INTO IMAGE (IMAGE_ID, ACCOMODATION_ID, IMAGE_URL) VALUES (2950, 162, 'https://a0.muscache.com/im/pictures/120a6814-feaa-4b53-b262-7feebd2b46f7.jpg?im_w=720');
INSERT INTO IMAGE (IMAGE_ID, ACCOMODATION_ID, IMAGE_URL) VALUES (2951, 162, 'https://a0.muscache.com/im/pictures/d2ccfa6c-fdca-45a7-9358-794dcdbc61fe.jpg?im_w=720');
INSERT INTO IMAGE (IMAGE_ID, ACCOMODATION_ID, IMAGE_URL) VALUES (2952, 162, 'https://a0.muscache.com/im/pictures/1d2b78ec-691c-472d-8674-583d157a76fe.jpg?im_w=720');
INSERT INTO IMAGE (IMAGE_ID, ACCOMODATION_ID, IMAGE_URL) VALUES (2953, 162, 'https://a0.muscache.com/im/pictures/2bac37de-729e-4433-8cc8-a4f7ad9c5f08.jpg?im_w=720');
INSERT INTO IMAGE (IMAGE_ID, ACCOMODATION_ID, IMAGE_URL) VALUES (2954, 162, 'https://a0.muscache.com/im/pictures/d64915d9-aaba-4138-a5c2-a552ba7c2c93.jpg?im_w=720');
INSERT INTO IMAGE (IMAGE_ID, ACCOMODATION_ID, IMAGE_URL) VALUES (2955, 162, 'https://a0.muscache.com/im/pictures/574f03cd-8733-40ed-aced-7b6f021bf044.jpg?im_w=720');
INSERT INTO IMAGE (IMAGE_ID, ACCOMODATION_ID, IMAGE_URL) VALUES (2956, 162, 'https://a0.muscache.com/im/pictures/16c419a4-da01-443d-a693-21c412b8633d.jpg?im_w=720');
INSERT INTO IMAGE (IMAGE_ID, ACCOMODATION_ID, IMAGE_URL) VALUES (2957, 162, 'https://a0.muscache.com/im/pictures/a23ed685-a6f0-4714-8760-95259954e3a9.jpg?im_w=720');
INSERT INTO IMAGE (IMAGE_ID, ACCOMODATION_ID, IMAGE_URL) VALUES (2958, 162, 'https://a0.muscache.com/im/pictures/5b3915cb-fd8c-4f43-802b-8fbe52572b28.jpg?im_w=720');
INSERT INTO IMAGE (IMAGE_ID, ACCOMODATION_ID, IMAGE_URL) VALUES (2959, 162, 'https://a0.muscache.com/im/pictures/b70af35b-35d7-4f4d-bc6f-a1c571222d56.jpg?im_w=720');
INSERT INTO IMAGE (IMAGE_ID, ACCOMODATION_ID, IMAGE_URL) VALUES (2960, 162, 'https://a0.muscache.com/im/pictures/ed48ea89-45b9-479e-94e6-ff6911bbaa88.jpg?im_w=720');
INSERT INTO IMAGE (IMAGE_ID, ACCOMODATION_ID, IMAGE_URL) VALUES (2961, 162, 'https://a0.muscache.com/im/pictures/390ca6f1-4f6d-477e-b821-4f5697a5a439.jpg?im_w=720');
INSERT INTO IMAGE (IMAGE_ID, ACCOMODATION_ID, IMAGE_URL) VALUES (2962, 162, 'https://a0.muscache.com/im/pictures/38c79033-2c3f-4102-9e8c-39894c41c181.jpg?im_w=720');
INSERT INTO IMAGE (IMAGE_ID, ACCOMODATION_ID, IMAGE_URL) VALUES (2963, 162, 'https://a0.muscache.com/im/pictures/115beecb-4d32-4d65-90cd-1eca41f74120.jpg?im_w=720');
INSERT INTO IMAGE (IMAGE_ID, ACCOMODATION_ID, IMAGE_URL) VALUES (2964, 162, 'https://a0.muscache.com/im/pictures/d86013d4-7252-4c4b-a3b1-98ddf87a19d1.jpg?im_w=720');
INSERT INTO IMAGE (IMAGE_ID, ACCOMODATION_ID, IMAGE_URL) VALUES (2965, 162, 'https://a0.muscache.com/im/pictures/68ec4f7c-81d6-4d3e-ab6d-d1ee11ed3e9a.jpg?im_w=720');
INSERT INTO IMAGE (IMAGE_ID, ACCOMODATION_ID, IMAGE_URL) VALUES (2966, 162, 'https://a0.muscache.com/im/pictures/52a324d5-548e-4862-90f3-b9c3598e9711.jpg?im_w=720');
INSERT INTO IMAGE (IMAGE_ID, ACCOMODATION_ID, IMAGE_URL) VALUES (2967, 162, 'https://a0.muscache.com/im/pictures/1a49ab29-e7c1-421b-92af-a3b483046ccb.jpg?im_w=720');
INSERT INTO IMAGE (IMAGE_ID, ACCOMODATION_ID, IMAGE_URL) VALUES (2968, 162, 'https://a0.muscache.com/im/pictures/71f43f5f-43d8-4863-bef4-cc228697dd27.jpg?im_w=720');
INSERT INTO IMAGE (IMAGE_ID, ACCOMODATION_ID, IMAGE_URL) VALUES (2969, 162, 'https://a0.muscache.com/im/pictures/7e83f1f9-3ffa-4b03-9add-e15c83cd1452.jpg?im_w=720');
INSERT INTO IMAGE (IMAGE_ID, ACCOMODATION_ID, IMAGE_URL) VALUES (2970, 162, 'https://a0.muscache.com/im/pictures/872a5198-19a0-4091-a7da-af3e20740920.jpg?im_w=720');

INSERT INTO LOCATION (LOCATION_ID, LOCATION_NAME, COUNTRY, REGION, CITY, LATITUDE, LONGITUDE) VALUES (163, '지명163', ' 서울', ' Yeongdeungpo-gu', 'Dangsandong 6(yuk)-ga', 37.53494, 126.90261);
INSERT INTO ACCOMODATION (`ACCOMODATION_ID`, `LOCATION_ID`, `ACCOMODATION_NAME`, `HOST_NAME`, `DISCRIPTION`, `ACCOMODATION_TYPE`, `PRICE`, `MAXIMUM_OCCUPANCY`, `AVERAGE_POINT`, `BED_ROOM`, `BATH_ROOM`, `BED_COUNT`,`OPTION`) VALUES (163, 163, '[A] 당산역 5분거리, 아담하고 깨끗한 1인실 개인실, 여성전용, 내집 같은 편안함', '호스트163', '설명163', '개인실', 723738, 1, 7.3, 1, 1,1, '주방,무선 인터넷,에어컨,헤어드라이어');
INSERT INTO IMAGE (IMAGE_ID, ACCOMODATION_ID, IMAGE_URL) VALUES (2971, 163, 'https://a0.muscache.com/im/pictures/e02bc75b-8460-4378-96f4-73a70ea59abb.jpg?im_w=720');
INSERT INTO IMAGE (IMAGE_ID, ACCOMODATION_ID, IMAGE_URL) VALUES (2972, 163, 'https://a0.muscache.com/im/pictures/4abb962e-8941-4c66-8de7-91be0990fc72.jpg?im_w=720');
INSERT INTO IMAGE (IMAGE_ID, ACCOMODATION_ID, IMAGE_URL) VALUES (2973, 163, 'https://a0.muscache.com/im/pictures/ca686a3f-240f-4366-b945-61cb53989f71.jpg?im_w=720');
INSERT INTO IMAGE (IMAGE_ID, ACCOMODATION_ID, IMAGE_URL) VALUES (2974, 163, 'https://a0.muscache.com/im/pictures/780e476a-f24e-4908-8785-cb0e32475da0.jpg?im_w=720');
INSERT INTO IMAGE (IMAGE_ID, ACCOMODATION_ID, IMAGE_URL) VALUES (2975, 163, 'https://a0.muscache.com/im/pictures/080699cd-1138-44f7-a024-21c3e35a903a.jpg?im_w=720');
INSERT INTO IMAGE (IMAGE_ID, ACCOMODATION_ID, IMAGE_URL) VALUES (2976, 163, 'https://a0.muscache.com/im/pictures/022370e8-075b-4306-aee3-84ad534b8228.jpg?im_w=720');
INSERT INTO IMAGE (IMAGE_ID, ACCOMODATION_ID, IMAGE_URL) VALUES (2977, 163, 'https://a0.muscache.com/im/pictures/f223a284-31f9-4f65-bb52-660d69a8be4a.jpg?im_w=720');
INSERT INTO IMAGE (IMAGE_ID, ACCOMODATION_ID, IMAGE_URL) VALUES (2978, 163, 'https://a0.muscache.com/im/pictures/2167dc18-7f4a-493d-bb1e-6641b2689d26.jpg?im_w=720');
INSERT INTO IMAGE (IMAGE_ID, ACCOMODATION_ID, IMAGE_URL) VALUES (2979, 163, 'https://a0.muscache.com/im/pictures/c40dc6c4-b4e7-45f3-baf4-ede60033d6c2.jpg?im_w=720');

INSERT INTO LOCATION (LOCATION_ID, LOCATION_NAME, COUNTRY, REGION, CITY, LATITUDE, LONGITUDE) VALUES (164, '지명164', ' 한국', ' 서울', '마포구', 37.55723, 126.91665);
INSERT INTO ACCOMODATION (`ACCOMODATION_ID`, `LOCATION_ID`, `ACCOMODATION_NAME`, `HOST_NAME`, `DISCRIPTION`, `ACCOMODATION_TYPE`, `PRICE`, `MAXIMUM_OCCUPANCY`, `AVERAGE_POINT`, `BED_ROOM`, `BATH_ROOM`, `BED_COUNT`,`OPTION`) VALUES (164, 164, '홍대의 당신의 아름다운 장기 렌탈집! (+ wifi에그)', '호스트164', '설명164', '집 전체', 239453, 3, 5.1, 1, 1,1, '주방,무선 인터넷,에어컨,헤어드라이어');
INSERT INTO IMAGE (IMAGE_ID, ACCOMODATION_ID, IMAGE_URL) VALUES (2980, 164, 'https://a0.muscache.com/im/pictures/ccf7ecef-2801-4b8e-9a57-bf4b0d1dceb5.jpg?im_w=720');
INSERT INTO IMAGE (IMAGE_ID, ACCOMODATION_ID, IMAGE_URL) VALUES (2981, 164, 'https://a0.muscache.com/im/pictures/7ec18bca-54b8-4748-98cb-c527c8c61514.jpg?im_w=720');
INSERT INTO IMAGE (IMAGE_ID, ACCOMODATION_ID, IMAGE_URL) VALUES (2982, 164, 'https://a0.muscache.com/im/pictures/d9a6e3d2-41e1-4128-a820-a46f31d5b13d.jpg?im_w=720');
INSERT INTO IMAGE (IMAGE_ID, ACCOMODATION_ID, IMAGE_URL) VALUES (2983, 164, 'https://a0.muscache.com/im/pictures/754f6294-28f3-46c6-b070-7a65aeac00f3.jpg?im_w=720');
INSERT INTO IMAGE (IMAGE_ID, ACCOMODATION_ID, IMAGE_URL) VALUES (2984, 164, 'https://a0.muscache.com/im/pictures/fedbaa09-864a-401a-89dc-ff3e9ea1f8b4.jpg?im_w=720');
INSERT INTO IMAGE (IMAGE_ID, ACCOMODATION_ID, IMAGE_URL) VALUES (2985, 164, 'https://a0.muscache.com/im/pictures/0d242fc1-3f44-47ba-a35c-961f3a9f6c8b.jpg?im_w=720');
INSERT INTO IMAGE (IMAGE_ID, ACCOMODATION_ID, IMAGE_URL) VALUES (2986, 164, 'https://a0.muscache.com/im/pictures/81861874/f6055795_original.jpg?im_w=720');
INSERT INTO IMAGE (IMAGE_ID, ACCOMODATION_ID, IMAGE_URL) VALUES (2987, 164, 'https://a0.muscache.com/im/pictures/58ac6632-4fc2-4ef5-9d30-146954a58dac.jpg?im_w=720');
INSERT INTO IMAGE (IMAGE_ID, ACCOMODATION_ID, IMAGE_URL) VALUES (2988, 164, 'https://a0.muscache.com/im/pictures/e8885055-1728-43d5-9ae9-1fa09d3267f7.jpg?im_w=720');
INSERT INTO IMAGE (IMAGE_ID, ACCOMODATION_ID, IMAGE_URL) VALUES (2989, 164, 'https://a0.muscache.com/im/pictures/d6758e59-cd01-4261-bc7b-f737a4a1372f.jpg?im_w=720');
INSERT INTO IMAGE (IMAGE_ID, ACCOMODATION_ID, IMAGE_URL) VALUES (2990, 164, 'https://a0.muscache.com/im/pictures/cefaffba-4d3c-4b2a-b63f-7f7a959865c9.jpg?im_w=720');
INSERT INTO IMAGE (IMAGE_ID, ACCOMODATION_ID, IMAGE_URL) VALUES (2991, 164, 'https://a0.muscache.com/im/pictures/29e1a8f0-2c99-418f-9c3e-facb1ca7aeda.jpg?im_w=720');
INSERT INTO IMAGE (IMAGE_ID, ACCOMODATION_ID, IMAGE_URL) VALUES (2992, 164, 'https://a0.muscache.com/im/pictures/a348b823-ac14-4550-b769-5f821e1ec3d0.jpg?im_w=720');
INSERT INTO IMAGE (IMAGE_ID, ACCOMODATION_ID, IMAGE_URL) VALUES (2993, 164, 'https://a0.muscache.com/im/pictures/0d0afb93-14f7-46bd-9a8a-21233ccb00d0.jpg?im_w=720');
INSERT INTO IMAGE (IMAGE_ID, ACCOMODATION_ID, IMAGE_URL) VALUES (2994, 164, 'https://a0.muscache.com/im/pictures/7a23d72e-04bc-4dfa-a942-98c9b270f651.jpg?im_w=720');
INSERT INTO IMAGE (IMAGE_ID, ACCOMODATION_ID, IMAGE_URL) VALUES (2995, 164, 'https://a0.muscache.com/im/pictures/7cfadaca-5a32-4fdf-b081-2c21644be0c2.jpg?im_w=720');
INSERT INTO IMAGE (IMAGE_ID, ACCOMODATION_ID, IMAGE_URL) VALUES (2996, 164, 'https://a0.muscache.com/im/pictures/ef319400-a283-42b2-969d-cb0d55fe93d7.jpg?im_w=720');
INSERT INTO IMAGE (IMAGE_ID, ACCOMODATION_ID, IMAGE_URL) VALUES (2997, 164, 'https://a0.muscache.com/im/pictures/5bcf8709-90f6-48ae-8ca2-67e1ab04afe8.jpg?im_w=720');
INSERT INTO IMAGE (IMAGE_ID, ACCOMODATION_ID, IMAGE_URL) VALUES (2998, 164, 'https://a0.muscache.com/im/pictures/df0f9244-6f7d-4295-8ec7-0cd068d98b83.jpg?im_w=720');
INSERT INTO IMAGE (IMAGE_ID, ACCOMODATION_ID, IMAGE_URL) VALUES (2999, 164, 'https://a0.muscache.com/im/pictures/82851701/9fa2d512_original.jpg?im_w=720');
INSERT INTO IMAGE (IMAGE_ID, ACCOMODATION_ID, IMAGE_URL) VALUES (3000, 164, 'https://a0.muscache.com/im/pictures/83795705/88f3711d_original.jpg?im_w=720');
INSERT INTO IMAGE (IMAGE_ID, ACCOMODATION_ID, IMAGE_URL) VALUES (3001, 164, 'https://a0.muscache.com/im/pictures/83632999/9b6f7025_original.jpg?im_w=720');
INSERT INTO IMAGE (IMAGE_ID, ACCOMODATION_ID, IMAGE_URL) VALUES (3002, 164, 'https://a0.muscache.com/im/pictures/b1cb8b0f-bb13-4257-b95d-0e50c15bea37.jpg?im_w=720');
INSERT INTO IMAGE (IMAGE_ID, ACCOMODATION_ID, IMAGE_URL) VALUES (3003, 164, 'https://a0.muscache.com/im/pictures/83632839/7406e8b5_original.jpg?im_w=720');
INSERT INTO IMAGE (IMAGE_ID, ACCOMODATION_ID, IMAGE_URL) VALUES (3004, 164, 'https://a0.muscache.com/im/pictures/81861993/ded807ce_original.jpg?im_w=720');
INSERT INTO IMAGE (IMAGE_ID, ACCOMODATION_ID, IMAGE_URL) VALUES (3005, 164, 'https://a0.muscache.com/im/pictures/81aacbab-ac77-4299-9212-637ac47dab0f.jpg?im_w=720');
INSERT INTO IMAGE (IMAGE_ID, ACCOMODATION_ID, IMAGE_URL) VALUES (3006, 164, 'https://a0.muscache.com/im/pictures/83632873/98df24e2_original.jpg?im_w=720');
INSERT INTO IMAGE (IMAGE_ID, ACCOMODATION_ID, IMAGE_URL) VALUES (3007, 164, 'https://a0.muscache.com/im/pictures/81861911/8c62ed60_original.jpg?im_w=720');
INSERT INTO IMAGE (IMAGE_ID, ACCOMODATION_ID, IMAGE_URL) VALUES (3008, 164, 'https://a0.muscache.com/im/pictures/82851738/5b628405_original.jpg?im_w=720');
INSERT INTO IMAGE (IMAGE_ID, ACCOMODATION_ID, IMAGE_URL) VALUES (3009, 164, 'https://a0.muscache.com/im/pictures/82851435/d9112d65_original.jpg?im_w=720');

INSERT INTO LOCATION (LOCATION_ID, LOCATION_NAME, COUNTRY, REGION, CITY, LATITUDE, LONGITUDE) VALUES (165, '지명165', ' 한국', ' 서울', '영등포 4가', 37.51732, 126.9033);
INSERT INTO ACCOMODATION (`ACCOMODATION_ID`, `LOCATION_ID`, `ACCOMODATION_NAME`, `HOST_NAME`, `DISCRIPTION`, `ACCOMODATION_TYPE`, `PRICE`, `MAXIMUM_OCCUPANCY`, `AVERAGE_POINT`, `BED_ROOM`, `BATH_ROOM`, `BED_COUNT`,`OPTION`) VALUES (165, 165, '#9 (Netflix/복층/통유리 타임스퀘어 VIEW♡) 스마트 TV, 소파 배드 구비', '호스트165', '설명165', '집 전체', 575592, 4, 2.1, 2, 1,2, '주방,무선 인터넷,에어컨,헤어드라이어');
INSERT INTO IMAGE (IMAGE_ID, ACCOMODATION_ID, IMAGE_URL) VALUES (3010, 165, 'https://a0.muscache.com/im/pictures/9da884e4-9f9d-41a5-bc3f-96f1ae0a723c.jpg?im_w=720');
INSERT INTO IMAGE (IMAGE_ID, ACCOMODATION_ID, IMAGE_URL) VALUES (3011, 165, 'https://a0.muscache.com/im/pictures/08476b14-7aa4-4cbc-9652-b5ceab3f2037.jpg?im_w=720');
INSERT INTO IMAGE (IMAGE_ID, ACCOMODATION_ID, IMAGE_URL) VALUES (3012, 165, 'https://a0.muscache.com/im/pictures/e473a723-5d41-40ca-a0d2-14bb4d21d0e7.jpg?im_w=720');
INSERT INTO IMAGE (IMAGE_ID, ACCOMODATION_ID, IMAGE_URL) VALUES (3013, 165, 'https://a0.muscache.com/im/pictures/6641e5b3-6b49-4fb4-8e80-53f03f7d6016.jpg?im_w=720');
INSERT INTO IMAGE (IMAGE_ID, ACCOMODATION_ID, IMAGE_URL) VALUES (3014, 165, 'https://a0.muscache.com/im/pictures/e2aa7389-dbb6-4789-935e-da930ccdf58e.jpg?im_w=720');
INSERT INTO IMAGE (IMAGE_ID, ACCOMODATION_ID, IMAGE_URL) VALUES (3015, 165, 'https://a0.muscache.com/im/pictures/d14a345e-7204-413b-8281-d1e80892dcf7.jpg?im_w=720');
INSERT INTO IMAGE (IMAGE_ID, ACCOMODATION_ID, IMAGE_URL) VALUES (3016, 165, 'https://a0.muscache.com/im/pictures/6ca0a2b6-4b15-4be1-b0c5-921edf1c50e3.jpg?im_w=720');
INSERT INTO IMAGE (IMAGE_ID, ACCOMODATION_ID, IMAGE_URL) VALUES (3017, 165, 'https://a0.muscache.com/im/pictures/2d83cbb8-923b-42b8-a526-fe0b5edfa7dd.jpg?im_w=720');
INSERT INTO IMAGE (IMAGE_ID, ACCOMODATION_ID, IMAGE_URL) VALUES (3018, 165, 'https://a0.muscache.com/im/pictures/caeabfb4-235e-4fb0-b267-fbf6d4c87c2d.jpg?im_w=720');
INSERT INTO IMAGE (IMAGE_ID, ACCOMODATION_ID, IMAGE_URL) VALUES (3019, 165, 'https://a0.muscache.com/im/pictures/891bc838-bf4e-42db-b468-cc55539d5d80.jpg?im_w=720');
INSERT INTO IMAGE (IMAGE_ID, ACCOMODATION_ID, IMAGE_URL) VALUES (3020, 165, 'https://a0.muscache.com/im/pictures/708ea6c4-4b90-4869-82f0-ab73433c3302.jpg?im_w=720');
INSERT INTO IMAGE (IMAGE_ID, ACCOMODATION_ID, IMAGE_URL) VALUES (3021, 165, 'https://a0.muscache.com/im/pictures/a86ad072-17dd-44fe-9c3f-b031fc9ebedd.jpg?im_w=720');
INSERT INTO IMAGE (IMAGE_ID, ACCOMODATION_ID, IMAGE_URL) VALUES (3022, 165, 'https://a0.muscache.com/im/pictures/9a3479a4-7ed0-438c-b3ce-fe3f304edde9.jpg?im_w=720');
INSERT INTO IMAGE (IMAGE_ID, ACCOMODATION_ID, IMAGE_URL) VALUES (3023, 165, 'https://a0.muscache.com/im/pictures/c88b78d8-2900-48c0-b33a-35307c3516f2.jpg?im_w=720');
INSERT INTO IMAGE (IMAGE_ID, ACCOMODATION_ID, IMAGE_URL) VALUES (3024, 165, 'https://a0.muscache.com/im/pictures/4a1c0268-004e-4590-9ebf-1362b6f0ba0c.jpg?im_w=720');
INSERT INTO IMAGE (IMAGE_ID, ACCOMODATION_ID, IMAGE_URL) VALUES (3025, 165, 'https://a0.muscache.com/im/pictures/cc14e9a7-30db-4466-8e71-c9a8fb46b657.jpg?im_w=720');
INSERT INTO IMAGE (IMAGE_ID, ACCOMODATION_ID, IMAGE_URL) VALUES (3026, 165, 'https://a0.muscache.com/im/pictures/f6c27481-00bc-4809-9a0a-49c287eff524.jpg?im_w=720');
INSERT INTO IMAGE (IMAGE_ID, ACCOMODATION_ID, IMAGE_URL) VALUES (3027, 165, 'https://a0.muscache.com/im/pictures/334552c1-698d-44df-af67-eb32c94eae3b.jpg?im_w=720');
INSERT INTO IMAGE (IMAGE_ID, ACCOMODATION_ID, IMAGE_URL) VALUES (3028, 165, 'https://a0.muscache.com/im/pictures/6b578bc4-9aa7-44be-ae87-668f0c33c4b7.jpg?im_w=720');
INSERT INTO IMAGE (IMAGE_ID, ACCOMODATION_ID, IMAGE_URL) VALUES (3029, 165, 'https://a0.muscache.com/im/pictures/8f5b6211-f3c0-40dc-a1c6-d1ded86ad1a3.jpg?im_w=720');
INSERT INTO IMAGE (IMAGE_ID, ACCOMODATION_ID, IMAGE_URL) VALUES (3030, 165, 'https://a0.muscache.com/im/pictures/4c2a8af1-2a0d-4d51-9a83-d8328a845036.jpg?im_w=720');
INSERT INTO IMAGE (IMAGE_ID, ACCOMODATION_ID, IMAGE_URL) VALUES (3031, 165, 'https://a0.muscache.com/im/pictures/231bc6e5-68de-4e77-a4f8-05f6982b13e4.jpg?im_w=720');
INSERT INTO IMAGE (IMAGE_ID, ACCOMODATION_ID, IMAGE_URL) VALUES (3032, 165, 'https://a0.muscache.com/im/pictures/119ea720-97fd-41d7-ade7-5df2537aed3a.jpg?im_w=720');
INSERT INTO IMAGE (IMAGE_ID, ACCOMODATION_ID, IMAGE_URL) VALUES (3033, 165, 'https://a0.muscache.com/im/pictures/3735dc69-166c-4ceb-9e7f-769553c6077a.jpg?im_w=720');
INSERT INTO IMAGE (IMAGE_ID, ACCOMODATION_ID, IMAGE_URL) VALUES (3034, 165, 'https://a0.muscache.com/im/pictures/30e2a1b0-a487-4a8f-abb3-a1db5cfa84d7.jpg?im_w=720');
INSERT INTO IMAGE (IMAGE_ID, ACCOMODATION_ID, IMAGE_URL) VALUES (3035, 165, 'https://a0.muscache.com/im/pictures/1a55536f-29ea-4413-b45e-bb7cf5fcfdcb.jpg?im_w=720');
INSERT INTO IMAGE (IMAGE_ID, ACCOMODATION_ID, IMAGE_URL) VALUES (3036, 165, 'https://a0.muscache.com/im/pictures/296c9d0e-0575-4fff-94f6-ea72e0177912.jpg?im_w=720');
INSERT INTO IMAGE (IMAGE_ID, ACCOMODATION_ID, IMAGE_URL) VALUES (3037, 165, 'https://a0.muscache.com/im/pictures/73531e58-877f-4121-8569-66c4660bb393.jpg?im_w=720');
INSERT INTO IMAGE (IMAGE_ID, ACCOMODATION_ID, IMAGE_URL) VALUES (3038, 165, 'https://a0.muscache.com/im/pictures/03d843f3-5853-4277-a939-35ffde165846.jpg?im_w=720');
INSERT INTO IMAGE (IMAGE_ID, ACCOMODATION_ID, IMAGE_URL) VALUES (3039, 165, 'https://a0.muscache.com/im/pictures/7565842e-a733-4747-a939-8130c95678a1.jpg?im_w=720');

INSERT INTO LOCATION (LOCATION_ID, LOCATION_NAME, COUNTRY, REGION, CITY, LATITUDE, LONGITUDE) VALUES (166, '지명166', ' 서울', ' Yeongdeungpo-gu', 'Yeongdeungpo-dong', 37.52743, 126.90711);
INSERT INTO ACCOMODATION (`ACCOMODATION_ID`, `LOCATION_ID`, `ACCOMODATION_NAME`, `HOST_NAME`, `DISCRIPTION`, `ACCOMODATION_TYPE`, `PRICE`, `MAXIMUM_OCCUPANCY`, `AVERAGE_POINT`, `BED_ROOM`, `BATH_ROOM`, `BED_COUNT`,`OPTION`) VALUES (166, 166, '나무, 새, 고양이 [독채]', '호스트166', '설명166', '집 전체', 681709, 2, 1.6, 1, 1,1, '주방,무선 인터넷,에어컨,헤어드라이어');
INSERT INTO IMAGE (IMAGE_ID, ACCOMODATION_ID, IMAGE_URL) VALUES (3040, 166, 'https://a0.muscache.com/im/pictures/miso/Hosting-43124823/original/49fd87ac-bf86-4ea0-9375-b233e898e0dd.png?im_w=720');
INSERT INTO IMAGE (IMAGE_ID, ACCOMODATION_ID, IMAGE_URL) VALUES (3041, 166, 'https://a0.muscache.com/im/pictures/miso/Hosting-43124823/original/71636cee-5220-47b0-ad3c-feb5671cf7cb.png?im_w=720');
INSERT INTO IMAGE (IMAGE_ID, ACCOMODATION_ID, IMAGE_URL) VALUES (3042, 166, 'https://a0.muscache.com/im/pictures/miso/Hosting-43124823/original/39247db5-b9f7-4e30-b214-3572d38f26d4.png?im_w=720');
INSERT INTO IMAGE (IMAGE_ID, ACCOMODATION_ID, IMAGE_URL) VALUES (3043, 166, 'https://a0.muscache.com/im/pictures/miso/Hosting-43124823/original/545ebe46-875c-4edc-ba69-40f618284124.jpeg?im_w=720');
INSERT INTO IMAGE (IMAGE_ID, ACCOMODATION_ID, IMAGE_URL) VALUES (3044, 166, 'https://a0.muscache.com/im/pictures/miso/Hosting-43124823/original/4e1dc53a-fdfb-4abd-a6c1-42f914b6a1d8.png?im_w=720');
INSERT INTO IMAGE (IMAGE_ID, ACCOMODATION_ID, IMAGE_URL) VALUES (3045, 166, 'https://a0.muscache.com/im/pictures/miso/Hosting-43124823/original/718794d8-61d3-48b7-9c40-e94f27b0c4eb.png?im_w=720');
INSERT INTO IMAGE (IMAGE_ID, ACCOMODATION_ID, IMAGE_URL) VALUES (3046, 166, 'https://a0.muscache.com/im/pictures/miso/Hosting-43124823/original/c81a9c7d-577c-40ea-b7f0-1c0514e70b11.png?im_w=720');
INSERT INTO IMAGE (IMAGE_ID, ACCOMODATION_ID, IMAGE_URL) VALUES (3047, 166, 'https://a0.muscache.com/im/pictures/miso/Hosting-43124823/original/a66e53f0-c3ee-4199-a781-4d1859bfccea.png?im_w=720');
INSERT INTO IMAGE (IMAGE_ID, ACCOMODATION_ID, IMAGE_URL) VALUES (3048, 166, 'https://a0.muscache.com/im/pictures/miso/Hosting-43124823/original/4585b685-2ab7-485c-8cc5-d63c2c5c2696.png?im_w=720');
INSERT INTO IMAGE (IMAGE_ID, ACCOMODATION_ID, IMAGE_URL) VALUES (3049, 166, 'https://a0.muscache.com/im/pictures/miso/Hosting-43124823/original/55919b0d-2293-40a1-978a-f53438e56ac1.png?im_w=720');
INSERT INTO IMAGE (IMAGE_ID, ACCOMODATION_ID, IMAGE_URL) VALUES (3050, 166, 'https://a0.muscache.com/im/pictures/miso/Hosting-43124823/original/a1e664fb-596a-4858-ab8c-ce30344f4d5a.png?im_w=720');
INSERT INTO IMAGE (IMAGE_ID, ACCOMODATION_ID, IMAGE_URL) VALUES (3051, 166, 'https://a0.muscache.com/im/pictures/miso/Hosting-43124823/original/e6669eef-8814-43f7-88ab-eaf01ecedbeb.png?im_w=720');
INSERT INTO IMAGE (IMAGE_ID, ACCOMODATION_ID, IMAGE_URL) VALUES (3052, 166, 'https://a0.muscache.com/im/pictures/miso/Hosting-43124823/original/9d1fd822-a752-4904-9f89-7964e52e4053.png?im_w=720');
INSERT INTO IMAGE (IMAGE_ID, ACCOMODATION_ID, IMAGE_URL) VALUES (3053, 166, 'https://a0.muscache.com/im/pictures/miso/Hosting-43124823/original/89f4f92e-b31d-480c-a99b-833162fbc211.png?im_w=720');
INSERT INTO IMAGE (IMAGE_ID, ACCOMODATION_ID, IMAGE_URL) VALUES (3054, 166, 'https://a0.muscache.com/im/pictures/miso/Hosting-43124823/original/43dfb28c-717d-424b-8228-5bbf8fe31a17.png?im_w=720');
INSERT INTO IMAGE (IMAGE_ID, ACCOMODATION_ID, IMAGE_URL) VALUES (3055, 166, 'https://a0.muscache.com/im/pictures/miso/Hosting-43124823/original/5dd01249-5e32-4f7f-bf74-7a7511afc8aa.png?im_w=720');
INSERT INTO IMAGE (IMAGE_ID, ACCOMODATION_ID, IMAGE_URL) VALUES (3056, 166, 'https://a0.muscache.com/im/pictures/miso/Hosting-43124823/original/90fbb5dc-73bc-4345-866b-097ef3d0276f.png?im_w=720');
INSERT INTO IMAGE (IMAGE_ID, ACCOMODATION_ID, IMAGE_URL) VALUES (3057, 166, 'https://a0.muscache.com/im/pictures/miso/Hosting-43124823/original/6dc3f75a-dfe2-497c-a868-bfd5a97571af.png?im_w=720');
INSERT INTO IMAGE (IMAGE_ID, ACCOMODATION_ID, IMAGE_URL) VALUES (3058, 166, 'https://a0.muscache.com/im/pictures/miso/Hosting-43124823/original/e36113cc-b3c3-4e61-9269-7e92b247a1dc.png?im_w=720');
INSERT INTO IMAGE (IMAGE_ID, ACCOMODATION_ID, IMAGE_URL) VALUES (3059, 166, 'https://a0.muscache.com/im/pictures/miso/Hosting-43124823/original/37c1f9e1-c900-48b5-9bb1-567165ed5c51.png?im_w=720');
INSERT INTO IMAGE (IMAGE_ID, ACCOMODATION_ID, IMAGE_URL) VALUES (3060, 166, 'https://a0.muscache.com/im/pictures/miso/Hosting-43124823/original/43778e64-fbfd-4888-a66c-939d875f06fa.png?im_w=720');
INSERT INTO IMAGE (IMAGE_ID, ACCOMODATION_ID, IMAGE_URL) VALUES (3061, 166, 'https://a0.muscache.com/im/pictures/miso/Hosting-43124823/original/0b5e6d88-ca12-4fd8-b4db-45b18612f8e9.png?im_w=720');
INSERT INTO IMAGE (IMAGE_ID, ACCOMODATION_ID, IMAGE_URL) VALUES (3062, 166, 'https://a0.muscache.com/im/pictures/miso/Hosting-43124823/original/132b3532-194a-4190-b011-74b3ad0a6bc0.png?im_w=720');
INSERT INTO IMAGE (IMAGE_ID, ACCOMODATION_ID, IMAGE_URL) VALUES (3063, 166, 'https://a0.muscache.com/im/pictures/miso/Hosting-43124823/original/b622ba2d-1be7-4b72-9e74-0f675a59489e.png?im_w=720');
INSERT INTO IMAGE (IMAGE_ID, ACCOMODATION_ID, IMAGE_URL) VALUES (3064, 166, 'https://a0.muscache.com/im/pictures/miso/Hosting-43124823/original/46fe1857-53af-4fdc-8cf9-14b8837660df.png?im_w=720');
INSERT INTO IMAGE (IMAGE_ID, ACCOMODATION_ID, IMAGE_URL) VALUES (3065, 166, 'https://a0.muscache.com/im/pictures/miso/Hosting-43124823/original/ec064ac4-146d-4576-8356-2bb9d45c485d.png?im_w=720');
INSERT INTO IMAGE (IMAGE_ID, ACCOMODATION_ID, IMAGE_URL) VALUES (3066, 166, 'https://a0.muscache.com/im/pictures/miso/Hosting-43124823/original/f689fe35-ecb2-4647-afa1-fe709549dd52.png?im_w=720');
INSERT INTO IMAGE (IMAGE_ID, ACCOMODATION_ID, IMAGE_URL) VALUES (3067, 166, 'https://a0.muscache.com/im/pictures/miso/Hosting-43124823/original/02b831a3-4512-4ce9-92f4-2f4587a4e769.png?im_w=720');
INSERT INTO IMAGE (IMAGE_ID, ACCOMODATION_ID, IMAGE_URL) VALUES (3068, 166, 'https://a0.muscache.com/im/pictures/miso/Hosting-43124823/original/0f7f8c76-d0a2-4fca-abb9-372f3e37503e.png?im_w=720');
INSERT INTO IMAGE (IMAGE_ID, ACCOMODATION_ID, IMAGE_URL) VALUES (3069, 166, 'https://a0.muscache.com/im/pictures/miso/Hosting-43124823/original/fb0070e9-345e-4907-8caf-e68a1d0b434d.png?im_w=720');

INSERT INTO LOCATION (LOCATION_ID, LOCATION_NAME, COUNTRY, REGION, CITY, LATITUDE, LONGITUDE) VALUES (167, '지명167', ' 한국', ' 서울', '영등포구', 37.5081, 126.9108);
INSERT INTO ACCOMODATION (`ACCOMODATION_ID`, `LOCATION_ID`, `ACCOMODATION_NAME`, `HOST_NAME`, `DISCRIPTION`, `ACCOMODATION_TYPE`, `PRICE`, `MAXIMUM_OCCUPANCY`, `AVERAGE_POINT`, `BED_ROOM`, `BATH_ROOM`, `BED_COUNT`,`OPTION`) VALUES (167, 167, '독립 싱글룸 & 개인화장실 - 다다름', '호스트167', '설명167', '호텔 객실', 514655, 1, 5.1, 1, 1,1, '주방,무선 인터넷,에어컨,헤어드라이어');
INSERT INTO IMAGE (IMAGE_ID, ACCOMODATION_ID, IMAGE_URL) VALUES (3070, 167, 'https://a0.muscache.com/im/pictures/a937254d-bc9a-41de-a3ff-9372cb391578.jpg?im_w=720');
INSERT INTO IMAGE (IMAGE_ID, ACCOMODATION_ID, IMAGE_URL) VALUES (3071, 167, 'https://a0.muscache.com/im/pictures/c2121b64-241f-44fe-985f-bd149d384b3f.jpg?im_w=720');
INSERT INTO IMAGE (IMAGE_ID, ACCOMODATION_ID, IMAGE_URL) VALUES (3072, 167, 'https://a0.muscache.com/im/pictures/e488ce43-a754-4b64-a972-7ca05c1da16d.jpg?im_w=720');
INSERT INTO IMAGE (IMAGE_ID, ACCOMODATION_ID, IMAGE_URL) VALUES (3073, 167, 'https://a0.muscache.com/im/pictures/7c76f14a-9ca9-4c23-a2ec-648372b074aa.jpg?im_w=720');
INSERT INTO IMAGE (IMAGE_ID, ACCOMODATION_ID, IMAGE_URL) VALUES (3074, 167, 'https://a0.muscache.com/im/pictures/89ef51bd-f82a-4597-9ca4-387a9a89dfe5.jpg?im_w=720');
INSERT INTO IMAGE (IMAGE_ID, ACCOMODATION_ID, IMAGE_URL) VALUES (3075, 167, 'https://a0.muscache.com/im/pictures/0c7be48d-f86a-4be0-8699-70bcee679b7d.jpg?im_w=720');
INSERT INTO IMAGE (IMAGE_ID, ACCOMODATION_ID, IMAGE_URL) VALUES (3076, 167, 'https://a0.muscache.com/im/pictures/6776be5f-fa20-4922-ba6e-15c96c41897f.jpg?im_w=720');
INSERT INTO IMAGE (IMAGE_ID, ACCOMODATION_ID, IMAGE_URL) VALUES (3077, 167, 'https://a0.muscache.com/im/pictures/3d262b56-820d-421a-8521-39d8286e6221.jpg?im_w=720');
INSERT INTO IMAGE (IMAGE_ID, ACCOMODATION_ID, IMAGE_URL) VALUES (3078, 167, 'https://a0.muscache.com/im/pictures/fd712137-2a61-477b-8e81-f2cb64638d24.jpg?im_w=720');
INSERT INTO IMAGE (IMAGE_ID, ACCOMODATION_ID, IMAGE_URL) VALUES (3079, 167, 'https://a0.muscache.com/im/pictures/462da52a-5fb4-4283-a53c-f0c73b55f695.jpg?im_w=720');
INSERT INTO IMAGE (IMAGE_ID, ACCOMODATION_ID, IMAGE_URL) VALUES (3080, 167, 'https://a0.muscache.com/im/pictures/a5bd7230-aabb-4bb7-8b91-ee1d5f31c65b.jpg?im_w=720');
INSERT INTO IMAGE (IMAGE_ID, ACCOMODATION_ID, IMAGE_URL) VALUES (3081, 167, 'https://a0.muscache.com/im/pictures/96d33a79-7f32-4722-a34b-d7e62a0adca5.jpg?im_w=720');
INSERT INTO IMAGE (IMAGE_ID, ACCOMODATION_ID, IMAGE_URL) VALUES (3082, 167, 'https://a0.muscache.com/im/pictures/21628a50-20ee-4256-9585-8377dfe0eeb2.jpg?im_w=720');
INSERT INTO IMAGE (IMAGE_ID, ACCOMODATION_ID, IMAGE_URL) VALUES (3083, 167, 'https://a0.muscache.com/im/pictures/6e678f51-40c0-4862-9d0f-bbbd26b56fca.jpg?im_w=720');
INSERT INTO IMAGE (IMAGE_ID, ACCOMODATION_ID, IMAGE_URL) VALUES (3084, 167, 'https://a0.muscache.com/im/pictures/91e7f0bd-69cf-4988-ad5f-54dbdd6b00b3.jpg?im_w=720');
INSERT INTO IMAGE (IMAGE_ID, ACCOMODATION_ID, IMAGE_URL) VALUES (3085, 167, 'https://a0.muscache.com/im/pictures/97eb48a0-28e0-456a-9dbf-adf0370367c7.jpg?im_w=720');
INSERT INTO IMAGE (IMAGE_ID, ACCOMODATION_ID, IMAGE_URL) VALUES (3086, 167, 'https://a0.muscache.com/im/pictures/8eefcd0f-221c-488e-bf54-a625b9256d13.jpg?im_w=720');
INSERT INTO IMAGE (IMAGE_ID, ACCOMODATION_ID, IMAGE_URL) VALUES (3087, 167, 'https://a0.muscache.com/im/pictures/d98606cf-5ef2-4204-b20c-4c891c0afa65.jpg?im_w=720');
INSERT INTO IMAGE (IMAGE_ID, ACCOMODATION_ID, IMAGE_URL) VALUES (3088, 167, 'https://a0.muscache.com/im/pictures/08591de0-f5ae-4172-a98e-ae32a2728b59.jpg?im_w=720');
INSERT INTO IMAGE (IMAGE_ID, ACCOMODATION_ID, IMAGE_URL) VALUES (3089, 167, 'https://a0.muscache.com/im/pictures/a2fb026f-a44b-4d36-acf1-203d3c06fdda.jpg?im_w=720');

INSERT INTO LOCATION (LOCATION_ID, LOCATION_NAME, COUNTRY, REGION, CITY, LATITUDE, LONGITUDE) VALUES (168, '지명168', ' 서울', ' Yeongdeungpo-gu', 'Daerim 2(i)-dong', 37.48765, 126.8999);
INSERT INTO ACCOMODATION (`ACCOMODATION_ID`, `LOCATION_ID`, `ACCOMODATION_NAME`, `HOST_NAME`, `DISCRIPTION`, `ACCOMODATION_TYPE`, `PRICE`, `MAXIMUM_OCCUPANCY`, `AVERAGE_POINT`, `BED_ROOM`, `BATH_ROOM`, `BED_COUNT`,`OPTION`) VALUES (168, 168, '1min to the subway  #OPEN SALE#FREE portable WiFi#', '호스트168', '설명168', '집 전체', 313217, 2, 9.4, 1, 1,1, '주방,무선 인터넷,에어컨,헤어드라이어');
INSERT INTO IMAGE (IMAGE_ID, ACCOMODATION_ID, IMAGE_URL) VALUES (3090, 168, 'https://a0.muscache.com/im/pictures/43682859-224d-4d09-adc6-67579e78f9f9.jpg?im_w=720');
INSERT INTO IMAGE (IMAGE_ID, ACCOMODATION_ID, IMAGE_URL) VALUES (3091, 168, 'https://a0.muscache.com/im/pictures/a6996662-cf42-4d1e-b161-2811ed9bee18.jpg?im_w=720');
INSERT INTO IMAGE (IMAGE_ID, ACCOMODATION_ID, IMAGE_URL) VALUES (3092, 168, 'https://a0.muscache.com/im/pictures/fb97c3cf-4f49-4dc2-997f-6f89cfbffe04.jpg?im_w=720');
INSERT INTO IMAGE (IMAGE_ID, ACCOMODATION_ID, IMAGE_URL) VALUES (3093, 168, 'https://a0.muscache.com/im/pictures/c05df009-d85d-4635-9e5f-11d002231d20.jpg?im_w=720');
INSERT INTO IMAGE (IMAGE_ID, ACCOMODATION_ID, IMAGE_URL) VALUES (3094, 168, 'https://a0.muscache.com/im/pictures/73057d47-7bb7-41c6-9411-2becec5a6fd7.jpg?im_w=720');
INSERT INTO IMAGE (IMAGE_ID, ACCOMODATION_ID, IMAGE_URL) VALUES (3095, 168, 'https://a0.muscache.com/im/pictures/5bb19ba3-08da-49fc-a73b-36d03dc06f3c.jpg?im_w=720');
INSERT INTO IMAGE (IMAGE_ID, ACCOMODATION_ID, IMAGE_URL) VALUES (3096, 168, 'https://a0.muscache.com/im/pictures/41e9cc5f-c85e-4f4e-8dbe-cd2818341479.jpg?im_w=720');
INSERT INTO IMAGE (IMAGE_ID, ACCOMODATION_ID, IMAGE_URL) VALUES (3097, 168, 'https://a0.muscache.com/im/pictures/b70581bb-9217-46d1-a414-77c628d9ad59.jpg?im_w=720');
INSERT INTO IMAGE (IMAGE_ID, ACCOMODATION_ID, IMAGE_URL) VALUES (3098, 168, 'https://a0.muscache.com/im/pictures/87cd380b-0db9-4591-92ba-6facd9ef407f.jpg?im_w=720');
INSERT INTO IMAGE (IMAGE_ID, ACCOMODATION_ID, IMAGE_URL) VALUES (3099, 168, 'https://a0.muscache.com/im/pictures/81d215ab-4524-42c7-8a11-e827b959403f.jpg?im_w=720');
INSERT INTO IMAGE (IMAGE_ID, ACCOMODATION_ID, IMAGE_URL) VALUES (3100, 168, 'https://a0.muscache.com/im/pictures/1136f521-df14-46f2-8ff1-d72a9c05ba05.jpg?im_w=720');
INSERT INTO IMAGE (IMAGE_ID, ACCOMODATION_ID, IMAGE_URL) VALUES (3101, 168, 'https://a0.muscache.com/im/pictures/9ebca996-a4ff-47cd-a251-a16b9985a4ac.jpg?im_w=720');
INSERT INTO IMAGE (IMAGE_ID, ACCOMODATION_ID, IMAGE_URL) VALUES (3102, 168, 'https://a0.muscache.com/im/pictures/ce7bbc1a-ca4e-48e7-8f80-25b1945bc773.jpg?im_w=720');
INSERT INTO IMAGE (IMAGE_ID, ACCOMODATION_ID, IMAGE_URL) VALUES (3103, 168, 'https://a0.muscache.com/im/pictures/326c3206-e8a2-4295-a7ed-17143ae843e7.jpg?im_w=720');
INSERT INTO IMAGE (IMAGE_ID, ACCOMODATION_ID, IMAGE_URL) VALUES (3104, 168, 'https://a0.muscache.com/im/pictures/17e4f13e-e7f7-413e-99f7-4cce3e3c67f1.jpg?im_w=720');
INSERT INTO IMAGE (IMAGE_ID, ACCOMODATION_ID, IMAGE_URL) VALUES (3105, 168, 'https://a0.muscache.com/im/pictures/05e1cfc9-cc22-46dd-aeb1-3c03b659f149.jpg?im_w=720');
INSERT INTO IMAGE (IMAGE_ID, ACCOMODATION_ID, IMAGE_URL) VALUES (3106, 168, 'https://a0.muscache.com/im/pictures/abe91d62-a6f8-4e0c-82eb-0ff5771259ed.jpg?im_w=720');
INSERT INTO IMAGE (IMAGE_ID, ACCOMODATION_ID, IMAGE_URL) VALUES (3107, 168, 'https://a0.muscache.com/im/pictures/156154b4-4e4d-457a-a489-2384ee8879ea.jpg?im_w=720');
INSERT INTO IMAGE (IMAGE_ID, ACCOMODATION_ID, IMAGE_URL) VALUES (3108, 168, 'https://a0.muscache.com/im/pictures/6a36f9ac-e9d8-475a-b8cc-cc99650c9680.jpg?im_w=720');
INSERT INTO IMAGE (IMAGE_ID, ACCOMODATION_ID, IMAGE_URL) VALUES (3109, 168, 'https://a0.muscache.com/im/pictures/fb840049-c481-4ca4-9b0d-1af7d4399649.jpg?im_w=720');
INSERT INTO IMAGE (IMAGE_ID, ACCOMODATION_ID, IMAGE_URL) VALUES (3110, 168, 'https://a0.muscache.com/im/pictures/f7a39a96-3648-4d17-8cb5-81bb19dad475.jpg?im_w=720');
INSERT INTO IMAGE (IMAGE_ID, ACCOMODATION_ID, IMAGE_URL) VALUES (3111, 168, 'https://a0.muscache.com/im/pictures/967b0353-d49c-4355-98ef-32b682968877.jpg?im_w=720');
INSERT INTO IMAGE (IMAGE_ID, ACCOMODATION_ID, IMAGE_URL) VALUES (3112, 168, 'https://a0.muscache.com/im/pictures/b201bca6-51ab-4d10-81ed-d3cb2f725c7e.jpg?im_w=720');
INSERT INTO IMAGE (IMAGE_ID, ACCOMODATION_ID, IMAGE_URL) VALUES (3113, 168, 'https://a0.muscache.com/im/pictures/9b34998c-2ce6-476f-87a7-23ca706cc98f.jpg?im_w=720');
INSERT INTO IMAGE (IMAGE_ID, ACCOMODATION_ID, IMAGE_URL) VALUES (3114, 168, 'https://a0.muscache.com/im/pictures/6743c664-8629-42b7-9ed2-4aea7907e595.jpg?im_w=720');
INSERT INTO IMAGE (IMAGE_ID, ACCOMODATION_ID, IMAGE_URL) VALUES (3115, 168, 'https://a0.muscache.com/im/pictures/3144d2d3-3535-492a-beeb-9e75d6668c36.jpg?im_w=720');
INSERT INTO IMAGE (IMAGE_ID, ACCOMODATION_ID, IMAGE_URL) VALUES (3116, 168, 'https://a0.muscache.com/im/pictures/d8122803-6396-4519-8917-a0fed76f363b.jpg?im_w=720');
INSERT INTO IMAGE (IMAGE_ID, ACCOMODATION_ID, IMAGE_URL) VALUES (3117, 168, 'https://a0.muscache.com/im/pictures/93d63f3b-ee3a-40ce-ab5d-9004882adf5b.jpg?im_w=720');
INSERT INTO IMAGE (IMAGE_ID, ACCOMODATION_ID, IMAGE_URL) VALUES (3118, 168, 'https://a0.muscache.com/im/pictures/8a64c518-2e39-48a9-b4e2-06689d59d8f0.jpg?im_w=720');
INSERT INTO IMAGE (IMAGE_ID, ACCOMODATION_ID, IMAGE_URL) VALUES (3119, 168, 'https://a0.muscache.com/im/pictures/56db6d6f-cfe0-42cb-b9e7-2546bd626248.jpg?im_w=720');

INSERT INTO LOCATION (LOCATION_ID, LOCATION_NAME, COUNTRY, REGION, CITY, LATITUDE, LONGITUDE) VALUES (169, '지명169', ' 서울', ' Gwanak-gu', 'Sillim-dong', 37.48842, 126.92539);
INSERT INTO ACCOMODATION (`ACCOMODATION_ID`, `LOCATION_ID`, `ACCOMODATION_NAME`, `HOST_NAME`, `DISCRIPTION`, `ACCOMODATION_TYPE`, `PRICE`, `MAXIMUM_OCCUPANCY`, `AVERAGE_POINT`, `BED_ROOM`, `BATH_ROOM`, `BED_COUNT`,`OPTION`) VALUES (169, 169, '더 펠리체 하우스  (Felice)', '호스트169', '설명169', '집 전체', 863616, 2, 6.9, 1, 1,1, '주방,무선 인터넷,에어컨,헤어드라이어');
INSERT INTO IMAGE (IMAGE_ID, ACCOMODATION_ID, IMAGE_URL) VALUES (3120, 169, 'https://a0.muscache.com/im/pictures/dfcdb9a1-9a89-4cfd-bcbd-9041d888050c.jpg?im_w=720');
INSERT INTO IMAGE (IMAGE_ID, ACCOMODATION_ID, IMAGE_URL) VALUES (3121, 169, 'https://a0.muscache.com/im/pictures/9f650840-e705-4a8a-989c-ddf7beaf5cef.jpg?im_w=720');
INSERT INTO IMAGE (IMAGE_ID, ACCOMODATION_ID, IMAGE_URL) VALUES (3122, 169, 'https://a0.muscache.com/im/pictures/2d7f13c2-cbe5-44a4-8225-3f212cb4dca9.jpg?im_w=720');
INSERT INTO IMAGE (IMAGE_ID, ACCOMODATION_ID, IMAGE_URL) VALUES (3123, 169, 'https://a0.muscache.com/im/pictures/0ac3aeab-332d-48b9-9319-b5dd9a26034a.jpg?im_w=720');
INSERT INTO IMAGE (IMAGE_ID, ACCOMODATION_ID, IMAGE_URL) VALUES (3124, 169, 'https://a0.muscache.com/im/pictures/b6f69941-13c9-44a6-b2b3-322e64375f58.jpg?im_w=720');
INSERT INTO IMAGE (IMAGE_ID, ACCOMODATION_ID, IMAGE_URL) VALUES (3125, 169, 'https://a0.muscache.com/im/pictures/3e704f08-ed7f-4ebc-b578-9fe66aea2eb6.jpg?im_w=720');
INSERT INTO IMAGE (IMAGE_ID, ACCOMODATION_ID, IMAGE_URL) VALUES (3126, 169, 'https://a0.muscache.com/im/pictures/9e2bdc09-8a45-4c80-8454-a090b55e5cab.jpg?im_w=720');
INSERT INTO IMAGE (IMAGE_ID, ACCOMODATION_ID, IMAGE_URL) VALUES (3127, 169, 'https://a0.muscache.com/im/pictures/fe3c0352-a023-42b1-9e75-eb5f1ad6e248.jpg?im_w=720');

INSERT INTO LOCATION (LOCATION_ID, LOCATION_NAME, COUNTRY, REGION, CITY, LATITUDE, LONGITUDE) VALUES (170, '지명170', ' 한국', ' 서울', '영등포구', 37.50649, 126.89805);
INSERT INTO ACCOMODATION (`ACCOMODATION_ID`, `LOCATION_ID`, `ACCOMODATION_NAME`, `HOST_NAME`, `DISCRIPTION`, `ACCOMODATION_TYPE`, `PRICE`, `MAXIMUM_OCCUPANCY`, `AVERAGE_POINT`, `BED_ROOM`, `BATH_ROOM`, `BED_COUNT`,`OPTION`) VALUES (170, 170, '라텍스 베드에서 딥슬립 하려하니 벌써 떨리는군..^^

청결함, 아득함, 편안함,', '호스트170', '설명170', '개인실', 403196, 1, 1.0, 0, 1,0, '주방,무선 인터넷,헤어드라이어');
INSERT INTO IMAGE (IMAGE_ID, ACCOMODATION_ID, IMAGE_URL) VALUES (3128, 170, 'https://a0.muscache.com/im/pictures/55a992b1-222b-43eb-a81d-0704627d36d6.jpg?im_w=720');
INSERT INTO IMAGE (IMAGE_ID, ACCOMODATION_ID, IMAGE_URL) VALUES (3129, 170, 'https://a0.muscache.com/im/pictures/7bc7c067-69ec-4aeb-a6f7-d706c7670659.jpg?im_w=720');
INSERT INTO IMAGE (IMAGE_ID, ACCOMODATION_ID, IMAGE_URL) VALUES (3130, 170, 'https://a0.muscache.com/im/pictures/9e30c0b8-16d2-44f9-9363-b7e6c7033345.jpg?im_w=720');
INSERT INTO IMAGE (IMAGE_ID, ACCOMODATION_ID, IMAGE_URL) VALUES (3131, 170, 'https://a0.muscache.com/im/pictures/2943beeb-f02b-4c97-8ee0-6cc21f3d941f.jpg?im_w=720');
INSERT INTO IMAGE (IMAGE_ID, ACCOMODATION_ID, IMAGE_URL) VALUES (3132, 170, 'https://a0.muscache.com/im/pictures/66450417-a693-4183-bcdd-c3a349a5493e.jpg?im_w=720');
INSERT INTO IMAGE (IMAGE_ID, ACCOMODATION_ID, IMAGE_URL) VALUES (3133, 170, 'https://a0.muscache.com/im/pictures/8818c076-b4f4-4bc3-b079-f4a0109ad61c.jpg?im_w=720');
INSERT INTO IMAGE (IMAGE_ID, ACCOMODATION_ID, IMAGE_URL) VALUES (3134, 170, 'https://a0.muscache.com/im/pictures/be9862e2-a16c-4433-a9df-216d33418ed2.jpg?im_w=720');
INSERT INTO IMAGE (IMAGE_ID, ACCOMODATION_ID, IMAGE_URL) VALUES (3135, 170, 'https://a0.muscache.com/im/pictures/344cfb6f-d2f1-435d-bb3d-597cc09253e9.jpg?im_w=720');
INSERT INTO IMAGE (IMAGE_ID, ACCOMODATION_ID, IMAGE_URL) VALUES (3136, 170, 'https://a0.muscache.com/im/pictures/92b2c472-ea4b-4076-82a4-407311b35938.jpg?im_w=720');
INSERT INTO IMAGE (IMAGE_ID, ACCOMODATION_ID, IMAGE_URL) VALUES (3137, 170, 'https://a0.muscache.com/im/pictures/056b7435-a0ca-4da3-b5fb-5f915ccbbe3e.jpg?im_w=720');
INSERT INTO IMAGE (IMAGE_ID, ACCOMODATION_ID, IMAGE_URL) VALUES (3138, 170, 'https://a0.muscache.com/im/pictures/497c766f-45a2-419b-940e-13fb9586d058.jpg?im_w=720');

INSERT INTO LOCATION (LOCATION_ID, LOCATION_NAME, COUNTRY, REGION, CITY, LATITUDE, LONGITUDE) VALUES (171, '지명171', ' 서울', ' Yeongdeungpo-gu', 'Yeongdeungpo-dong', 37.5168, 126.91377);
INSERT INTO ACCOMODATION (`ACCOMODATION_ID`, `LOCATION_ID`, `ACCOMODATION_NAME`, `HOST_NAME`, `DISCRIPTION`, `ACCOMODATION_TYPE`, `PRICE`, `MAXIMUM_OCCUPANCY`, `AVERAGE_POINT`, `BED_ROOM`, `BATH_ROOM`, `BED_COUNT`,`OPTION`) VALUES (171, 171, '힐링되는 여의도 야경 한눈에!, 타임스퀘어 도보10분, 신길역2분, Wifi, 케이블 TV', '호스트171', '설명171', '집 전체', 121086, 3, 9.4, 1, 1,1, '주방,무선 인터넷,에어컨,헤어드라이어');
INSERT INTO IMAGE (IMAGE_ID, ACCOMODATION_ID, IMAGE_URL) VALUES (3139, 171, 'https://a0.muscache.com/im/pictures/76b7d02b-3ffd-4c25-80e9-bfd4db3b6e20.jpg?im_w=720');
INSERT INTO IMAGE (IMAGE_ID, ACCOMODATION_ID, IMAGE_URL) VALUES (3140, 171, 'https://a0.muscache.com/im/pictures/00b89665-146d-48ee-bcc8-e294cf6349c1.jpg?im_w=720');
INSERT INTO IMAGE (IMAGE_ID, ACCOMODATION_ID, IMAGE_URL) VALUES (3141, 171, 'https://a0.muscache.com/im/pictures/63c4f8a9-cd3f-41aa-b470-068919b06b2f.jpg?im_w=720');
INSERT INTO IMAGE (IMAGE_ID, ACCOMODATION_ID, IMAGE_URL) VALUES (3142, 171, 'https://a0.muscache.com/im/pictures/2ec5b215-a157-463e-9dc3-4ca73b0b5528.jpg?im_w=720');
INSERT INTO IMAGE (IMAGE_ID, ACCOMODATION_ID, IMAGE_URL) VALUES (3143, 171, 'https://a0.muscache.com/im/pictures/88150286-888b-4878-b23c-3d2bd8911877.jpg?im_w=720');
INSERT INTO IMAGE (IMAGE_ID, ACCOMODATION_ID, IMAGE_URL) VALUES (3144, 171, 'https://a0.muscache.com/im/pictures/238ae35b-9182-4df1-b72a-b9b51e51d63d.jpg?im_w=720');
INSERT INTO IMAGE (IMAGE_ID, ACCOMODATION_ID, IMAGE_URL) VALUES (3145, 171, 'https://a0.muscache.com/im/pictures/da3dc910-8bdc-4130-853c-98d48d85f34f.jpg?im_w=720');
INSERT INTO IMAGE (IMAGE_ID, ACCOMODATION_ID, IMAGE_URL) VALUES (3146, 171, 'https://a0.muscache.com/im/pictures/3a6c5034-2046-4d63-b42d-636bfa4b006d.jpg?im_w=720');
INSERT INTO IMAGE (IMAGE_ID, ACCOMODATION_ID, IMAGE_URL) VALUES (3147, 171, 'https://a0.muscache.com/im/pictures/247062e2-8f8d-48f9-8070-4aeaf8c2777f.jpg?im_w=720');
INSERT INTO IMAGE (IMAGE_ID, ACCOMODATION_ID, IMAGE_URL) VALUES (3148, 171, 'https://a0.muscache.com/im/pictures/9e46cc4e-5728-4db3-b6f6-eaf942cf97bd.jpg?im_w=720');
INSERT INTO IMAGE (IMAGE_ID, ACCOMODATION_ID, IMAGE_URL) VALUES (3149, 171, 'https://a0.muscache.com/im/pictures/bb42407e-b3a3-405b-af1b-33ea93347266.jpg?im_w=720');
INSERT INTO IMAGE (IMAGE_ID, ACCOMODATION_ID, IMAGE_URL) VALUES (3150, 171, 'https://a0.muscache.com/im/pictures/d9659106-a740-459f-bf0c-e8ca337b9187.jpg?im_w=720');
INSERT INTO IMAGE (IMAGE_ID, ACCOMODATION_ID, IMAGE_URL) VALUES (3151, 171, 'https://a0.muscache.com/im/pictures/37ccb33e-a64d-46d7-986d-6fcbdbf8fc22.jpg?im_w=720');
INSERT INTO IMAGE (IMAGE_ID, ACCOMODATION_ID, IMAGE_URL) VALUES (3152, 171, 'https://a0.muscache.com/im/pictures/c6c6299e-af1e-4c18-bc80-9785523d2556.jpg?im_w=720');
INSERT INTO IMAGE (IMAGE_ID, ACCOMODATION_ID, IMAGE_URL) VALUES (3153, 171, 'https://a0.muscache.com/im/pictures/d4ca1bf6-df87-48ed-9973-dbe7e4559482.jpg?im_w=720');
INSERT INTO IMAGE (IMAGE_ID, ACCOMODATION_ID, IMAGE_URL) VALUES (3154, 171, 'https://a0.muscache.com/im/pictures/de5a57ab-bfc2-4c39-a5e7-cacea7e3e0e4.jpg?im_w=720');

INSERT INTO LOCATION (LOCATION_ID, LOCATION_NAME, COUNTRY, REGION, CITY, LATITUDE, LONGITUDE) VALUES (172, '지명172', ' 서울', ' Yeongdeungpo-gu', 'Dangsan 1(il)-dong', 37.52175, 126.89373);
INSERT INTO ACCOMODATION (`ACCOMODATION_ID`, `LOCATION_ID`, `ACCOMODATION_NAME`, `HOST_NAME`, `DISCRIPTION`, `ACCOMODATION_TYPE`, `PRICE`, `MAXIMUM_OCCUPANCY`, `AVERAGE_POINT`, `BED_ROOM`, `BATH_ROOM`, `BED_COUNT`,`OPTION`) VALUES (172, 172, '[NEW OPEN] 아폴로 게스트하우스 개인 1인실', '호스트172', '설명172', '개인실', 116746, 1, 0.8, 1, 1,1, '주방,무선 인터넷,에어컨,헤어드라이어');
INSERT INTO IMAGE (IMAGE_ID, ACCOMODATION_ID, IMAGE_URL) VALUES (3155, 172, 'https://a0.muscache.com/im/pictures/8bd7df8a-c3d5-4bbb-8fc0-edc55ef67807.jpg?im_w=720');
INSERT INTO IMAGE (IMAGE_ID, ACCOMODATION_ID, IMAGE_URL) VALUES (3156, 172, 'https://a0.muscache.com/im/pictures/ebc2e69c-eb1b-4931-a50b-fbe70771e82f.jpg?im_w=720');
INSERT INTO IMAGE (IMAGE_ID, ACCOMODATION_ID, IMAGE_URL) VALUES (3157, 172, 'https://a0.muscache.com/im/pictures/ea45b5e9-76be-4e90-b778-bff08188471d.jpg?im_w=720');
INSERT INTO IMAGE (IMAGE_ID, ACCOMODATION_ID, IMAGE_URL) VALUES (3158, 172, 'https://a0.muscache.com/im/pictures/c582040b-a986-4783-8d34-1e3fec8f55fb.jpg?im_w=720');
INSERT INTO IMAGE (IMAGE_ID, ACCOMODATION_ID, IMAGE_URL) VALUES (3159, 172, 'https://a0.muscache.com/im/pictures/0987af07-1558-4cdc-9365-6f738eae3ab2.jpg?im_w=720');
INSERT INTO IMAGE (IMAGE_ID, ACCOMODATION_ID, IMAGE_URL) VALUES (3160, 172, 'https://a0.muscache.com/im/pictures/9ed1889f-b2d0-4c2a-b8c8-806651f31d82.jpg?im_w=720');
INSERT INTO IMAGE (IMAGE_ID, ACCOMODATION_ID, IMAGE_URL) VALUES (3161, 172, 'https://a0.muscache.com/im/pictures/f47b7d90-2903-4c92-87e8-8eea73b3aac5.jpg?im_w=720');
INSERT INTO IMAGE (IMAGE_ID, ACCOMODATION_ID, IMAGE_URL) VALUES (3162, 172, 'https://a0.muscache.com/im/pictures/b3180bfd-aa96-49a4-b86c-8166fac86873.jpg?im_w=720');
INSERT INTO IMAGE (IMAGE_ID, ACCOMODATION_ID, IMAGE_URL) VALUES (3163, 172, 'https://a0.muscache.com/im/pictures/ff1559f4-23af-4ed1-877c-fb7a3dd012ce.jpg?im_w=720');
INSERT INTO IMAGE (IMAGE_ID, ACCOMODATION_ID, IMAGE_URL) VALUES (3164, 172, 'https://a0.muscache.com/im/pictures/ade2ddb5-2308-4fa7-83e0-9226a75f8feb.jpg?im_w=720');
INSERT INTO IMAGE (IMAGE_ID, ACCOMODATION_ID, IMAGE_URL) VALUES (3165, 172, 'https://a0.muscache.com/im/pictures/f6b62a09-5aef-45df-9764-ac8c5d84ac1e.jpg?im_w=720');
INSERT INTO IMAGE (IMAGE_ID, ACCOMODATION_ID, IMAGE_URL) VALUES (3166, 172, 'https://a0.muscache.com/im/pictures/41edeebe-bad9-4c1c-b824-3946e2f5544b.jpg?im_w=720');
INSERT INTO IMAGE (IMAGE_ID, ACCOMODATION_ID, IMAGE_URL) VALUES (3167, 172, 'https://a0.muscache.com/im/pictures/5b9f2665-7a76-4f31-b817-cfddfa3fd7d3.jpg?im_w=720');
INSERT INTO IMAGE (IMAGE_ID, ACCOMODATION_ID, IMAGE_URL) VALUES (3168, 172, 'https://a0.muscache.com/im/pictures/2a6bd566-99d6-4e82-b8a1-2c41ae853b09.jpg?im_w=720');
INSERT INTO IMAGE (IMAGE_ID, ACCOMODATION_ID, IMAGE_URL) VALUES (3169, 172, 'https://a0.muscache.com/im/pictures/fd339fa5-6eb5-4de3-afa8-06efa799a94a.jpg?im_w=720');
INSERT INTO IMAGE (IMAGE_ID, ACCOMODATION_ID, IMAGE_URL) VALUES (3170, 172, 'https://a0.muscache.com/im/pictures/8d091ee6-e316-4a4b-8081-2ce869987534.jpg?im_w=720');
INSERT INTO IMAGE (IMAGE_ID, ACCOMODATION_ID, IMAGE_URL) VALUES (3171, 172, 'https://a0.muscache.com/im/pictures/15695b77-6327-4ea5-8504-ba738cdaef22.jpg?im_w=720');
INSERT INTO IMAGE (IMAGE_ID, ACCOMODATION_ID, IMAGE_URL) VALUES (3172, 172, 'https://a0.muscache.com/im/pictures/453c17be-b950-42b0-accb-5fb0b650a8ab.jpg?im_w=720');
INSERT INTO IMAGE (IMAGE_ID, ACCOMODATION_ID, IMAGE_URL) VALUES (3173, 172, 'https://a0.muscache.com/im/pictures/1f370540-83b5-403b-a69b-0b8e983737bf.jpg?im_w=720');
INSERT INTO IMAGE (IMAGE_ID, ACCOMODATION_ID, IMAGE_URL) VALUES (3174, 172, 'https://a0.muscache.com/im/pictures/569511f3-2deb-45e4-b120-2ce93f0252dc.jpg?im_w=720');
INSERT INTO IMAGE (IMAGE_ID, ACCOMODATION_ID, IMAGE_URL) VALUES (3175, 172, 'https://a0.muscache.com/im/pictures/b3e2b3c8-e77d-42c5-a8d2-7ec470f423a1.jpg?im_w=720');
INSERT INTO IMAGE (IMAGE_ID, ACCOMODATION_ID, IMAGE_URL) VALUES (3176, 172, 'https://a0.muscache.com/im/pictures/4dd5f1ee-c22a-48d0-8582-170a5b7c041e.jpg?im_w=720');
INSERT INTO IMAGE (IMAGE_ID, ACCOMODATION_ID, IMAGE_URL) VALUES (3177, 172, 'https://a0.muscache.com/im/pictures/b9edf4a0-6efd-4408-9716-5b91fc4b5ffb.jpg?im_w=720');
INSERT INTO IMAGE (IMAGE_ID, ACCOMODATION_ID, IMAGE_URL) VALUES (3178, 172, 'https://a0.muscache.com/im/pictures/5656998c-52c3-4afb-8f01-64167b39bfa1.jpg?im_w=720');

INSERT INTO LOCATION (LOCATION_ID, LOCATION_NAME, COUNTRY, REGION, CITY, LATITUDE, LONGITUDE) VALUES (173, '지명173', ' 한국', ' SEOUL', 'SEOUL', 37.51907, 126.90447);
INSERT INTO ACCOMODATION (`ACCOMODATION_ID`, `LOCATION_ID`, `ACCOMODATION_NAME`, `HOST_NAME`, `DISCRIPTION`, `ACCOMODATION_TYPE`, `PRICE`, `MAXIMUM_OCCUPANCY`, `AVERAGE_POINT`, `BED_ROOM`, `BATH_ROOM`, `BED_COUNT`,`OPTION`) VALUES (173, 173, '3#좋은복층 코로나 걱정마세요 영등포역,타임스퀘어 COVID-19 Dont worry', '호스트173', '설명173', '집 전체', 501103, 3, 2.0, 1, 1,1, '주방,무선 인터넷,에어컨,헤어드라이어');
INSERT INTO IMAGE (IMAGE_ID, ACCOMODATION_ID, IMAGE_URL) VALUES (3179, 173, 'https://a0.muscache.com/im/pictures/870b74da-4add-4325-9063-b8d772fcc3a6.jpg?im_w=720');
INSERT INTO IMAGE (IMAGE_ID, ACCOMODATION_ID, IMAGE_URL) VALUES (3180, 173, 'https://a0.muscache.com/im/pictures/cf7bedaa-7462-44c8-927b-37445cb40db4.jpg?im_w=720');
INSERT INTO IMAGE (IMAGE_ID, ACCOMODATION_ID, IMAGE_URL) VALUES (3181, 173, 'https://a0.muscache.com/im/pictures/93727c8d-4711-44e4-9d63-c00f9380d28d.jpg?im_w=720');
INSERT INTO IMAGE (IMAGE_ID, ACCOMODATION_ID, IMAGE_URL) VALUES (3182, 173, 'https://a0.muscache.com/im/pictures/494516ed-5f8d-4aad-a318-77fc061e1bb9.jpg?im_w=720');
INSERT INTO IMAGE (IMAGE_ID, ACCOMODATION_ID, IMAGE_URL) VALUES (3183, 173, 'https://a0.muscache.com/im/pictures/52bebe46-c99d-4ec6-9479-da2e9a75267e.jpg?im_w=720');
INSERT INTO IMAGE (IMAGE_ID, ACCOMODATION_ID, IMAGE_URL) VALUES (3184, 173, 'https://a0.muscache.com/im/pictures/48bd44a8-262a-42e9-89dc-0c8172a65a6b.jpg?im_w=720');
INSERT INTO IMAGE (IMAGE_ID, ACCOMODATION_ID, IMAGE_URL) VALUES (3185, 173, 'https://a0.muscache.com/im/pictures/908c2589-f2a6-41b6-b534-d0a4e5f88d07.jpg?im_w=720');
INSERT INTO IMAGE (IMAGE_ID, ACCOMODATION_ID, IMAGE_URL) VALUES (3186, 173, 'https://a0.muscache.com/im/pictures/395f5032-b353-4bb0-98cb-b5f936bd50b9.jpg?im_w=720');
INSERT INTO IMAGE (IMAGE_ID, ACCOMODATION_ID, IMAGE_URL) VALUES (3187, 173, 'https://a0.muscache.com/im/pictures/8d367a5d-4e56-4abf-acd0-f990fc074721.jpg?im_w=720');
INSERT INTO IMAGE (IMAGE_ID, ACCOMODATION_ID, IMAGE_URL) VALUES (3188, 173, 'https://a0.muscache.com/im/pictures/162364cf-c842-49fa-bd5c-127f07a2153a.jpg?im_w=720');
INSERT INTO IMAGE (IMAGE_ID, ACCOMODATION_ID, IMAGE_URL) VALUES (3189, 173, 'https://a0.muscache.com/im/pictures/c143ccff-face-4f6f-a2e9-8114ab75ce7e.jpg?im_w=720');
INSERT INTO IMAGE (IMAGE_ID, ACCOMODATION_ID, IMAGE_URL) VALUES (3190, 173, 'https://a0.muscache.com/im/pictures/a58143d8-a385-4a9c-ad73-9585420cd078.jpg?im_w=720');
INSERT INTO IMAGE (IMAGE_ID, ACCOMODATION_ID, IMAGE_URL) VALUES (3191, 173, 'https://a0.muscache.com/im/pictures/80986c95-c282-4f71-9e03-962e06a0cbbd.jpg?im_w=720');
INSERT INTO IMAGE (IMAGE_ID, ACCOMODATION_ID, IMAGE_URL) VALUES (3192, 173, 'https://a0.muscache.com/im/pictures/18403158-5812-493b-a83a-4192e0d4acf1.jpg?im_w=720');
INSERT INTO IMAGE (IMAGE_ID, ACCOMODATION_ID, IMAGE_URL) VALUES (3193, 173, 'https://a0.muscache.com/im/pictures/d9c905ac-fb1f-4f0c-9b28-a685c8aae164.jpg?im_w=720');
INSERT INTO IMAGE (IMAGE_ID, ACCOMODATION_ID, IMAGE_URL) VALUES (3194, 173, 'https://a0.muscache.com/im/pictures/1c9f5ed9-4890-4a86-a582-7ab7b29394ed.jpg?im_w=720');
INSERT INTO IMAGE (IMAGE_ID, ACCOMODATION_ID, IMAGE_URL) VALUES (3195, 173, 'https://a0.muscache.com/im/pictures/841df090-14fb-428b-ad2b-550f26722d99.jpg?im_w=720');
INSERT INTO IMAGE (IMAGE_ID, ACCOMODATION_ID, IMAGE_URL) VALUES (3196, 173, 'https://a0.muscache.com/im/pictures/9069d2e0-2748-419f-b6fc-e65a23df65e9.jpg?im_w=720');
INSERT INTO IMAGE (IMAGE_ID, ACCOMODATION_ID, IMAGE_URL) VALUES (3197, 173, 'https://a0.muscache.com/im/pictures/ffd0f321-321c-432c-bd06-64ca01e8d05a.jpg?im_w=720');
INSERT INTO IMAGE (IMAGE_ID, ACCOMODATION_ID, IMAGE_URL) VALUES (3198, 173, 'https://a0.muscache.com/im/pictures/60cbdddf-c601-4a37-bb1a-d32e51808c2b.jpg?im_w=720');
INSERT INTO IMAGE (IMAGE_ID, ACCOMODATION_ID, IMAGE_URL) VALUES (3199, 173, 'https://a0.muscache.com/im/pictures/82ca998c-c548-4eb1-b504-d4db8b83d253.jpg?im_w=720');
INSERT INTO IMAGE (IMAGE_ID, ACCOMODATION_ID, IMAGE_URL) VALUES (3200, 173, 'https://a0.muscache.com/im/pictures/17f4c433-5284-4fc0-99da-2fd7c3d1d811.jpg?im_w=720');
INSERT INTO IMAGE (IMAGE_ID, ACCOMODATION_ID, IMAGE_URL) VALUES (3201, 173, 'https://a0.muscache.com/im/pictures/c627bd5b-08f1-49c0-a90d-be9c62b83b86.jpg?im_w=720');
INSERT INTO IMAGE (IMAGE_ID, ACCOMODATION_ID, IMAGE_URL) VALUES (3202, 173, 'https://a0.muscache.com/im/pictures/6f7f24a9-39d4-4211-894c-22325ad6174e.jpg?im_w=720');
INSERT INTO IMAGE (IMAGE_ID, ACCOMODATION_ID, IMAGE_URL) VALUES (3203, 173, 'https://a0.muscache.com/im/pictures/d9a3a0ff-4223-4e22-8530-74a76dd8c746.jpg?im_w=720');
INSERT INTO IMAGE (IMAGE_ID, ACCOMODATION_ID, IMAGE_URL) VALUES (3204, 173, 'https://a0.muscache.com/im/pictures/772fdfe7-5c60-43aa-b16c-c99985b5d601.jpg?im_w=720');
INSERT INTO IMAGE (IMAGE_ID, ACCOMODATION_ID, IMAGE_URL) VALUES (3205, 173, 'https://a0.muscache.com/im/pictures/d14288cb-7657-40e6-8956-f8d930989a2d.jpg?im_w=720');
INSERT INTO IMAGE (IMAGE_ID, ACCOMODATION_ID, IMAGE_URL) VALUES (3206, 173, 'https://a0.muscache.com/im/pictures/c1a6c66d-6f0e-4ec9-ac5b-f69666815b15.jpg?im_w=720');
INSERT INTO IMAGE (IMAGE_ID, ACCOMODATION_ID, IMAGE_URL) VALUES (3207, 173, 'https://a0.muscache.com/im/pictures/6af08ec9-419a-424e-bd3d-db208ffc737d.jpg?im_w=720');
INSERT INTO IMAGE (IMAGE_ID, ACCOMODATION_ID, IMAGE_URL) VALUES (3208, 173, 'https://a0.muscache.com/im/pictures/80ee0bc3-6680-4cff-b84c-25dd10034a7e.jpg?im_w=720');

INSERT INTO LOCATION (LOCATION_ID, LOCATION_NAME, COUNTRY, REGION, CITY, LATITUDE, LONGITUDE) VALUES (174, '지명174', ' 서울', ' Yeongdeungpo-gu', 'Dangsan 2(i)-dong', 37.53458, 126.90168);
INSERT INTO ACCOMODATION (`ACCOMODATION_ID`, `LOCATION_ID`, `ACCOMODATION_NAME`, `HOST_NAME`, `DISCRIPTION`, `ACCOMODATION_TYPE`, `PRICE`, `MAXIMUM_OCCUPANCY`, `AVERAGE_POINT`, `BED_ROOM`, `BATH_ROOM`, `BED_COUNT`,`OPTION`) VALUES (174, 174, '[Free Pocket Wi-Fi] 별이 빛나는 밤_최고의 한강뷰와 함께 힐링하세요 :)', '호스트174', '설명174', '집 전체', 543986, 3, 6.9, 1, 1,1, '주방,무선 인터넷,에어컨,헤어드라이어');
INSERT INTO IMAGE (IMAGE_ID, ACCOMODATION_ID, IMAGE_URL) VALUES (3209, 174, 'https://a0.muscache.com/im/pictures/7ee11820-01f6-489d-ba66-9a050e51f310.jpg?im_w=720');
INSERT INTO IMAGE (IMAGE_ID, ACCOMODATION_ID, IMAGE_URL) VALUES (3210, 174, 'https://a0.muscache.com/im/pictures/fd592aeb-dc49-4b82-a4cf-4dce6c666abc.jpg?im_w=720');
INSERT INTO IMAGE (IMAGE_ID, ACCOMODATION_ID, IMAGE_URL) VALUES (3211, 174, 'https://a0.muscache.com/im/pictures/4cb21052-fe20-4e25-af90-e1e5f7061349.jpg?im_w=720');
INSERT INTO IMAGE (IMAGE_ID, ACCOMODATION_ID, IMAGE_URL) VALUES (3212, 174, 'https://a0.muscache.com/im/pictures/6345c00d-5435-49ae-a429-842834c96d97.jpg?im_w=720');
INSERT INTO IMAGE (IMAGE_ID, ACCOMODATION_ID, IMAGE_URL) VALUES (3213, 174, 'https://a0.muscache.com/im/pictures/bdf02c38-f55c-41e2-9a86-bb31be9196e4.jpg?im_w=720');
INSERT INTO IMAGE (IMAGE_ID, ACCOMODATION_ID, IMAGE_URL) VALUES (3214, 174, 'https://a0.muscache.com/im/pictures/5a7b5933-3f23-42d1-bd1c-4ec4a47d9c53.jpg?im_w=720');
INSERT INTO IMAGE (IMAGE_ID, ACCOMODATION_ID, IMAGE_URL) VALUES (3215, 174, 'https://a0.muscache.com/im/pictures/829977b1-7578-4af0-a03b-67458a282976.jpg?im_w=720');
INSERT INTO IMAGE (IMAGE_ID, ACCOMODATION_ID, IMAGE_URL) VALUES (3216, 174, 'https://a0.muscache.com/im/pictures/09a166b7-4635-439b-9651-53d65383298b.jpg?im_w=720');
INSERT INTO IMAGE (IMAGE_ID, ACCOMODATION_ID, IMAGE_URL) VALUES (3217, 174, 'https://a0.muscache.com/im/pictures/30f9ddb8-c128-42e2-bcda-48ada01ed9e4.jpg?im_w=720');
INSERT INTO IMAGE (IMAGE_ID, ACCOMODATION_ID, IMAGE_URL) VALUES (3218, 174, 'https://a0.muscache.com/im/pictures/8ddf0313-c38b-4b63-bc09-789ec3a86e28.jpg?im_w=720');
INSERT INTO IMAGE (IMAGE_ID, ACCOMODATION_ID, IMAGE_URL) VALUES (3219, 174, 'https://a0.muscache.com/im/pictures/1dd82ec3-c680-4c47-8944-e4d6c3a450e6.jpg?im_w=720');
INSERT INTO IMAGE (IMAGE_ID, ACCOMODATION_ID, IMAGE_URL) VALUES (3220, 174, 'https://a0.muscache.com/im/pictures/e21a9a3d-3b6c-4571-b214-95a770d12b5c.jpg?im_w=720');
INSERT INTO IMAGE (IMAGE_ID, ACCOMODATION_ID, IMAGE_URL) VALUES (3221, 174, 'https://a0.muscache.com/im/pictures/1498d441-74a0-4a89-90de-c160005f68f4.jpg?im_w=720');
INSERT INTO IMAGE (IMAGE_ID, ACCOMODATION_ID, IMAGE_URL) VALUES (3222, 174, 'https://a0.muscache.com/im/pictures/a1de2920-411f-4b6f-b12b-345aacc7ce0c.jpg?im_w=720');
INSERT INTO IMAGE (IMAGE_ID, ACCOMODATION_ID, IMAGE_URL) VALUES (3223, 174, 'https://a0.muscache.com/im/pictures/322c88e3-98f1-4ddc-b3d1-43ebbb16a88d.jpg?im_w=720');
INSERT INTO IMAGE (IMAGE_ID, ACCOMODATION_ID, IMAGE_URL) VALUES (3224, 174, 'https://a0.muscache.com/im/pictures/638a5b3c-dd3e-4ada-bc57-8c7775eb92fe.jpg?im_w=720');
INSERT INTO IMAGE (IMAGE_ID, ACCOMODATION_ID, IMAGE_URL) VALUES (3225, 174, 'https://a0.muscache.com/im/pictures/1bbc226f-2b5c-47de-accd-a66aa0e01a9f.jpg?im_w=720');
INSERT INTO IMAGE (IMAGE_ID, ACCOMODATION_ID, IMAGE_URL) VALUES (3226, 174, 'https://a0.muscache.com/im/pictures/a95d1370-60e7-48be-a2d4-686e23230a39.jpg?im_w=720');
INSERT INTO IMAGE (IMAGE_ID, ACCOMODATION_ID, IMAGE_URL) VALUES (3227, 174, 'https://a0.muscache.com/im/pictures/b29b2dd6-7ed3-4944-9ce3-67a5b3ea2a43.jpg?im_w=720');
INSERT INTO IMAGE (IMAGE_ID, ACCOMODATION_ID, IMAGE_URL) VALUES (3228, 174, 'https://a0.muscache.com/im/pictures/32121660-3483-4271-84bc-a959ffa60d85.jpg?im_w=720');
INSERT INTO IMAGE (IMAGE_ID, ACCOMODATION_ID, IMAGE_URL) VALUES (3229, 174, 'https://a0.muscache.com/im/pictures/a2e14e61-232d-4dac-9270-28b018118faf.jpg?im_w=720');
INSERT INTO IMAGE (IMAGE_ID, ACCOMODATION_ID, IMAGE_URL) VALUES (3230, 174, 'https://a0.muscache.com/im/pictures/c6fd57c4-15ce-42e3-86c7-e7256f22eaf8.jpg?im_w=720');
INSERT INTO IMAGE (IMAGE_ID, ACCOMODATION_ID, IMAGE_URL) VALUES (3231, 174, 'https://a0.muscache.com/im/pictures/a3ce0bc3-0f67-48b4-b87a-67bf63c3c9e0.jpg?im_w=720');
INSERT INTO IMAGE (IMAGE_ID, ACCOMODATION_ID, IMAGE_URL) VALUES (3232, 174, 'https://a0.muscache.com/im/pictures/4f94dd58-4e05-4d73-bf2b-16a4f97e0b2a.jpg?im_w=720');
INSERT INTO IMAGE (IMAGE_ID, ACCOMODATION_ID, IMAGE_URL) VALUES (3233, 174, 'https://a0.muscache.com/im/pictures/b7464827-4c86-4781-ba8f-31faed8764d1.jpg?im_w=720');
INSERT INTO IMAGE (IMAGE_ID, ACCOMODATION_ID, IMAGE_URL) VALUES (3234, 174, 'https://a0.muscache.com/im/pictures/0be529ec-7dae-4c42-af7b-3a19371618a9.jpg?im_w=720');
INSERT INTO IMAGE (IMAGE_ID, ACCOMODATION_ID, IMAGE_URL) VALUES (3235, 174, 'https://a0.muscache.com/im/pictures/05fb9734-f893-4943-9365-4ff8137b6f25.jpg?im_w=720');
INSERT INTO IMAGE (IMAGE_ID, ACCOMODATION_ID, IMAGE_URL) VALUES (3236, 174, 'https://a0.muscache.com/im/pictures/a6025461-8457-483c-9f7e-c031bf6a47e1.jpg?im_w=720');
INSERT INTO IMAGE (IMAGE_ID, ACCOMODATION_ID, IMAGE_URL) VALUES (3237, 174, 'https://a0.muscache.com/im/pictures/f988aab3-21bf-403a-9cd4-9f316840bc2b.jpg?im_w=720');
INSERT INTO IMAGE (IMAGE_ID, ACCOMODATION_ID, IMAGE_URL) VALUES (3238, 174, 'https://a0.muscache.com/im/pictures/cf2e79d0-4f6e-4592-9427-3938a1514127.jpg?im_w=720');

INSERT INTO LOCATION (LOCATION_ID, LOCATION_NAME, COUNTRY, REGION, CITY, LATITUDE, LONGITUDE) VALUES (175, '지명175', ' 한국', ' 서울', '영등포구', 37.5161, 126.90755);
INSERT INTO ACCOMODATION (`ACCOMODATION_ID`, `LOCATION_ID`, `ACCOMODATION_NAME`, `HOST_NAME`, `DISCRIPTION`, `ACCOMODATION_TYPE`, `PRICE`, `MAXIMUM_OCCUPANCY`, `AVERAGE_POINT`, `BED_ROOM`, `BATH_ROOM`, `BED_COUNT`,`OPTION`) VALUES (175, 175, '5min Yeong deungpo 永登浦[时代广场]前영등포 타임스퀘어Cozy Studio', '호스트175', '설명175', '집 전체', 512091, 2, 5.0, 1, 1,1, '주방,무선 인터넷,에어컨,헤어드라이어');
INSERT INTO IMAGE (IMAGE_ID, ACCOMODATION_ID, IMAGE_URL) VALUES (3239, 175, 'https://a0.muscache.com/im/pictures/6938bf87-3ae2-44a1-a550-78cde622fed0.jpg?im_w=720');
INSERT INTO IMAGE (IMAGE_ID, ACCOMODATION_ID, IMAGE_URL) VALUES (3240, 175, 'https://a0.muscache.com/im/pictures/9d2fe93c-58cf-4afb-a221-4b5ffd7a63f3.jpg?im_w=720');
INSERT INTO IMAGE (IMAGE_ID, ACCOMODATION_ID, IMAGE_URL) VALUES (3241, 175, 'https://a0.muscache.com/im/pictures/438f8e43-0b4e-46ba-9cb9-ad8e2df571cf.jpg?im_w=720');
INSERT INTO IMAGE (IMAGE_ID, ACCOMODATION_ID, IMAGE_URL) VALUES (3242, 175, 'https://a0.muscache.com/im/pictures/011d2921-0439-4b50-8f98-8ba6e07b1af5.jpg?im_w=720');
INSERT INTO IMAGE (IMAGE_ID, ACCOMODATION_ID, IMAGE_URL) VALUES (3243, 175, 'https://a0.muscache.com/im/pictures/af8f6436-dead-42d8-9306-30804d91c001.jpg?im_w=720');
INSERT INTO IMAGE (IMAGE_ID, ACCOMODATION_ID, IMAGE_URL) VALUES (3244, 175, 'https://a0.muscache.com/im/pictures/ddc926ca-f9a6-4acb-a7d7-741a5715e91a.jpg?im_w=720');
INSERT INTO IMAGE (IMAGE_ID, ACCOMODATION_ID, IMAGE_URL) VALUES (3245, 175, 'https://a0.muscache.com/im/pictures/40fdb8dd-8a69-4cfa-b6cb-0b846ec65707.jpg?im_w=720');
INSERT INTO IMAGE (IMAGE_ID, ACCOMODATION_ID, IMAGE_URL) VALUES (3246, 175, 'https://a0.muscache.com/im/pictures/f9c52017-f142-4574-b790-b6cc9544de16.jpg?im_w=720');
INSERT INTO IMAGE (IMAGE_ID, ACCOMODATION_ID, IMAGE_URL) VALUES (3247, 175, 'https://a0.muscache.com/im/pictures/ded56882-7c46-4785-9db9-d7943aaca52a.jpg?im_w=720');
INSERT INTO IMAGE (IMAGE_ID, ACCOMODATION_ID, IMAGE_URL) VALUES (3248, 175, 'https://a0.muscache.com/im/pictures/bee0faaf-3a2d-4f88-9f2a-8c613afeff58.jpg?im_w=720');
INSERT INTO IMAGE (IMAGE_ID, ACCOMODATION_ID, IMAGE_URL) VALUES (3249, 175, 'https://a0.muscache.com/im/pictures/86dc8ecd-4227-4ac5-a9bf-41f0141564ee.jpg?im_w=720');
INSERT INTO IMAGE (IMAGE_ID, ACCOMODATION_ID, IMAGE_URL) VALUES (3250, 175, 'https://a0.muscache.com/im/pictures/10e5e3bb-a7e2-4c67-8b2e-1cab828d24d9.jpg?im_w=720');
INSERT INTO IMAGE (IMAGE_ID, ACCOMODATION_ID, IMAGE_URL) VALUES (3251, 175, 'https://a0.muscache.com/im/pictures/9f19416b-e098-4a13-8cc4-7774c0c43317.jpg?im_w=720');
INSERT INTO IMAGE (IMAGE_ID, ACCOMODATION_ID, IMAGE_URL) VALUES (3252, 175, 'https://a0.muscache.com/im/pictures/1e17cde5-5798-4d4e-874d-5e441855e230.jpg?im_w=720');
INSERT INTO IMAGE (IMAGE_ID, ACCOMODATION_ID, IMAGE_URL) VALUES (3253, 175, 'https://a0.muscache.com/im/pictures/91401650-a849-4989-9a89-5ecb0e840c22.jpg?im_w=720');
INSERT INTO IMAGE (IMAGE_ID, ACCOMODATION_ID, IMAGE_URL) VALUES (3254, 175, 'https://a0.muscache.com/im/pictures/077e50a4-0539-4085-ab5e-724f0abebcc1.jpg?im_w=720');
INSERT INTO IMAGE (IMAGE_ID, ACCOMODATION_ID, IMAGE_URL) VALUES (3255, 175, 'https://a0.muscache.com/im/pictures/abd8e8db-9619-4490-a0ee-f0ffcc1a511f.jpg?im_w=720');
INSERT INTO IMAGE (IMAGE_ID, ACCOMODATION_ID, IMAGE_URL) VALUES (3256, 175, 'https://a0.muscache.com/im/pictures/9e3c58f6-ded2-4522-9acc-b7ee066b537c.jpg?im_w=720');
INSERT INTO IMAGE (IMAGE_ID, ACCOMODATION_ID, IMAGE_URL) VALUES (3257, 175, 'https://a0.muscache.com/im/pictures/5bc614ce-7f39-4d2c-861f-c123906bfdf3.jpg?im_w=720');
INSERT INTO IMAGE (IMAGE_ID, ACCOMODATION_ID, IMAGE_URL) VALUES (3258, 175, 'https://a0.muscache.com/im/pictures/6f3d3ea6-7b7b-49b4-97f0-342cd0fedb3b.jpg?im_w=720');

INSERT INTO LOCATION (LOCATION_ID, LOCATION_NAME, COUNTRY, REGION, CITY, LATITUDE, LONGITUDE) VALUES (176, '지명176', ' 서울', ' Seodaemun-gu', 'Sinchon-dong', 37.55755, 126.93471);
INSERT INTO ACCOMODATION (`ACCOMODATION_ID`, `LOCATION_ID`, `ACCOMODATION_NAME`, `HOST_NAME`, `DISCRIPTION`, `ACCOMODATION_TYPE`, `PRICE`, `MAXIMUM_OCCUPANCY`, `AVERAGE_POINT`, `BED_ROOM`, `BATH_ROOM`, `BED_COUNT`,`OPTION`) VALUES (176, 176, '#ONLY 자가격리 & 장기숙박 특별할인 #도시힐링감성 #숙소설명 꼭 확인해주세요', '호스트176', '설명176', '집 전체', 479210, 4, 4.4, 1, 1,1, '주방,무선 인터넷,에어컨,헤어드라이어');
INSERT INTO IMAGE (IMAGE_ID, ACCOMODATION_ID, IMAGE_URL) VALUES (3259, 176, 'https://a0.muscache.com/im/pictures/miso/Hosting-44159716/original/04dc2ade-cd11-4599-a7fb-a6f4b6176f4e.jpeg?im_w=720');
INSERT INTO IMAGE (IMAGE_ID, ACCOMODATION_ID, IMAGE_URL) VALUES (3260, 176, 'https://a0.muscache.com/im/pictures/miso/Hosting-44159716/original/c6c1a442-b449-495a-8ee9-f1779f36b5b4.jpeg?im_w=720');
INSERT INTO IMAGE (IMAGE_ID, ACCOMODATION_ID, IMAGE_URL) VALUES (3261, 176, 'https://a0.muscache.com/im/pictures/miso/Hosting-44159716/original/66bd535a-ba05-43e7-adbe-6953bbc13da5.jpeg?im_w=720');
INSERT INTO IMAGE (IMAGE_ID, ACCOMODATION_ID, IMAGE_URL) VALUES (3262, 176, 'https://a0.muscache.com/im/pictures/miso/Hosting-44159716/original/d1857908-90c8-48fd-9e68-a743187664ed.jpeg?im_w=720');
INSERT INTO IMAGE (IMAGE_ID, ACCOMODATION_ID, IMAGE_URL) VALUES (3263, 176, 'https://a0.muscache.com/im/pictures/39b76268-042e-4a89-aa3b-89abe9865c58.jpg?im_w=720');
INSERT INTO IMAGE (IMAGE_ID, ACCOMODATION_ID, IMAGE_URL) VALUES (3264, 176, 'https://a0.muscache.com/im/pictures/miso/Hosting-44159716/original/53dcf85e-6295-4f84-a246-cc6fdb142d2f.jpeg?im_w=720');
INSERT INTO IMAGE (IMAGE_ID, ACCOMODATION_ID, IMAGE_URL) VALUES (3265, 176, 'https://a0.muscache.com/im/pictures/6652d911-214a-4bfc-b097-0192f4d78579.jpg?im_w=720');
INSERT INTO IMAGE (IMAGE_ID, ACCOMODATION_ID, IMAGE_URL) VALUES (3266, 176, 'https://a0.muscache.com/im/pictures/ca8abc0d-9e94-4f15-8548-012c8ec969f2.jpg?im_w=720');
INSERT INTO IMAGE (IMAGE_ID, ACCOMODATION_ID, IMAGE_URL) VALUES (3267, 176, 'https://a0.muscache.com/im/pictures/miso/Hosting-44159716/original/df233302-04bd-41a1-93c4-62b39aa73fa8.jpeg?im_w=720');
INSERT INTO IMAGE (IMAGE_ID, ACCOMODATION_ID, IMAGE_URL) VALUES (3268, 176, 'https://a0.muscache.com/im/pictures/f61432bd-d31d-481d-9452-08c276b3f201.jpg?im_w=720');
INSERT INTO IMAGE (IMAGE_ID, ACCOMODATION_ID, IMAGE_URL) VALUES (3269, 176, 'https://a0.muscache.com/im/pictures/miso/Hosting-44159716/original/bc21e608-4244-40ab-8cc9-3781b36e0971.jpeg?im_w=720');
INSERT INTO IMAGE (IMAGE_ID, ACCOMODATION_ID, IMAGE_URL) VALUES (3270, 176, 'https://a0.muscache.com/im/pictures/4ed0d2e5-b305-4483-a237-a6473985187d.jpg?im_w=720');
INSERT INTO IMAGE (IMAGE_ID, ACCOMODATION_ID, IMAGE_URL) VALUES (3271, 176, 'https://a0.muscache.com/im/pictures/miso/Hosting-44159716/original/c19548f2-1658-442e-a67f-be42fd89bbd6.jpeg?im_w=720');
INSERT INTO IMAGE (IMAGE_ID, ACCOMODATION_ID, IMAGE_URL) VALUES (3272, 176, 'https://a0.muscache.com/im/pictures/f474676e-b04c-4173-964d-80179db71c88.jpg?im_w=720');
INSERT INTO IMAGE (IMAGE_ID, ACCOMODATION_ID, IMAGE_URL) VALUES (3273, 176, 'https://a0.muscache.com/im/pictures/79219262-c3f4-4140-bca8-5712cea4bf5b.jpg?im_w=720');
INSERT INTO IMAGE (IMAGE_ID, ACCOMODATION_ID, IMAGE_URL) VALUES (3274, 176, 'https://a0.muscache.com/im/pictures/ef80325d-39b5-4770-9acc-6b52905d6ee9.jpg?im_w=720');
INSERT INTO IMAGE (IMAGE_ID, ACCOMODATION_ID, IMAGE_URL) VALUES (3275, 176, 'https://a0.muscache.com/im/pictures/144f2b64-feb0-44b2-852e-1dab468d28c7.jpg?im_w=720');
INSERT INTO IMAGE (IMAGE_ID, ACCOMODATION_ID, IMAGE_URL) VALUES (3276, 176, 'https://a0.muscache.com/im/pictures/ebaaa9e9-a8a4-4bca-9f27-e234d3153b03.jpg?im_w=720');
INSERT INTO IMAGE (IMAGE_ID, ACCOMODATION_ID, IMAGE_URL) VALUES (3277, 176, 'https://a0.muscache.com/im/pictures/2f300753-ee47-418f-982d-acf65f518b2e.jpg?im_w=720');
INSERT INTO IMAGE (IMAGE_ID, ACCOMODATION_ID, IMAGE_URL) VALUES (3278, 176, 'https://a0.muscache.com/im/pictures/c48191ab-fd5e-4d37-9019-d9a85922097d.jpg?im_w=720');
INSERT INTO IMAGE (IMAGE_ID, ACCOMODATION_ID, IMAGE_URL) VALUES (3279, 176, 'https://a0.muscache.com/im/pictures/f7448e23-7009-4c76-a118-efdda9ee2e02.jpg?im_w=720');
INSERT INTO IMAGE (IMAGE_ID, ACCOMODATION_ID, IMAGE_URL) VALUES (3280, 176, 'https://a0.muscache.com/im/pictures/miso/Hosting-44159716/original/63e6f7cf-09d8-41af-b691-0e59fc210cd1.jpeg?im_w=720');
INSERT INTO IMAGE (IMAGE_ID, ACCOMODATION_ID, IMAGE_URL) VALUES (3281, 176, 'https://a0.muscache.com/im/pictures/miso/Hosting-44159716/original/4cb9b04b-da66-40bc-a81c-2e9ff973df6c.jpeg?im_w=720');

INSERT INTO LOCATION (LOCATION_ID, LOCATION_NAME, COUNTRY, REGION, CITY, LATITUDE, LONGITUDE) VALUES (177, '지명177', ' 한국', ' 서울', '서대문구', 37.5558, 126.93128);
INSERT INTO ACCOMODATION (`ACCOMODATION_ID`, `LOCATION_ID`, `ACCOMODATION_NAME`, `HOST_NAME`, `DISCRIPTION`, `ACCOMODATION_TYPE`, `PRICE`, `MAXIMUM_OCCUPANCY`, `AVERAGE_POINT`, `BED_ROOM`, `BATH_ROOM`, `BED_COUNT`,`OPTION`) VALUES (177, 177, '#2 홍대입구역 도보 5분 조용하고 깔끔한 집', '호스트177', '설명177', '집 전체', 831658, 2, 9.5, 1, 1,1, '주방,무선 인터넷,에어컨,헤어드라이어');
INSERT INTO IMAGE (IMAGE_ID, ACCOMODATION_ID, IMAGE_URL) VALUES (3282, 177, 'https://a0.muscache.com/im/pictures/miso/Hosting-48235229/original/4bf6a5cc-dc35-49fa-a625-951f8a76fec5.jpeg?im_w=720');
INSERT INTO IMAGE (IMAGE_ID, ACCOMODATION_ID, IMAGE_URL) VALUES (3283, 177, 'https://a0.muscache.com/im/pictures/miso/Hosting-48235229/original/4a9c2baa-44fc-4a4d-a067-854f167bfcfb.jpeg?im_w=720');
INSERT INTO IMAGE (IMAGE_ID, ACCOMODATION_ID, IMAGE_URL) VALUES (3284, 177, 'https://a0.muscache.com/im/pictures/miso/Hosting-48235229/original/37764a52-e072-41f4-8f19-c3f89e242bef.jpeg?im_w=720');
INSERT INTO IMAGE (IMAGE_ID, ACCOMODATION_ID, IMAGE_URL) VALUES (3285, 177, 'https://a0.muscache.com/im/pictures/miso/Hosting-48235229/original/5ce4b1ac-92b3-46bc-92c9-3a2e9f85aa0b.jpeg?im_w=720');
INSERT INTO IMAGE (IMAGE_ID, ACCOMODATION_ID, IMAGE_URL) VALUES (3286, 177, 'https://a0.muscache.com/im/pictures/miso/Hosting-48235229/original/b1102385-8db1-4ef6-97e9-e34027388355.jpeg?im_w=720');
INSERT INTO IMAGE (IMAGE_ID, ACCOMODATION_ID, IMAGE_URL) VALUES (3287, 177, 'https://a0.muscache.com/im/pictures/miso/Hosting-48235229/original/e88fbe17-6d58-410d-8799-83ca5022a543.jpeg?im_w=720');
INSERT INTO IMAGE (IMAGE_ID, ACCOMODATION_ID, IMAGE_URL) VALUES (3288, 177, 'https://a0.muscache.com/im/pictures/miso/Hosting-48235229/original/9eb245eb-ea25-40da-b045-4cecde615617.jpeg?im_w=720');
INSERT INTO IMAGE (IMAGE_ID, ACCOMODATION_ID, IMAGE_URL) VALUES (3289, 177, 'https://a0.muscache.com/im/pictures/miso/Hosting-48235229/original/217258d6-fb04-439a-840e-7223ad6b0563.jpeg?im_w=720');
INSERT INTO IMAGE (IMAGE_ID, ACCOMODATION_ID, IMAGE_URL) VALUES (3290, 177, 'https://a0.muscache.com/im/pictures/miso/Hosting-48235229/original/5872cd69-2885-439e-babe-e2e0dc7b2f9f.jpeg?im_w=720');
INSERT INTO IMAGE (IMAGE_ID, ACCOMODATION_ID, IMAGE_URL) VALUES (3291, 177, 'https://a0.muscache.com/im/pictures/miso/Hosting-48235229/original/5190dd47-c437-4e2c-90fa-b040c5f5b9c1.jpeg?im_w=720');
INSERT INTO IMAGE (IMAGE_ID, ACCOMODATION_ID, IMAGE_URL) VALUES (3292, 177, 'https://a0.muscache.com/im/pictures/miso/Hosting-48235229/original/89596b22-de26-4ea8-9470-362329e70d30.jpeg?im_w=720');
INSERT INTO IMAGE (IMAGE_ID, ACCOMODATION_ID, IMAGE_URL) VALUES (3293, 177, 'https://a0.muscache.com/im/pictures/miso/Hosting-48110410/original/e7b47cfc-d049-49b1-9b1e-b8d6b87c3527.jpeg?im_w=720');
INSERT INTO IMAGE (IMAGE_ID, ACCOMODATION_ID, IMAGE_URL) VALUES (3294, 177, 'https://a0.muscache.com/im/pictures/miso/Hosting-48110410/original/b7d92379-d4ce-4850-8cb2-394d07852685.jpeg?im_w=720');
INSERT INTO IMAGE (IMAGE_ID, ACCOMODATION_ID, IMAGE_URL) VALUES (3295, 177, 'https://a0.muscache.com/im/pictures/miso/Hosting-48235229/original/0e3f3867-54c9-405f-9454-e27009572b75.jpeg?im_w=720');

INSERT INTO LOCATION (LOCATION_ID, LOCATION_NAME, COUNTRY, REGION, CITY, LATITUDE, LONGITUDE) VALUES (178, '지명178', ' 한국', ' 서울', '마포구', 37.5509, 126.91622);
INSERT INTO ACCOMODATION (`ACCOMODATION_ID`, `LOCATION_ID`, `ACCOMODATION_NAME`, `HOST_NAME`, `DISCRIPTION`, `ACCOMODATION_TYPE`, `PRICE`, `MAXIMUM_OCCUPANCY`, `AVERAGE_POINT`, `BED_ROOM`, `BATH_ROOM`, `BED_COUNT`,`OPTION`) VALUES (178, 178, 'Your beautiful long term nest, cosy & memorable', '호스트178', '설명178', '집 전체', 357389, 3, 2.6, 1, 1,1, '주방,무선 인터넷,에어컨,헤어드라이어');
INSERT INTO IMAGE (IMAGE_ID, ACCOMODATION_ID, IMAGE_URL) VALUES (3296, 178, 'https://a0.muscache.com/im/pictures/948b432a-747f-4365-b894-156a975631c5.jpg?im_w=720');
INSERT INTO IMAGE (IMAGE_ID, ACCOMODATION_ID, IMAGE_URL) VALUES (3297, 178, 'https://a0.muscache.com/im/pictures/3461cca3-fc63-410e-8077-fe070d13429d.jpg?im_w=720');
INSERT INTO IMAGE (IMAGE_ID, ACCOMODATION_ID, IMAGE_URL) VALUES (3298, 178, 'https://a0.muscache.com/im/pictures/5df5324c-2d4f-4c83-9c95-3f03c4663191.jpg?im_w=720');
INSERT INTO IMAGE (IMAGE_ID, ACCOMODATION_ID, IMAGE_URL) VALUES (3299, 178, 'https://a0.muscache.com/im/pictures/6df66edb-0950-477e-959a-762ee9e742c4.jpg?im_w=720');
INSERT INTO IMAGE (IMAGE_ID, ACCOMODATION_ID, IMAGE_URL) VALUES (3300, 178, 'https://a0.muscache.com/im/pictures/edcf2e2a-37d6-4c82-8db8-b2bf8ca1ed36.jpg?im_w=720');
INSERT INTO IMAGE (IMAGE_ID, ACCOMODATION_ID, IMAGE_URL) VALUES (3301, 178, 'https://a0.muscache.com/im/pictures/e66794b0-8f4f-4ff5-9e0f-a2fb0fa32c0e.jpg?im_w=720');
INSERT INTO IMAGE (IMAGE_ID, ACCOMODATION_ID, IMAGE_URL) VALUES (3302, 178, 'https://a0.muscache.com/im/pictures/df5d6133-8398-4bed-a222-f3d5a1c2d2d9.jpg?im_w=720');
INSERT INTO IMAGE (IMAGE_ID, ACCOMODATION_ID, IMAGE_URL) VALUES (3303, 178, 'https://a0.muscache.com/im/pictures/bac13c00-ab60-4d10-93d8-a5c028ba5cc6.jpg?im_w=720');
INSERT INTO IMAGE (IMAGE_ID, ACCOMODATION_ID, IMAGE_URL) VALUES (3304, 178, 'https://a0.muscache.com/im/pictures/7a97c34a-262f-4249-bc8f-ca250ea15a6e.jpg?im_w=720');
INSERT INTO IMAGE (IMAGE_ID, ACCOMODATION_ID, IMAGE_URL) VALUES (3305, 178, 'https://a0.muscache.com/im/pictures/01fd50cb-458e-4acf-b5b6-26cdb5b10f85.jpg?im_w=720');
INSERT INTO IMAGE (IMAGE_ID, ACCOMODATION_ID, IMAGE_URL) VALUES (3306, 178, 'https://a0.muscache.com/im/pictures/1104f9d6-8ff6-4da1-b366-3bfa676519dd.jpg?im_w=720');
INSERT INTO IMAGE (IMAGE_ID, ACCOMODATION_ID, IMAGE_URL) VALUES (3307, 178, 'https://a0.muscache.com/im/pictures/5dcacc69-5f64-426a-a99a-b4ec9db5d226.jpg?im_w=720');
INSERT INTO IMAGE (IMAGE_ID, ACCOMODATION_ID, IMAGE_URL) VALUES (3308, 178, 'https://a0.muscache.com/im/pictures/a0820fe5-39bb-42b5-bd4a-0102d7fa787c.jpg?im_w=720');
INSERT INTO IMAGE (IMAGE_ID, ACCOMODATION_ID, IMAGE_URL) VALUES (3309, 178, 'https://a0.muscache.com/im/pictures/072bf321-e0a6-42d5-aa0a-e87da08eec14.jpg?im_w=720');
INSERT INTO IMAGE (IMAGE_ID, ACCOMODATION_ID, IMAGE_URL) VALUES (3310, 178, 'https://a0.muscache.com/im/pictures/a151ac67-b93d-4cf1-81ff-d11a992a01db.jpg?im_w=720');
INSERT INTO IMAGE (IMAGE_ID, ACCOMODATION_ID, IMAGE_URL) VALUES (3311, 178, 'https://a0.muscache.com/im/pictures/a9cc2c34-948d-4893-b9b7-e58def962726.jpg?im_w=720');
INSERT INTO IMAGE (IMAGE_ID, ACCOMODATION_ID, IMAGE_URL) VALUES (3312, 178, 'https://a0.muscache.com/im/pictures/8c8ae36d-21d1-4da2-a236-cd2f5c2a1d0a.jpg?im_w=720');
INSERT INTO IMAGE (IMAGE_ID, ACCOMODATION_ID, IMAGE_URL) VALUES (3313, 178, 'https://a0.muscache.com/im/pictures/91eff3bf-67e0-43f2-b0b5-27cc4ea658f8.jpg?im_w=720');
INSERT INTO IMAGE (IMAGE_ID, ACCOMODATION_ID, IMAGE_URL) VALUES (3314, 178, 'https://a0.muscache.com/im/pictures/51018395-be1d-4252-a160-e73081bb9e21.jpg?im_w=720');
INSERT INTO IMAGE (IMAGE_ID, ACCOMODATION_ID, IMAGE_URL) VALUES (3315, 178, 'https://a0.muscache.com/im/pictures/6c877d75-176b-4cf6-bbf6-814ba8f45224.jpg?im_w=720');
INSERT INTO IMAGE (IMAGE_ID, ACCOMODATION_ID, IMAGE_URL) VALUES (3316, 178, 'https://a0.muscache.com/im/pictures/e26612ed-54be-45a3-bbac-b10d95325afd.jpg?im_w=720');
INSERT INTO IMAGE (IMAGE_ID, ACCOMODATION_ID, IMAGE_URL) VALUES (3317, 178, 'https://a0.muscache.com/im/pictures/087a4f18-09d1-4cbe-b70b-029d4ce43a26.jpg?im_w=720');
INSERT INTO IMAGE (IMAGE_ID, ACCOMODATION_ID, IMAGE_URL) VALUES (3318, 178, 'https://a0.muscache.com/im/pictures/0678ef0b-49d9-4337-a445-b018dd69a170.jpg?im_w=720');
INSERT INTO IMAGE (IMAGE_ID, ACCOMODATION_ID, IMAGE_URL) VALUES (3319, 178, 'https://a0.muscache.com/im/pictures/7fb8a153-8f92-4182-b6c9-9663c0c5c626.jpg?im_w=720');
INSERT INTO IMAGE (IMAGE_ID, ACCOMODATION_ID, IMAGE_URL) VALUES (3320, 178, 'https://a0.muscache.com/im/pictures/4f3c02a2-8b3d-42fe-b8cf-025bb561728c.jpg?im_w=720');

INSERT INTO LOCATION (LOCATION_ID, LOCATION_NAME, COUNTRY, REGION, CITY, LATITUDE, LONGITUDE) VALUES (179, '지명179', ' 서울', ' Yeongdeungpo-gu', 'Yeongdeungpo-dong', 37.51695, 126.91162);
INSERT INTO ACCOMODATION (`ACCOMODATION_ID`, `LOCATION_ID`, `ACCOMODATION_NAME`, `HOST_NAME`, `DISCRIPTION`, `ACCOMODATION_TYPE`, `PRICE`, `MAXIMUM_OCCUPANCY`, `AVERAGE_POINT`, `BED_ROOM`, `BATH_ROOM`, `BED_COUNT`,`OPTION`) VALUES (179, 179, '♥ 그곳에 있는 또 하나의 나의집 ♥ (Another house of mine there)', '호스트179', '설명179', '집 전체', 588097, 3, 9.4, 1, 1,1, '주방,무선 인터넷,에어컨,헤어드라이어');
INSERT INTO IMAGE (IMAGE_ID, ACCOMODATION_ID, IMAGE_URL) VALUES (3321, 179, 'https://a0.muscache.com/im/pictures/miso/Hosting-46226815/original/1df30eef-5950-4cf7-9290-a89174b6778d.jpeg?im_w=720');
INSERT INTO IMAGE (IMAGE_ID, ACCOMODATION_ID, IMAGE_URL) VALUES (3322, 179, 'https://a0.muscache.com/im/pictures/36ff4070-555d-4eb9-a401-677de495155c.jpg?im_w=720');
INSERT INTO IMAGE (IMAGE_ID, ACCOMODATION_ID, IMAGE_URL) VALUES (3323, 179, 'https://a0.muscache.com/im/pictures/43a141e9-ed05-4ac7-abfd-c96de42713c2.jpg?im_w=720');
INSERT INTO IMAGE (IMAGE_ID, ACCOMODATION_ID, IMAGE_URL) VALUES (3324, 179, 'https://a0.muscache.com/im/pictures/c1e79915-60f4-4bdb-962b-bc26e7622667.jpg?im_w=720');
INSERT INTO IMAGE (IMAGE_ID, ACCOMODATION_ID, IMAGE_URL) VALUES (3325, 179, 'https://a0.muscache.com/im/pictures/856932f7-d491-44ac-a306-addf709d6247.jpg?im_w=720');
INSERT INTO IMAGE (IMAGE_ID, ACCOMODATION_ID, IMAGE_URL) VALUES (3326, 179, 'https://a0.muscache.com/im/pictures/c36a917f-c5da-48ac-ab60-287866d836d3.jpg?im_w=720');
INSERT INTO IMAGE (IMAGE_ID, ACCOMODATION_ID, IMAGE_URL) VALUES (3327, 179, 'https://a0.muscache.com/im/pictures/f3f64af4-6d59-4c10-bf1b-7cc6c4eb5b2d.jpg?im_w=720');
INSERT INTO IMAGE (IMAGE_ID, ACCOMODATION_ID, IMAGE_URL) VALUES (3328, 179, 'https://a0.muscache.com/im/pictures/6b8a3a50-ee9d-4c82-b295-9df6749235ab.jpg?im_w=720');
INSERT INTO IMAGE (IMAGE_ID, ACCOMODATION_ID, IMAGE_URL) VALUES (3329, 179, 'https://a0.muscache.com/im/pictures/f1151ab5-84b6-45e5-8ae3-276e3eb5468a.jpg?im_w=720');
INSERT INTO IMAGE (IMAGE_ID, ACCOMODATION_ID, IMAGE_URL) VALUES (3330, 179, 'https://a0.muscache.com/im/pictures/4ae83361-0eab-4070-a38d-f630c06a9939.jpg?im_w=720');
INSERT INTO IMAGE (IMAGE_ID, ACCOMODATION_ID, IMAGE_URL) VALUES (3331, 179, 'https://a0.muscache.com/im/pictures/f3402351-089f-4ea5-a344-1581a7734754.jpg?im_w=720');
INSERT INTO IMAGE (IMAGE_ID, ACCOMODATION_ID, IMAGE_URL) VALUES (3332, 179, 'https://a0.muscache.com/im/pictures/7b5cac07-b317-4c69-a145-4ef0a5dee773.jpg?im_w=720');
INSERT INTO IMAGE (IMAGE_ID, ACCOMODATION_ID, IMAGE_URL) VALUES (3333, 179, 'https://a0.muscache.com/im/pictures/d61c2a6a-1d75-42a5-9e32-d2a43571490a.jpg?im_w=720');
INSERT INTO IMAGE (IMAGE_ID, ACCOMODATION_ID, IMAGE_URL) VALUES (3334, 179, 'https://a0.muscache.com/im/pictures/2ec319ed-0272-473f-bb9b-8a2db591cd63.jpg?im_w=720');
INSERT INTO IMAGE (IMAGE_ID, ACCOMODATION_ID, IMAGE_URL) VALUES (3335, 179, 'https://a0.muscache.com/im/pictures/91bb1037-3e74-4c34-b7be-5910f2841c08.jpg?im_w=720');
INSERT INTO IMAGE (IMAGE_ID, ACCOMODATION_ID, IMAGE_URL) VALUES (3336, 179, 'https://a0.muscache.com/im/pictures/f17f83d0-635f-447a-8f36-273467280ceb.jpg?im_w=720');
INSERT INTO IMAGE (IMAGE_ID, ACCOMODATION_ID, IMAGE_URL) VALUES (3337, 179, 'https://a0.muscache.com/im/pictures/daa588fd-b103-4c67-8282-ca74321b5421.jpg?im_w=720');
INSERT INTO IMAGE (IMAGE_ID, ACCOMODATION_ID, IMAGE_URL) VALUES (3338, 179, 'https://a0.muscache.com/im/pictures/6be72b14-46a6-4099-abfa-3413bedd651d.jpg?im_w=720');
INSERT INTO IMAGE (IMAGE_ID, ACCOMODATION_ID, IMAGE_URL) VALUES (3339, 179, 'https://a0.muscache.com/im/pictures/9914d80d-d6b6-45f3-aa79-178e3bfeeeeb.jpg?im_w=720');
INSERT INTO IMAGE (IMAGE_ID, ACCOMODATION_ID, IMAGE_URL) VALUES (3340, 179, 'https://a0.muscache.com/im/pictures/6b885be1-c591-4e79-b5ac-138c1cc1ffbf.jpg?im_w=720');
INSERT INTO IMAGE (IMAGE_ID, ACCOMODATION_ID, IMAGE_URL) VALUES (3341, 179, 'https://a0.muscache.com/im/pictures/cea4878f-960f-4195-8778-f1e006d6aaed.jpg?im_w=720');
INSERT INTO IMAGE (IMAGE_ID, ACCOMODATION_ID, IMAGE_URL) VALUES (3342, 179, 'https://a0.muscache.com/im/pictures/abdea9cb-940e-4bb2-afdc-2f08f1838bf4.jpg?im_w=720');
INSERT INTO IMAGE (IMAGE_ID, ACCOMODATION_ID, IMAGE_URL) VALUES (3343, 179, 'https://a0.muscache.com/im/pictures/2e07caad-8cb9-4ce5-a372-79f8dc915921.jpg?im_w=720');
INSERT INTO IMAGE (IMAGE_ID, ACCOMODATION_ID, IMAGE_URL) VALUES (3344, 179, 'https://a0.muscache.com/im/pictures/a8465baa-12fe-45e0-b43e-01584dadb2b1.jpg?im_w=720');
INSERT INTO IMAGE (IMAGE_ID, ACCOMODATION_ID, IMAGE_URL) VALUES (3345, 179, 'https://a0.muscache.com/im/pictures/b4333198-1300-4b77-99ce-d42ad9e9131e.jpg?im_w=720');
INSERT INTO IMAGE (IMAGE_ID, ACCOMODATION_ID, IMAGE_URL) VALUES (3346, 179, 'https://a0.muscache.com/im/pictures/caeba3d1-edde-4185-b7bf-84e28158d906.jpg?im_w=720');
INSERT INTO IMAGE (IMAGE_ID, ACCOMODATION_ID, IMAGE_URL) VALUES (3347, 179, 'https://a0.muscache.com/im/pictures/b0e05c36-d47e-4942-931a-8a7d31501d66.jpg?im_w=720');

INSERT INTO LOCATION (LOCATION_ID, LOCATION_NAME, COUNTRY, REGION, CITY, LATITUDE, LONGITUDE) VALUES (180, '지명180', ' 한국', ' 서울', '영등포구', 37.51913, 126.90421);
INSERT INTO ACCOMODATION (`ACCOMODATION_ID`, `LOCATION_ID`, `ACCOMODATION_NAME`, `HOST_NAME`, `DISCRIPTION`, `ACCOMODATION_TYPE`, `PRICE`, `MAXIMUM_OCCUPANCY`, `AVERAGE_POINT`, `BED_ROOM`, `BATH_ROOM`, `BED_COUNT`,`OPTION`) VALUES (180, 180, '#12 [Netflix] 영등포 타임스퀘어뷰와 함께하는 Jerrys House', '호스트180', '설명180', '집 전체', 87540, 3, 2.4, 1, 1,1, '주방,무선 인터넷,에어컨,헤어드라이어');
INSERT INTO IMAGE (IMAGE_ID, ACCOMODATION_ID, IMAGE_URL) VALUES (3348, 180, 'https://a0.muscache.com/im/pictures/13a1dbaa-1c09-4c16-a78d-945da0e6121b.jpg?im_w=720');
INSERT INTO IMAGE (IMAGE_ID, ACCOMODATION_ID, IMAGE_URL) VALUES (3349, 180, 'https://a0.muscache.com/im/pictures/04ef95bf-680a-4e97-b9b7-552c627b1dc7.jpg?im_w=720');
INSERT INTO IMAGE (IMAGE_ID, ACCOMODATION_ID, IMAGE_URL) VALUES (3350, 180, 'https://a0.muscache.com/im/pictures/8d2cd20d-3aa3-46fa-858e-4851883310a2.jpg?im_w=720');
INSERT INTO IMAGE (IMAGE_ID, ACCOMODATION_ID, IMAGE_URL) VALUES (3351, 180, 'https://a0.muscache.com/im/pictures/130173e1-9b5a-4068-afbf-0c40f9639df8.jpg?im_w=720');
INSERT INTO IMAGE (IMAGE_ID, ACCOMODATION_ID, IMAGE_URL) VALUES (3352, 180, 'https://a0.muscache.com/im/pictures/9074168c-271a-4073-9600-90ef3cd45b22.jpg?im_w=720');
INSERT INTO IMAGE (IMAGE_ID, ACCOMODATION_ID, IMAGE_URL) VALUES (3353, 180, 'https://a0.muscache.com/im/pictures/600e9f10-8bfa-4b5d-85d7-51010fd18529.jpg?im_w=720');
INSERT INTO IMAGE (IMAGE_ID, ACCOMODATION_ID, IMAGE_URL) VALUES (3354, 180, 'https://a0.muscache.com/im/pictures/474f51fc-0309-4f21-b2ee-2a45582a2ff7.jpg?im_w=720');
INSERT INTO IMAGE (IMAGE_ID, ACCOMODATION_ID, IMAGE_URL) VALUES (3355, 180, 'https://a0.muscache.com/im/pictures/82c9817b-b8d7-4f56-8d0b-cecf5d030dc7.jpg?im_w=720');
INSERT INTO IMAGE (IMAGE_ID, ACCOMODATION_ID, IMAGE_URL) VALUES (3356, 180, 'https://a0.muscache.com/im/pictures/ff56f37a-11f5-4dd0-9f1f-4b486f361824.jpg?im_w=720');
INSERT INTO IMAGE (IMAGE_ID, ACCOMODATION_ID, IMAGE_URL) VALUES (3357, 180, 'https://a0.muscache.com/im/pictures/ff750a52-75c9-46b9-a345-4c24de5495f8.jpg?im_w=720');
INSERT INTO IMAGE (IMAGE_ID, ACCOMODATION_ID, IMAGE_URL) VALUES (3358, 180, 'https://a0.muscache.com/im/pictures/d35c6d86-5769-4bba-918c-389b314f8669.jpg?im_w=720');
INSERT INTO IMAGE (IMAGE_ID, ACCOMODATION_ID, IMAGE_URL) VALUES (3359, 180, 'https://a0.muscache.com/im/pictures/eabc2d31-71a9-4da2-9080-3916276c3e7b.jpg?im_w=720');
INSERT INTO IMAGE (IMAGE_ID, ACCOMODATION_ID, IMAGE_URL) VALUES (3360, 180, 'https://a0.muscache.com/im/pictures/943b8b23-c92f-44f7-b7f9-5faff38c5b37.jpg?im_w=720');
INSERT INTO IMAGE (IMAGE_ID, ACCOMODATION_ID, IMAGE_URL) VALUES (3361, 180, 'https://a0.muscache.com/im/pictures/a735febe-78cb-4d01-9850-b1a02e4697a5.jpg?im_w=720');
INSERT INTO IMAGE (IMAGE_ID, ACCOMODATION_ID, IMAGE_URL) VALUES (3362, 180, 'https://a0.muscache.com/im/pictures/miso/Hosting-45916459/original/cc22cb12-1966-425c-bae2-665535d5e42b.png?im_w=720');
INSERT INTO IMAGE (IMAGE_ID, ACCOMODATION_ID, IMAGE_URL) VALUES (3363, 180, 'https://a0.muscache.com/im/pictures/miso/Hosting-45916459/original/aa9d53dd-d645-489c-95ab-2e18e794de8f.png?im_w=720');
INSERT INTO IMAGE (IMAGE_ID, ACCOMODATION_ID, IMAGE_URL) VALUES (3364, 180, 'https://a0.muscache.com/im/pictures/miso/Hosting-45916459/original/6255bc90-6e4c-4c11-8530-25d35320e025.png?im_w=720');
INSERT INTO IMAGE (IMAGE_ID, ACCOMODATION_ID, IMAGE_URL) VALUES (3365, 180, 'https://a0.muscache.com/im/pictures/miso/Hosting-45916459/original/1dcabcab-8b98-441b-839b-a9cb9af0f162.png?im_w=720');
INSERT INTO IMAGE (IMAGE_ID, ACCOMODATION_ID, IMAGE_URL) VALUES (3366, 180, 'https://a0.muscache.com/im/pictures/1b6a77e3-55f5-47eb-9a5e-3f967bf742bd.jpg?im_w=720');
INSERT INTO IMAGE (IMAGE_ID, ACCOMODATION_ID, IMAGE_URL) VALUES (3367, 180, 'https://a0.muscache.com/im/pictures/9ef31d87-5373-4c85-b5ef-06cffd500b6d.jpg?im_w=720');
INSERT INTO IMAGE (IMAGE_ID, ACCOMODATION_ID, IMAGE_URL) VALUES (3368, 180, 'https://a0.muscache.com/im/pictures/d20d9b75-291e-4367-adfb-f9e0a5072ff7.jpg?im_w=720');
INSERT INTO IMAGE (IMAGE_ID, ACCOMODATION_ID, IMAGE_URL) VALUES (3369, 180, 'https://a0.muscache.com/im/pictures/00c3df00-d1b4-4121-bb14-78dafc5a688f.jpg?im_w=720');
INSERT INTO IMAGE (IMAGE_ID, ACCOMODATION_ID, IMAGE_URL) VALUES (3370, 180, 'https://a0.muscache.com/im/pictures/1b70a5d9-7ae8-4127-a10b-8c3ba4d1857c.jpg?im_w=720');
INSERT INTO IMAGE (IMAGE_ID, ACCOMODATION_ID, IMAGE_URL) VALUES (3371, 180, 'https://a0.muscache.com/im/pictures/5f863db4-7bb4-4959-b5d4-1b9bd8e30380.jpg?im_w=720');
INSERT INTO IMAGE (IMAGE_ID, ACCOMODATION_ID, IMAGE_URL) VALUES (3372, 180, 'https://a0.muscache.com/im/pictures/bc5e6ba9-e234-42a1-b410-d17c7898ae43.jpg?im_w=720');

INSERT INTO LOCATION (LOCATION_ID, LOCATION_NAME, COUNTRY, REGION, CITY, LATITUDE, LONGITUDE) VALUES (181, '지명181', ' 서울', ' Yeongdeungpo-gu', 'Dangsan 2(i)-dong', 37.53217, 126.90172);
INSERT INTO ACCOMODATION (`ACCOMODATION_ID`, `LOCATION_ID`, `ACCOMODATION_NAME`, `HOST_NAME`, `DISCRIPTION`, `ACCOMODATION_TYPE`, `PRICE`, `MAXIMUM_OCCUPANCY`, `AVERAGE_POINT`, `BED_ROOM`, `BATH_ROOM`, `BED_COUNT`,`OPTION`) VALUES (181, 181, '[한강뷰]당산역도보1분! 무료주차
선유도,한강공원산책! 55인치대형TV', '호스트181', '설명181', '집 전체', 608491, 2, 9.9, 1, 1,1, '주방,무선 인터넷,에어컨,헤어드라이어');
INSERT INTO IMAGE (IMAGE_ID, ACCOMODATION_ID, IMAGE_URL) VALUES (3373, 181, 'https://a0.muscache.com/im/pictures/a63a845b-c16e-4a0f-b0ca-a124a677b3d2.jpg?im_w=720');
INSERT INTO IMAGE (IMAGE_ID, ACCOMODATION_ID, IMAGE_URL) VALUES (3374, 181, 'https://a0.muscache.com/im/pictures/44ae81dc-e8a9-4623-bccd-97af889a8b16.jpg?im_w=720');
INSERT INTO IMAGE (IMAGE_ID, ACCOMODATION_ID, IMAGE_URL) VALUES (3375, 181, 'https://a0.muscache.com/im/pictures/61b3e6ed-a29f-44a0-8edb-f6985bf2aa62.jpg?im_w=720');
INSERT INTO IMAGE (IMAGE_ID, ACCOMODATION_ID, IMAGE_URL) VALUES (3376, 181, 'https://a0.muscache.com/im/pictures/92bc9188-4c09-40dc-9984-b38a6f1fa70a.jpg?im_w=720');
INSERT INTO IMAGE (IMAGE_ID, ACCOMODATION_ID, IMAGE_URL) VALUES (3377, 181, 'https://a0.muscache.com/im/pictures/50e7a497-3675-4e66-b487-db58f4e5d6c3.jpg?im_w=720');
INSERT INTO IMAGE (IMAGE_ID, ACCOMODATION_ID, IMAGE_URL) VALUES (3378, 181, 'https://a0.muscache.com/im/pictures/db77ad24-72ef-4d55-b117-63d2f585d645.jpg?im_w=720');
INSERT INTO IMAGE (IMAGE_ID, ACCOMODATION_ID, IMAGE_URL) VALUES (3379, 181, 'https://a0.muscache.com/im/pictures/01bbdcab-3a59-44dc-b2f4-49e818ef45cf.jpg?im_w=720');
INSERT INTO IMAGE (IMAGE_ID, ACCOMODATION_ID, IMAGE_URL) VALUES (3380, 181, 'https://a0.muscache.com/im/pictures/27bfcca4-a1c6-43a3-8f32-6499ee2f27d9.jpg?im_w=720');
INSERT INTO IMAGE (IMAGE_ID, ACCOMODATION_ID, IMAGE_URL) VALUES (3381, 181, 'https://a0.muscache.com/im/pictures/56c74322-ae62-4f58-a05a-0c6a5cca97b2.jpg?im_w=720');
INSERT INTO IMAGE (IMAGE_ID, ACCOMODATION_ID, IMAGE_URL) VALUES (3382, 181, 'https://a0.muscache.com/im/pictures/38b556da-f13b-42de-8249-8cbb32604a83.jpg?im_w=720');
INSERT INTO IMAGE (IMAGE_ID, ACCOMODATION_ID, IMAGE_URL) VALUES (3383, 181, 'https://a0.muscache.com/im/pictures/964270b4-cd66-4285-a62c-a886758ac9c8.jpg?im_w=720');
INSERT INTO IMAGE (IMAGE_ID, ACCOMODATION_ID, IMAGE_URL) VALUES (3384, 181, 'https://a0.muscache.com/im/pictures/7443e50e-0314-45b1-982e-db1e8a519056.jpg?im_w=720');
INSERT INTO IMAGE (IMAGE_ID, ACCOMODATION_ID, IMAGE_URL) VALUES (3385, 181, 'https://a0.muscache.com/im/pictures/1976975a-d996-4565-a7f6-f95ee18e62ad.jpg?im_w=720');
INSERT INTO IMAGE (IMAGE_ID, ACCOMODATION_ID, IMAGE_URL) VALUES (3386, 181, 'https://a0.muscache.com/im/pictures/f33680c3-af0a-461f-b919-d6f855772708.jpg?im_w=720');
INSERT INTO IMAGE (IMAGE_ID, ACCOMODATION_ID, IMAGE_URL) VALUES (3387, 181, 'https://a0.muscache.com/im/pictures/afe7ff94-d568-4d14-afdf-4c0064a80687.jpg?im_w=720');
INSERT INTO IMAGE (IMAGE_ID, ACCOMODATION_ID, IMAGE_URL) VALUES (3388, 181, 'https://a0.muscache.com/im/pictures/ea08f772-c135-4001-a5ff-32daecbfad8c.jpg?im_w=720');
INSERT INTO IMAGE (IMAGE_ID, ACCOMODATION_ID, IMAGE_URL) VALUES (3389, 181, 'https://a0.muscache.com/im/pictures/4ac702f5-ebb4-41a8-9692-ef717c5cef8a.jpg?im_w=720');
INSERT INTO IMAGE (IMAGE_ID, ACCOMODATION_ID, IMAGE_URL) VALUES (3390, 181, 'https://a0.muscache.com/im/pictures/ae9076b0-d678-45c0-a650-bf59dd998ac0.jpg?im_w=720');
INSERT INTO IMAGE (IMAGE_ID, ACCOMODATION_ID, IMAGE_URL) VALUES (3391, 181, 'https://a0.muscache.com/im/pictures/27710afd-b113-4336-bcfe-e39aa8cec4ff.jpg?im_w=720');
INSERT INTO IMAGE (IMAGE_ID, ACCOMODATION_ID, IMAGE_URL) VALUES (3392, 181, 'https://a0.muscache.com/im/pictures/eca1366c-d38a-4164-b331-df67c2404e41.jpg?im_w=720');
INSERT INTO IMAGE (IMAGE_ID, ACCOMODATION_ID, IMAGE_URL) VALUES (3393, 181, 'https://a0.muscache.com/im/pictures/0a22cde8-b55f-4963-84d8-647d2f2cb50d.jpg?im_w=720');
INSERT INTO IMAGE (IMAGE_ID, ACCOMODATION_ID, IMAGE_URL) VALUES (3394, 181, 'https://a0.muscache.com/im/pictures/f05d1fea-c43a-4672-9f68-b93844875402.jpg?im_w=720');
INSERT INTO IMAGE (IMAGE_ID, ACCOMODATION_ID, IMAGE_URL) VALUES (3395, 181, 'https://a0.muscache.com/im/pictures/a14c22f1-a51b-4986-9cc8-f6063680d091.jpg?im_w=720');
INSERT INTO IMAGE (IMAGE_ID, ACCOMODATION_ID, IMAGE_URL) VALUES (3396, 181, 'https://a0.muscache.com/im/pictures/3454301b-5041-4208-81bb-3166f41e1945.jpg?im_w=720');

INSERT INTO LOCATION (LOCATION_ID, LOCATION_NAME, COUNTRY, REGION, CITY, LATITUDE, LONGITUDE) VALUES (182, '지명182', ' 서울', ' Mapo-gu', 'Mangwon 1(il)-dong', 37.55257, 126.90491);
INSERT INTO ACCOMODATION (`ACCOMODATION_ID`, `LOCATION_ID`, `ACCOMODATION_NAME`, `HOST_NAME`, `DISCRIPTION`, `ACCOMODATION_TYPE`, `PRICE`, `MAXIMUM_OCCUPANCY`, `AVERAGE_POINT`, `BED_ROOM`, `BATH_ROOM`, `BED_COUNT`,`OPTION`) VALUES (182, 182, '망원 Minimalism House go go! (No self-quarantlne)', '호스트182', '설명182', '개인실', 851429, 1, 0.9, 1, 2,1, '주방,무선 인터넷,에어컨,헤어드라이어');
INSERT INTO IMAGE (IMAGE_ID, ACCOMODATION_ID, IMAGE_URL) VALUES (3397, 182, 'https://a0.muscache.com/im/pictures/25dec4ce-14f5-4107-94ec-460ca51b7339.jpg?im_w=720');
INSERT INTO IMAGE (IMAGE_ID, ACCOMODATION_ID, IMAGE_URL) VALUES (3398, 182, 'https://a0.muscache.com/im/pictures/b701f812-482f-4076-9812-eb031ac53010.jpg?im_w=720');
INSERT INTO IMAGE (IMAGE_ID, ACCOMODATION_ID, IMAGE_URL) VALUES (3399, 182, 'https://a0.muscache.com/im/pictures/802ec84c-4458-410a-98e1-ec0911bbebfa.jpg?im_w=720');
INSERT INTO IMAGE (IMAGE_ID, ACCOMODATION_ID, IMAGE_URL) VALUES (3400, 182, 'https://a0.muscache.com/im/pictures/74c6bb46-4948-481f-b745-fa1b01ab3b7e.jpg?im_w=720');
INSERT INTO IMAGE (IMAGE_ID, ACCOMODATION_ID, IMAGE_URL) VALUES (3401, 182, 'https://a0.muscache.com/im/pictures/3da6a095-2051-49e4-b6b7-c83ea2f12bbb.jpg?im_w=720');
INSERT INTO IMAGE (IMAGE_ID, ACCOMODATION_ID, IMAGE_URL) VALUES (3402, 182, 'https://a0.muscache.com/im/pictures/177ef0d7-ea28-464f-b586-bccb0e7e3c2e.jpg?im_w=720');
INSERT INTO IMAGE (IMAGE_ID, ACCOMODATION_ID, IMAGE_URL) VALUES (3403, 182, 'https://a0.muscache.com/im/pictures/56e3937f-f503-4cd5-8da9-1328fbb1ab2d.jpg?im_w=720');
INSERT INTO IMAGE (IMAGE_ID, ACCOMODATION_ID, IMAGE_URL) VALUES (3404, 182, 'https://a0.muscache.com/im/pictures/4c8556c7-85df-49c7-97bf-43c431e1eee8.jpg?im_w=720');
INSERT INTO IMAGE (IMAGE_ID, ACCOMODATION_ID, IMAGE_URL) VALUES (3405, 182, 'https://a0.muscache.com/im/pictures/fe9a7668-9462-4234-8fc7-b4118f357d18.jpg?im_w=720');
INSERT INTO IMAGE (IMAGE_ID, ACCOMODATION_ID, IMAGE_URL) VALUES (3406, 182, 'https://a0.muscache.com/im/pictures/74ec2f42-705f-4efc-a252-86367d00c731.jpg?im_w=720');
INSERT INTO IMAGE (IMAGE_ID, ACCOMODATION_ID, IMAGE_URL) VALUES (3407, 182, 'https://a0.muscache.com/im/pictures/266f62a2-e077-4ee8-ac1a-497d868986b6.jpg?im_w=720');
INSERT INTO IMAGE (IMAGE_ID, ACCOMODATION_ID, IMAGE_URL) VALUES (3408, 182, 'https://a0.muscache.com/im/pictures/miso/Hosting-45112934/original/b1c54a84-4952-4daa-aa0e-d8733fc29c7c.jpeg?im_w=720');
INSERT INTO IMAGE (IMAGE_ID, ACCOMODATION_ID, IMAGE_URL) VALUES (3409, 182, 'https://a0.muscache.com/im/pictures/miso/Hosting-45112934/original/c01791fa-aacd-4765-882e-8f695ee41a0b.jpeg?im_w=720');
INSERT INTO IMAGE (IMAGE_ID, ACCOMODATION_ID, IMAGE_URL) VALUES (3410, 182, 'https://a0.muscache.com/im/pictures/7795ee55-d3c8-4b9b-938d-ec1c1c9988b8.jpg?im_w=720');

INSERT INTO LOCATION (LOCATION_ID, LOCATION_NAME, COUNTRY, REGION, CITY, LATITUDE, LONGITUDE) VALUES (183, '지명183', ' 서울', ' Yeongdeungpo-gu', 'Dangsan 1(il)-dong', 37.52216, 126.89374);
INSERT INTO ACCOMODATION (`ACCOMODATION_ID`, `LOCATION_ID`, `ACCOMODATION_NAME`, `HOST_NAME`, `DISCRIPTION`, `ACCOMODATION_TYPE`, `PRICE`, `MAXIMUM_OCCUPANCY`, `AVERAGE_POINT`, `BED_ROOM`, `BATH_ROOM`, `BED_COUNT`,`OPTION`) VALUES (183, 183, '[할인중] 모던하고 깔끔한 2인실 더블룸', '호스트183', '설명183', '개인실', 473778, 2, 9.3, 1, 1,1, '주방,무선 인터넷,에어컨,헤어드라이어');
INSERT INTO IMAGE (IMAGE_ID, ACCOMODATION_ID, IMAGE_URL) VALUES (3411, 183, 'https://a0.muscache.com/im/pictures/0f9037c8-b3d6-4ceb-b58a-f025ac6c91cd.jpg?im_w=720');
INSERT INTO IMAGE (IMAGE_ID, ACCOMODATION_ID, IMAGE_URL) VALUES (3412, 183, 'https://a0.muscache.com/im/pictures/3ec49951-87a6-48a8-bfb0-e7a009a81319.jpg?im_w=720');
INSERT INTO IMAGE (IMAGE_ID, ACCOMODATION_ID, IMAGE_URL) VALUES (3413, 183, 'https://a0.muscache.com/im/pictures/1194dbde-4a4e-46f7-a424-38edefbfa80b.jpg?im_w=720');
INSERT INTO IMAGE (IMAGE_ID, ACCOMODATION_ID, IMAGE_URL) VALUES (3414, 183, 'https://a0.muscache.com/im/pictures/4beb8792-e598-4d32-96fc-6fa8c88e98d0.jpg?im_w=720');
INSERT INTO IMAGE (IMAGE_ID, ACCOMODATION_ID, IMAGE_URL) VALUES (3415, 183, 'https://a0.muscache.com/im/pictures/f5e2c991-2c6c-4d72-8eab-a69c6b017d04.jpg?im_w=720');
INSERT INTO IMAGE (IMAGE_ID, ACCOMODATION_ID, IMAGE_URL) VALUES (3416, 183, 'https://a0.muscache.com/im/pictures/9c714c07-7768-4fda-9449-6a8c7eafe49b.jpg?im_w=720');
INSERT INTO IMAGE (IMAGE_ID, ACCOMODATION_ID, IMAGE_URL) VALUES (3417, 183, 'https://a0.muscache.com/im/pictures/8418f7c1-533c-48b0-9bb6-4b11d10dfbd0.jpg?im_w=720');
INSERT INTO IMAGE (IMAGE_ID, ACCOMODATION_ID, IMAGE_URL) VALUES (3418, 183, 'https://a0.muscache.com/im/pictures/b826f690-5d37-46a4-9a81-556137633f6b.jpg?im_w=720');
INSERT INTO IMAGE (IMAGE_ID, ACCOMODATION_ID, IMAGE_URL) VALUES (3419, 183, 'https://a0.muscache.com/im/pictures/9937d9f7-cfc9-4e22-99d9-70dfc55b379d.jpg?im_w=720');
INSERT INTO IMAGE (IMAGE_ID, ACCOMODATION_ID, IMAGE_URL) VALUES (3420, 183, 'https://a0.muscache.com/im/pictures/a099c3f5-e444-4b20-9e93-fa629f644043.jpg?im_w=720');
INSERT INTO IMAGE (IMAGE_ID, ACCOMODATION_ID, IMAGE_URL) VALUES (3421, 183, 'https://a0.muscache.com/im/pictures/22923497-79c0-4ffd-a0fb-f832ac4cbc18.jpg?im_w=720');
INSERT INTO IMAGE (IMAGE_ID, ACCOMODATION_ID, IMAGE_URL) VALUES (3422, 183, 'https://a0.muscache.com/im/pictures/7e336ba4-8cd7-4ff7-87f4-9c93191e3fa6.jpg?im_w=720');
INSERT INTO IMAGE (IMAGE_ID, ACCOMODATION_ID, IMAGE_URL) VALUES (3423, 183, 'https://a0.muscache.com/im/pictures/7be24e58-fdc2-480b-ab5f-edec9fc3ec3a.jpg?im_w=720');
INSERT INTO IMAGE (IMAGE_ID, ACCOMODATION_ID, IMAGE_URL) VALUES (3424, 183, 'https://a0.muscache.com/im/pictures/000857e1-6816-4d03-85f4-02ee728bb3d7.jpg?im_w=720');
INSERT INTO IMAGE (IMAGE_ID, ACCOMODATION_ID, IMAGE_URL) VALUES (3425, 183, 'https://a0.muscache.com/im/pictures/41ba8b85-31d3-4f30-926d-dc8ee100bfff.jpg?im_w=720');
INSERT INTO IMAGE (IMAGE_ID, ACCOMODATION_ID, IMAGE_URL) VALUES (3426, 183, 'https://a0.muscache.com/im/pictures/cb44c8d7-5a54-45d1-bc2d-178a277de881.jpg?im_w=720');
INSERT INTO IMAGE (IMAGE_ID, ACCOMODATION_ID, IMAGE_URL) VALUES (3427, 183, 'https://a0.muscache.com/im/pictures/ed03eb51-b869-42c7-9445-7130f2775398.jpg?im_w=720');
INSERT INTO IMAGE (IMAGE_ID, ACCOMODATION_ID, IMAGE_URL) VALUES (3428, 183, 'https://a0.muscache.com/im/pictures/cb9c7424-3ce1-4174-b7eb-064f9e496640.jpg?im_w=720');
INSERT INTO IMAGE (IMAGE_ID, ACCOMODATION_ID, IMAGE_URL) VALUES (3429, 183, 'https://a0.muscache.com/im/pictures/7960c09e-3bfc-4dce-8eea-7b7a9ca061a5.jpg?im_w=720');
INSERT INTO IMAGE (IMAGE_ID, ACCOMODATION_ID, IMAGE_URL) VALUES (3430, 183, 'https://a0.muscache.com/im/pictures/b7cadffd-79fb-4e6a-9b22-20b3361055fe.jpg?im_w=720');
INSERT INTO IMAGE (IMAGE_ID, ACCOMODATION_ID, IMAGE_URL) VALUES (3431, 183, 'https://a0.muscache.com/im/pictures/410b8dd1-6430-4ae2-8fef-288f77fe7d8c.jpg?im_w=720');

INSERT INTO LOCATION (LOCATION_ID, LOCATION_NAME, COUNTRY, REGION, CITY, LATITUDE, LONGITUDE) VALUES (184, '지명184', ' 서울', ' Yeongdeungpo-gu', 'Dangsan 2(i)-dong', 37.53285, 126.90148);
INSERT INTO ACCOMODATION (`ACCOMODATION_ID`, `LOCATION_ID`, `ACCOMODATION_NAME`, `HOST_NAME`, `DISCRIPTION`, `ACCOMODATION_TYPE`, `PRICE`, `MAXIMUM_OCCUPANCY`, `AVERAGE_POINT`, `BED_ROOM`, `BATH_ROOM`, `BED_COUNT`,`OPTION`) VALUES (184, 184, '20.압도적 한강뷰 #당산역 1분 도보# 깔끔 힐링 #꽃길만 걷는 숙소#. 편한 지하주차#', '호스트184', '설명184', '집 전체', 186422, 2, 3.5, 0, 1,0, '주방,무선 인터넷,에어컨,헤어드라이어');
INSERT INTO IMAGE (IMAGE_ID, ACCOMODATION_ID, IMAGE_URL) VALUES (3432, 184, 'https://a0.muscache.com/im/pictures/7f20ff58-094b-4e6a-bd49-df8869f1d5f4.jpg?im_w=720');
INSERT INTO IMAGE (IMAGE_ID, ACCOMODATION_ID, IMAGE_URL) VALUES (3433, 184, 'https://a0.muscache.com/im/pictures/48311ecb-49f3-42f7-8d85-ba864f85c273.jpg?im_w=720');
INSERT INTO IMAGE (IMAGE_ID, ACCOMODATION_ID, IMAGE_URL) VALUES (3434, 184, 'https://a0.muscache.com/im/pictures/833e2e44-9157-454f-8453-dad0fcbb98ce.jpg?im_w=720');
INSERT INTO IMAGE (IMAGE_ID, ACCOMODATION_ID, IMAGE_URL) VALUES (3435, 184, 'https://a0.muscache.com/im/pictures/f8ea18c9-3a79-44d2-8fbd-2b1d636c4ed1.jpg?im_w=720');
INSERT INTO IMAGE (IMAGE_ID, ACCOMODATION_ID, IMAGE_URL) VALUES (3436, 184, 'https://a0.muscache.com/im/pictures/ad82a02c-3fbc-4957-a6a6-d4a3e64c11a6.jpg?im_w=720');
INSERT INTO IMAGE (IMAGE_ID, ACCOMODATION_ID, IMAGE_URL) VALUES (3437, 184, 'https://a0.muscache.com/im/pictures/d0bf1508-689a-4933-b5dd-69ad9ab20bae.jpg?im_w=720');
INSERT INTO IMAGE (IMAGE_ID, ACCOMODATION_ID, IMAGE_URL) VALUES (3438, 184, 'https://a0.muscache.com/im/pictures/e28897a0-2fa4-4de1-896c-e0411ca59778.jpg?im_w=720');
INSERT INTO IMAGE (IMAGE_ID, ACCOMODATION_ID, IMAGE_URL) VALUES (3439, 184, 'https://a0.muscache.com/im/pictures/73b0cec7-776f-40bd-91c2-f0b09fab2560.jpg?im_w=720');
INSERT INTO IMAGE (IMAGE_ID, ACCOMODATION_ID, IMAGE_URL) VALUES (3440, 184, 'https://a0.muscache.com/im/pictures/749c2c82-55e9-4309-bf8f-acf2f61c9065.jpg?im_w=720');
INSERT INTO IMAGE (IMAGE_ID, ACCOMODATION_ID, IMAGE_URL) VALUES (3441, 184, 'https://a0.muscache.com/im/pictures/5aaee428-f67e-4ca7-a26b-657bef2d69f7.jpg?im_w=720');
INSERT INTO IMAGE (IMAGE_ID, ACCOMODATION_ID, IMAGE_URL) VALUES (3442, 184, 'https://a0.muscache.com/im/pictures/e7ff5e45-95c7-4c16-beb2-c7b01199b0cd.jpg?im_w=720');
INSERT INTO IMAGE (IMAGE_ID, ACCOMODATION_ID, IMAGE_URL) VALUES (3443, 184, 'https://a0.muscache.com/im/pictures/917d8d59-b099-4980-aee9-79539930310d.jpg?im_w=720');
INSERT INTO IMAGE (IMAGE_ID, ACCOMODATION_ID, IMAGE_URL) VALUES (3444, 184, 'https://a0.muscache.com/im/pictures/c14b1a90-fcab-4e41-bbff-72fcec4aa3dc.jpg?im_w=720');
INSERT INTO IMAGE (IMAGE_ID, ACCOMODATION_ID, IMAGE_URL) VALUES (3445, 184, 'https://a0.muscache.com/im/pictures/afbdbc6b-d8d7-4a8a-8d51-28f7f8b668c2.jpg?im_w=720');
INSERT INTO IMAGE (IMAGE_ID, ACCOMODATION_ID, IMAGE_URL) VALUES (3446, 184, 'https://a0.muscache.com/im/pictures/63303f6c-7277-47c3-ac64-0b8bfbc3e47c.jpg?im_w=720');
INSERT INTO IMAGE (IMAGE_ID, ACCOMODATION_ID, IMAGE_URL) VALUES (3447, 184, 'https://a0.muscache.com/im/pictures/b00cf465-4889-442b-babb-fb5a4eade2fe.jpg?im_w=720');
INSERT INTO IMAGE (IMAGE_ID, ACCOMODATION_ID, IMAGE_URL) VALUES (3448, 184, 'https://a0.muscache.com/im/pictures/460a41c6-4f56-4393-ae37-8f908d199270.jpg?im_w=720');
INSERT INTO IMAGE (IMAGE_ID, ACCOMODATION_ID, IMAGE_URL) VALUES (3449, 184, 'https://a0.muscache.com/im/pictures/f862ce0f-5599-4eef-b63b-a02e131b2f6f.jpg?im_w=720');
INSERT INTO IMAGE (IMAGE_ID, ACCOMODATION_ID, IMAGE_URL) VALUES (3450, 184, 'https://a0.muscache.com/im/pictures/e9e06d7c-ba61-4e3b-bd6b-474d120bd9e2.jpg?im_w=720');
INSERT INTO IMAGE (IMAGE_ID, ACCOMODATION_ID, IMAGE_URL) VALUES (3451, 184, 'https://a0.muscache.com/im/pictures/bc6700a9-b589-40f8-8268-8578e16452f6.jpg?im_w=720');
INSERT INTO IMAGE (IMAGE_ID, ACCOMODATION_ID, IMAGE_URL) VALUES (3452, 184, 'https://a0.muscache.com/im/pictures/774f3058-5d25-44ad-8911-38a02a289a61.jpg?im_w=720');

INSERT INTO LOCATION (LOCATION_ID, LOCATION_NAME, COUNTRY, REGION, CITY, LATITUDE, LONGITUDE) VALUES (185, '지명185', ' 서울', ' Yeongdeungpo-gu', 'Yeongdeungpo-dong', 37.52715, 126.90714);
INSERT INTO ACCOMODATION (`ACCOMODATION_ID`, `LOCATION_ID`, `ACCOMODATION_NAME`, `HOST_NAME`, `DISCRIPTION`, `ACCOMODATION_TYPE`, `PRICE`, `MAXIMUM_OCCUPANCY`, `AVERAGE_POINT`, `BED_ROOM`, `BATH_ROOM`, `BED_COUNT`,`OPTION`) VALUES (185, 185, '나무, 구름, 하늘 [독채]', '호스트185', '설명185', '집 전체', 91493, 2, 3.2, 1, 1,1, '주방,무선 인터넷,에어컨,헤어드라이어');
INSERT INTO IMAGE (IMAGE_ID, ACCOMODATION_ID, IMAGE_URL) VALUES (3453, 185, 'https://a0.muscache.com/im/pictures/miso/Hosting-44627918/original/502b602e-b63b-425c-b521-79b532516aed.png?im_w=720');
INSERT INTO IMAGE (IMAGE_ID, ACCOMODATION_ID, IMAGE_URL) VALUES (3454, 185, 'https://a0.muscache.com/im/pictures/miso/Hosting-44627918/original/9a2ec2eb-8090-47ee-9b53-61c075f3e729.png?im_w=720');
INSERT INTO IMAGE (IMAGE_ID, ACCOMODATION_ID, IMAGE_URL) VALUES (3455, 185, 'https://a0.muscache.com/im/pictures/miso/Hosting-44627918/original/0a7bf89c-979d-43a5-b256-dcc6255a889d.png?im_w=720');
INSERT INTO IMAGE (IMAGE_ID, ACCOMODATION_ID, IMAGE_URL) VALUES (3456, 185, 'https://a0.muscache.com/im/pictures/miso/Hosting-44627918/original/282ca6ec-db46-4cb3-bdb6-3ede549cb182.jpeg?im_w=720');
INSERT INTO IMAGE (IMAGE_ID, ACCOMODATION_ID, IMAGE_URL) VALUES (3457, 185, 'https://a0.muscache.com/im/pictures/miso/Hosting-44627918/original/ebb95d3f-ba74-4cb6-81f7-ba5b6b27b417.png?im_w=720');
INSERT INTO IMAGE (IMAGE_ID, ACCOMODATION_ID, IMAGE_URL) VALUES (3458, 185, 'https://a0.muscache.com/im/pictures/miso/Hosting-44627918/original/8c00bf6b-38e9-486e-b8ef-d2c858f440e7.png?im_w=720');
INSERT INTO IMAGE (IMAGE_ID, ACCOMODATION_ID, IMAGE_URL) VALUES (3459, 185, 'https://a0.muscache.com/im/pictures/miso/Hosting-44627918/original/149f1445-cc1a-4e9b-ae1c-4e90fba2f9c2.png?im_w=720');
INSERT INTO IMAGE (IMAGE_ID, ACCOMODATION_ID, IMAGE_URL) VALUES (3460, 185, 'https://a0.muscache.com/im/pictures/miso/Hosting-44627918/original/208c036a-5c08-4a71-b3f9-e12c9b88c9d8.png?im_w=720');
INSERT INTO IMAGE (IMAGE_ID, ACCOMODATION_ID, IMAGE_URL) VALUES (3461, 185, 'https://a0.muscache.com/im/pictures/miso/Hosting-44627918/original/fdc71986-999b-4600-b4e9-c29b0fb325f0.png?im_w=720');
INSERT INTO IMAGE (IMAGE_ID, ACCOMODATION_ID, IMAGE_URL) VALUES (3462, 185, 'https://a0.muscache.com/im/pictures/miso/Hosting-44627918/original/73bd916a-2253-4e22-b814-11b0685be0e7.png?im_w=720');
INSERT INTO IMAGE (IMAGE_ID, ACCOMODATION_ID, IMAGE_URL) VALUES (3463, 185, 'https://a0.muscache.com/im/pictures/miso/Hosting-44627918/original/1598e357-48e7-4da3-8f68-04a9697cc18a.png?im_w=720');
INSERT INTO IMAGE (IMAGE_ID, ACCOMODATION_ID, IMAGE_URL) VALUES (3464, 185, 'https://a0.muscache.com/im/pictures/miso/Hosting-44627918/original/fd64da86-2fbd-4612-b91c-7b4a8a973812.png?im_w=720');
INSERT INTO IMAGE (IMAGE_ID, ACCOMODATION_ID, IMAGE_URL) VALUES (3465, 185, 'https://a0.muscache.com/im/pictures/miso/Hosting-44627918/original/581e6c1e-371a-42f0-b1a1-a0d07905ac16.png?im_w=720');
INSERT INTO IMAGE (IMAGE_ID, ACCOMODATION_ID, IMAGE_URL) VALUES (3466, 185, 'https://a0.muscache.com/im/pictures/miso/Hosting-44627918/original/9738496e-6e37-4305-9e69-eebf40af03d2.png?im_w=720');
INSERT INTO IMAGE (IMAGE_ID, ACCOMODATION_ID, IMAGE_URL) VALUES (3467, 185, 'https://a0.muscache.com/im/pictures/miso/Hosting-44627918/original/1a1db273-263f-4600-8a37-1235680de704.png?im_w=720');
INSERT INTO IMAGE (IMAGE_ID, ACCOMODATION_ID, IMAGE_URL) VALUES (3468, 185, 'https://a0.muscache.com/im/pictures/miso/Hosting-44627918/original/b9f80c78-78e6-469f-9503-f75b28c5b912.png?im_w=720');
INSERT INTO IMAGE (IMAGE_ID, ACCOMODATION_ID, IMAGE_URL) VALUES (3469, 185, 'https://a0.muscache.com/im/pictures/miso/Hosting-44627918/original/a014a4cc-75f1-49f8-88a0-df533a72bd85.png?im_w=720');
INSERT INTO IMAGE (IMAGE_ID, ACCOMODATION_ID, IMAGE_URL) VALUES (3470, 185, 'https://a0.muscache.com/im/pictures/miso/Hosting-44627918/original/86025f59-c636-41a0-a907-3f5456bc7376.png?im_w=720');
INSERT INTO IMAGE (IMAGE_ID, ACCOMODATION_ID, IMAGE_URL) VALUES (3471, 185, 'https://a0.muscache.com/im/pictures/miso/Hosting-44627918/original/cfaf78ee-7825-449c-aba1-7daf40fb1aa9.png?im_w=720');
INSERT INTO IMAGE (IMAGE_ID, ACCOMODATION_ID, IMAGE_URL) VALUES (3472, 185, 'https://a0.muscache.com/im/pictures/miso/Hosting-44627918/original/46eaa539-3fb2-40b0-8825-8298cf9fed0a.png?im_w=720');
INSERT INTO IMAGE (IMAGE_ID, ACCOMODATION_ID, IMAGE_URL) VALUES (3473, 185, 'https://a0.muscache.com/im/pictures/miso/Hosting-44627918/original/40572b1d-d938-4606-9fba-ea8b64a35753.png?im_w=720');
INSERT INTO IMAGE (IMAGE_ID, ACCOMODATION_ID, IMAGE_URL) VALUES (3474, 185, 'https://a0.muscache.com/im/pictures/miso/Hosting-44627918/original/5ec0d2a7-dded-4411-aa95-03f15c1016f3.png?im_w=720');
INSERT INTO IMAGE (IMAGE_ID, ACCOMODATION_ID, IMAGE_URL) VALUES (3475, 185, 'https://a0.muscache.com/im/pictures/miso/Hosting-44627918/original/369abbce-3c51-4e66-8aa8-ce1264bf020b.png?im_w=720');
INSERT INTO IMAGE (IMAGE_ID, ACCOMODATION_ID, IMAGE_URL) VALUES (3476, 185, 'https://a0.muscache.com/im/pictures/miso/Hosting-44627918/original/90a436f4-36ce-43c0-9244-c58b5a82ee42.png?im_w=720');
INSERT INTO IMAGE (IMAGE_ID, ACCOMODATION_ID, IMAGE_URL) VALUES (3477, 185, 'https://a0.muscache.com/im/pictures/miso/Hosting-44627918/original/9621939a-4cc4-4253-80c4-4392d86b2761.png?im_w=720');
INSERT INTO IMAGE (IMAGE_ID, ACCOMODATION_ID, IMAGE_URL) VALUES (3478, 185, 'https://a0.muscache.com/im/pictures/miso/Hosting-44627918/original/c31b4d14-e748-45b2-9ffc-423761f35b3a.png?im_w=720');
INSERT INTO IMAGE (IMAGE_ID, ACCOMODATION_ID, IMAGE_URL) VALUES (3479, 185, 'https://a0.muscache.com/im/pictures/miso/Hosting-44627918/original/ea154a93-8a80-42fe-b834-c6f35f437514.png?im_w=720');
INSERT INTO IMAGE (IMAGE_ID, ACCOMODATION_ID, IMAGE_URL) VALUES (3480, 185, 'https://a0.muscache.com/im/pictures/miso/Hosting-44627918/original/b98c58d8-43b7-4872-9244-81bd6b10354d.png?im_w=720');
INSERT INTO IMAGE (IMAGE_ID, ACCOMODATION_ID, IMAGE_URL) VALUES (3481, 185, 'https://a0.muscache.com/im/pictures/miso/Hosting-44627918/original/8b8d28bf-a04d-4fac-bf3b-dfb8f6d5e3c5.png?im_w=720');
INSERT INTO IMAGE (IMAGE_ID, ACCOMODATION_ID, IMAGE_URL) VALUES (3482, 185, 'https://a0.muscache.com/im/pictures/miso/Hosting-44627918/original/116c8299-a2ca-4a00-b084-73a72585532b.png?im_w=720');

INSERT INTO LOCATION (LOCATION_ID, LOCATION_NAME, COUNTRY, REGION, CITY, LATITUDE, LONGITUDE) VALUES (186, '지명186', ' 서울', ' Yeongdeungpo-gu', 'Yeongdeungpo-dong', 37.51801, 126.90519);
INSERT INTO ACCOMODATION (`ACCOMODATION_ID`, `LOCATION_ID`, `ACCOMODATION_NAME`, `HOST_NAME`, `DISCRIPTION`, `ACCOMODATION_TYPE`, `PRICE`, `MAXIMUM_OCCUPANCY`, `AVERAGE_POINT`, `BED_ROOM`, `BATH_ROOM`, `BED_COUNT`,`OPTION`) VALUES (186, 186, '1min Seoul Time Square 永登浦[时代广场]前 복층로망 영등포 타임스퀘어', '호스트186', '설명186', '집 전체', 79404, 3, 2.4, 1, 1,1, '주방,무선 인터넷,에어컨,헤어드라이어');
INSERT INTO IMAGE (IMAGE_ID, ACCOMODATION_ID, IMAGE_URL) VALUES (3483, 186, 'https://a0.muscache.com/im/pictures/50e516dd-1223-4016-8d99-a6ef19cbecab.jpg?im_w=720');
INSERT INTO IMAGE (IMAGE_ID, ACCOMODATION_ID, IMAGE_URL) VALUES (3484, 186, 'https://a0.muscache.com/im/pictures/04f644b4-2f98-4221-b70a-bf758ca9e01c.jpg?im_w=720');
INSERT INTO IMAGE (IMAGE_ID, ACCOMODATION_ID, IMAGE_URL) VALUES (3485, 186, 'https://a0.muscache.com/im/pictures/38a98257-7aab-469b-ad15-1cf6efa1021b.jpg?im_w=720');
INSERT INTO IMAGE (IMAGE_ID, ACCOMODATION_ID, IMAGE_URL) VALUES (3486, 186, 'https://a0.muscache.com/im/pictures/032c6aa1-56b8-4eab-b460-dbcdaaa5fb12.jpg?im_w=720');
INSERT INTO IMAGE (IMAGE_ID, ACCOMODATION_ID, IMAGE_URL) VALUES (3487, 186, 'https://a0.muscache.com/im/pictures/669e39ed-f683-461b-9e71-183475da33d0.jpg?im_w=720');
INSERT INTO IMAGE (IMAGE_ID, ACCOMODATION_ID, IMAGE_URL) VALUES (3488, 186, 'https://a0.muscache.com/im/pictures/2cc7bd92-36ef-4891-b21a-ccf57f072647.jpg?im_w=720');
INSERT INTO IMAGE (IMAGE_ID, ACCOMODATION_ID, IMAGE_URL) VALUES (3489, 186, 'https://a0.muscache.com/im/pictures/98de665d-74e4-4c2a-afc9-65b6777f9e17.jpg?im_w=720');
INSERT INTO IMAGE (IMAGE_ID, ACCOMODATION_ID, IMAGE_URL) VALUES (3490, 186, 'https://a0.muscache.com/im/pictures/fc844df8-f606-481f-9bf5-150d11eca823.jpg?im_w=720');
INSERT INTO IMAGE (IMAGE_ID, ACCOMODATION_ID, IMAGE_URL) VALUES (3491, 186, 'https://a0.muscache.com/im/pictures/274296f0-ea26-4940-a0f2-7a75f5120d88.jpg?im_w=720');
INSERT INTO IMAGE (IMAGE_ID, ACCOMODATION_ID, IMAGE_URL) VALUES (3492, 186, 'https://a0.muscache.com/im/pictures/48443625-96c3-472d-87d5-75ad598601f1.jpg?im_w=720');
INSERT INTO IMAGE (IMAGE_ID, ACCOMODATION_ID, IMAGE_URL) VALUES (3493, 186, 'https://a0.muscache.com/im/pictures/6ee07b6d-bc88-4634-ba36-eefdd2901a5c.jpg?im_w=720');
INSERT INTO IMAGE (IMAGE_ID, ACCOMODATION_ID, IMAGE_URL) VALUES (3494, 186, 'https://a0.muscache.com/im/pictures/87f065d8-da04-4285-9a35-135e8424bd90.jpg?im_w=720');
INSERT INTO IMAGE (IMAGE_ID, ACCOMODATION_ID, IMAGE_URL) VALUES (3495, 186, 'https://a0.muscache.com/im/pictures/76b82a66-d051-4bd0-a2c9-48517cd6577f.jpg?im_w=720');
INSERT INTO IMAGE (IMAGE_ID, ACCOMODATION_ID, IMAGE_URL) VALUES (3496, 186, 'https://a0.muscache.com/im/pictures/dfe257e0-8989-4f7a-bb4f-73ac4fcb488f.jpg?im_w=720');
INSERT INTO IMAGE (IMAGE_ID, ACCOMODATION_ID, IMAGE_URL) VALUES (3497, 186, 'https://a0.muscache.com/im/pictures/8fcbdab2-1d1d-48e8-a9e9-e5516793fe0e.jpg?im_w=720');
INSERT INTO IMAGE (IMAGE_ID, ACCOMODATION_ID, IMAGE_URL) VALUES (3498, 186, 'https://a0.muscache.com/im/pictures/e5dc8cc2-e4bc-4522-b0bb-191ba437e767.jpg?im_w=720');
INSERT INTO IMAGE (IMAGE_ID, ACCOMODATION_ID, IMAGE_URL) VALUES (3499, 186, 'https://a0.muscache.com/im/pictures/3098244f-184f-4462-8776-0854c20f50cf.jpg?im_w=720');
INSERT INTO IMAGE (IMAGE_ID, ACCOMODATION_ID, IMAGE_URL) VALUES (3500, 186, 'https://a0.muscache.com/im/pictures/44fbdbd7-8b27-4a79-82bd-4da60d307789.jpg?im_w=720');
INSERT INTO IMAGE (IMAGE_ID, ACCOMODATION_ID, IMAGE_URL) VALUES (3501, 186, 'https://a0.muscache.com/im/pictures/501e83cc-b88f-4b58-b908-92e5aabc540b.jpg?im_w=720');
INSERT INTO IMAGE (IMAGE_ID, ACCOMODATION_ID, IMAGE_URL) VALUES (3502, 186, 'https://a0.muscache.com/im/pictures/7fb0fe3d-8a40-465a-af76-ae54f9ebba8c.jpg?im_w=720');

INSERT INTO LOCATION (LOCATION_ID, LOCATION_NAME, COUNTRY, REGION, CITY, LATITUDE, LONGITUDE) VALUES (187, '지명187', ' 서울', ' Yeongdeungpo-gu', 'Dangsandong 6(yuk)-ga', 37.53675, 126.90198);
INSERT INTO ACCOMODATION (`ACCOMODATION_ID`, `LOCATION_ID`, `ACCOMODATION_NAME`, `HOST_NAME`, `DISCRIPTION`, `ACCOMODATION_TYPE`, `PRICE`, `MAXIMUM_OCCUPANCY`, `AVERAGE_POINT`, `BED_ROOM`, `BATH_ROOM`, `BED_COUNT`,`OPTION`) VALUES (187, 187, '[B] 당산역 5분거리, 1인용 개인실, 2명가능, 여성전용, #넓고 깨끗함', '호스트187', '설명187', '개인실', 165647, 2, 8.1, 1, 1,1, '주방,무선 인터넷,에어컨,헤어드라이어');
INSERT INTO IMAGE (IMAGE_ID, ACCOMODATION_ID, IMAGE_URL) VALUES (3503, 187, 'https://a0.muscache.com/im/pictures/e02bc75b-8460-4378-96f4-73a70ea59abb.jpg?im_w=720');
INSERT INTO IMAGE (IMAGE_ID, ACCOMODATION_ID, IMAGE_URL) VALUES (3504, 187, 'https://a0.muscache.com/im/pictures/b35d91b3-bf8e-44f5-94d6-cc21e8069135.jpg?im_w=720');
INSERT INTO IMAGE (IMAGE_ID, ACCOMODATION_ID, IMAGE_URL) VALUES (3505, 187, 'https://a0.muscache.com/im/pictures/03b9bc20-6995-402d-bc75-638e45ce20c4.jpg?im_w=720');
INSERT INTO IMAGE (IMAGE_ID, ACCOMODATION_ID, IMAGE_URL) VALUES (3506, 187, 'https://a0.muscache.com/im/pictures/aded268d-ea2c-4912-8ddd-0f9673c394db.jpg?im_w=720');
INSERT INTO IMAGE (IMAGE_ID, ACCOMODATION_ID, IMAGE_URL) VALUES (3507, 187, 'https://a0.muscache.com/im/pictures/e96d07d2-00a4-4486-aaaf-4cd19bb46f7a.jpg?im_w=720');
INSERT INTO IMAGE (IMAGE_ID, ACCOMODATION_ID, IMAGE_URL) VALUES (3508, 187, 'https://a0.muscache.com/im/pictures/4abb962e-8941-4c66-8de7-91be0990fc72.jpg?im_w=720');
INSERT INTO IMAGE (IMAGE_ID, ACCOMODATION_ID, IMAGE_URL) VALUES (3509, 187, 'https://a0.muscache.com/im/pictures/e2e99d85-7b57-44e5-8eeb-e71f65880fe7.jpg?im_w=720');
INSERT INTO IMAGE (IMAGE_ID, ACCOMODATION_ID, IMAGE_URL) VALUES (3510, 187, 'https://a0.muscache.com/im/pictures/022370e8-075b-4306-aee3-84ad534b8228.jpg?im_w=720');
INSERT INTO IMAGE (IMAGE_ID, ACCOMODATION_ID, IMAGE_URL) VALUES (3511, 187, 'https://a0.muscache.com/im/pictures/f223a284-31f9-4f65-bb52-660d69a8be4a.jpg?im_w=720');
INSERT INTO IMAGE (IMAGE_ID, ACCOMODATION_ID, IMAGE_URL) VALUES (3512, 187, 'https://a0.muscache.com/im/pictures/f8e0cc77-02ce-4c5a-a3ba-b3ac828c2bde.jpg?im_w=720');
INSERT INTO IMAGE (IMAGE_ID, ACCOMODATION_ID, IMAGE_URL) VALUES (3513, 187, 'https://a0.muscache.com/im/pictures/12e90c85-cfb6-4979-8ab3-5b42afdcac72.jpg?im_w=720');
INSERT INTO IMAGE (IMAGE_ID, ACCOMODATION_ID, IMAGE_URL) VALUES (3514, 187, 'https://a0.muscache.com/im/pictures/d9d0383b-0335-4e44-856e-03c45be19b5b.jpg?im_w=720');

INSERT INTO LOCATION (LOCATION_ID, LOCATION_NAME, COUNTRY, REGION, CITY, LATITUDE, LONGITUDE) VALUES (188, '지명188', ' 서울', ' Mapo-gu', 'Seogyo-dong', 37.55356, 126.91928);
INSERT INTO ACCOMODATION (`ACCOMODATION_ID`, `LOCATION_ID`, `ACCOMODATION_NAME`, `HOST_NAME`, `DISCRIPTION`, `ACCOMODATION_TYPE`, `PRICE`, `MAXIMUM_OCCUPANCY`, `AVERAGE_POINT`, `BED_ROOM`, `BATH_ROOM`, `BED_COUNT`,`OPTION`) VALUES (188, 188, '편안하고 안락한 서교동, 마포구 숙소', '호스트188', '설명188', '집 전체', 495052, 2, 2.2, 1, 1,1, '주방,무선 인터넷,에어컨,헤어드라이어');
INSERT INTO IMAGE (IMAGE_ID, ACCOMODATION_ID, IMAGE_URL) VALUES (3515, 188, 'https://a0.muscache.com/im/pictures/2f6ccfaa-b050-4a7f-875d-bc1c47d28967.jpg?im_w=720');
INSERT INTO IMAGE (IMAGE_ID, ACCOMODATION_ID, IMAGE_URL) VALUES (3516, 188, 'https://a0.muscache.com/im/pictures/3076532d-d768-4549-ae94-d5a3cc26bfe3.jpg?im_w=720');
INSERT INTO IMAGE (IMAGE_ID, ACCOMODATION_ID, IMAGE_URL) VALUES (3517, 188, 'https://a0.muscache.com/im/pictures/2ab4aa53-c38e-41ed-8d83-691f11de23e7.jpg?im_w=720');
INSERT INTO IMAGE (IMAGE_ID, ACCOMODATION_ID, IMAGE_URL) VALUES (3518, 188, 'https://a0.muscache.com/im/pictures/8cffef3c-286e-4265-87c3-04e6617c43de.jpg?im_w=720');
INSERT INTO IMAGE (IMAGE_ID, ACCOMODATION_ID, IMAGE_URL) VALUES (3519, 188, 'https://a0.muscache.com/im/pictures/504c6ff7-7441-4493-a00d-0aec416af2f7.jpg?im_w=720');
INSERT INTO IMAGE (IMAGE_ID, ACCOMODATION_ID, IMAGE_URL) VALUES (3520, 188, 'https://a0.muscache.com/im/pictures/ec799215-6fc1-474a-a545-27ea3bd9aa51.jpg?im_w=720');
INSERT INTO IMAGE (IMAGE_ID, ACCOMODATION_ID, IMAGE_URL) VALUES (3521, 188, 'https://a0.muscache.com/im/pictures/50da31eb-f510-4483-9bea-f4f66e796700.jpg?im_w=720');
INSERT INTO IMAGE (IMAGE_ID, ACCOMODATION_ID, IMAGE_URL) VALUES (3522, 188, 'https://a0.muscache.com/im/pictures/47a235bd-c816-4831-9535-69fef99ebd1b.jpg?im_w=720');

INSERT INTO LOCATION (LOCATION_ID, LOCATION_NAME, COUNTRY, REGION, CITY, LATITUDE, LONGITUDE) VALUES (189, '지명189', ' 서울', ' Seodaemun-gu', 'Sinchon-dong', 37.55663, 126.93277);
INSERT INTO ACCOMODATION (`ACCOMODATION_ID`, `LOCATION_ID`, `ACCOMODATION_NAME`, `HOST_NAME`, `DISCRIPTION`, `ACCOMODATION_TYPE`, `PRICE`, `MAXIMUM_OCCUPANCY`, `AVERAGE_POINT`, `BED_ROOM`, `BATH_ROOM`, `BED_COUNT`,`OPTION`) VALUES (189, 189, '"ONLY 자가격리숙소" 인스타감성 55인치TV 넷플릭스,왓챠,티빙 가능', '호스트189', '설명189', '집 전체', 88585, 1, 8.1, 1, 1,1, '주방,무선 인터넷,에어컨,헤어드라이어');
INSERT INTO IMAGE (IMAGE_ID, ACCOMODATION_ID, IMAGE_URL) VALUES (3523, 189, 'https://a0.muscache.com/im/pictures/ab663c4e-6ca1-4c4c-a14b-6b6cac11f29a.jpg?im_w=720');
INSERT INTO IMAGE (IMAGE_ID, ACCOMODATION_ID, IMAGE_URL) VALUES (3524, 189, 'https://a0.muscache.com/im/pictures/dd8d0c3a-f99f-4de6-9f00-c2f83e15f56c.jpg?im_w=720');
INSERT INTO IMAGE (IMAGE_ID, ACCOMODATION_ID, IMAGE_URL) VALUES (3525, 189, 'https://a0.muscache.com/im/pictures/0076987d-fef7-4bd6-9403-3ccbf3c8127b.jpg?im_w=720');
INSERT INTO IMAGE (IMAGE_ID, ACCOMODATION_ID, IMAGE_URL) VALUES (3526, 189, 'https://a0.muscache.com/im/pictures/45917d65-9f19-4311-9c2a-68598c86767f.jpg?im_w=720');
INSERT INTO IMAGE (IMAGE_ID, ACCOMODATION_ID, IMAGE_URL) VALUES (3527, 189, 'https://a0.muscache.com/im/pictures/4122db91-d7e2-408e-959c-8175b34fc819.jpg?im_w=720');
INSERT INTO IMAGE (IMAGE_ID, ACCOMODATION_ID, IMAGE_URL) VALUES (3528, 189, 'https://a0.muscache.com/im/pictures/deebaf23-45d8-4bcf-992c-790f25f70791.jpg?im_w=720');
INSERT INTO IMAGE (IMAGE_ID, ACCOMODATION_ID, IMAGE_URL) VALUES (3529, 189, 'https://a0.muscache.com/im/pictures/f7ef343c-51c7-44db-ae7f-9bee3d3dc9b2.jpg?im_w=720');
INSERT INTO IMAGE (IMAGE_ID, ACCOMODATION_ID, IMAGE_URL) VALUES (3530, 189, 'https://a0.muscache.com/im/pictures/07755ad4-ca50-46d9-b261-fe1e6502f7c2.jpg?im_w=720');
INSERT INTO IMAGE (IMAGE_ID, ACCOMODATION_ID, IMAGE_URL) VALUES (3531, 189, 'https://a0.muscache.com/im/pictures/4bdb7447-9955-4ec8-b017-700145f9982f.jpg?im_w=720');
INSERT INTO IMAGE (IMAGE_ID, ACCOMODATION_ID, IMAGE_URL) VALUES (3532, 189, 'https://a0.muscache.com/im/pictures/341e841c-aead-4cee-9fed-3989d1d0dfe3.jpg?im_w=720');
INSERT INTO IMAGE (IMAGE_ID, ACCOMODATION_ID, IMAGE_URL) VALUES (3533, 189, 'https://a0.muscache.com/im/pictures/5d3cb8b8-3786-45fe-9021-e4a9c703849f.jpg?im_w=720');
INSERT INTO IMAGE (IMAGE_ID, ACCOMODATION_ID, IMAGE_URL) VALUES (3534, 189, 'https://a0.muscache.com/im/pictures/7ceffd43-37af-4ea8-aa61-a66a2f490f5c.jpg?im_w=720');
INSERT INTO IMAGE (IMAGE_ID, ACCOMODATION_ID, IMAGE_URL) VALUES (3535, 189, 'https://a0.muscache.com/im/pictures/45e6c327-82e2-44d1-8b18-3f466eb6c257.jpg?im_w=720');
INSERT INTO IMAGE (IMAGE_ID, ACCOMODATION_ID, IMAGE_URL) VALUES (3536, 189, 'https://a0.muscache.com/im/pictures/80515eec-6c87-465c-97cd-20273a3dbab5.jpg?im_w=720');
INSERT INTO IMAGE (IMAGE_ID, ACCOMODATION_ID, IMAGE_URL) VALUES (3537, 189, 'https://a0.muscache.com/im/pictures/5c39ca7f-c753-4e2f-a5f7-c4a72abdbf3d.jpg?im_w=720');
INSERT INTO IMAGE (IMAGE_ID, ACCOMODATION_ID, IMAGE_URL) VALUES (3538, 189, 'https://a0.muscache.com/im/pictures/2cea3af4-cb2f-4479-a8cf-598d6c7fe1e4.jpg?im_w=720');

INSERT INTO LOCATION (LOCATION_ID, LOCATION_NAME, COUNTRY, REGION, CITY, LATITUDE, LONGITUDE) VALUES (190, '지명190', ' 한국', ' 서울', '영등포구', 37.51956, 126.904);
INSERT INTO ACCOMODATION (`ACCOMODATION_ID`, `LOCATION_ID`, `ACCOMODATION_NAME`, `HOST_NAME`, `DISCRIPTION`, `ACCOMODATION_TYPE`, `PRICE`, `MAXIMUM_OCCUPANCY`, `AVERAGE_POINT`, `BED_ROOM`, `BATH_ROOM`, `BED_COUNT`,`OPTION`) VALUES (190, 190, '[STAY H#1#]TimeSquareView!(NETFLIX)Near Station.복층', '호스트190', '설명190', '집 전체', 196484, 2, 7.4, 1, 1,1, '주방,무선 인터넷,에어컨,헤어드라이어');
INSERT INTO IMAGE (IMAGE_ID, ACCOMODATION_ID, IMAGE_URL) VALUES (3539, 190, 'https://a0.muscache.com/im/pictures/16a862f3-519b-45d1-ad1f-df169b309d5c.jpg?im_w=720');
INSERT INTO IMAGE (IMAGE_ID, ACCOMODATION_ID, IMAGE_URL) VALUES (3540, 190, 'https://a0.muscache.com/im/pictures/8f5f6a59-50d1-4891-8a01-a9a09a134f0f.jpg?im_w=720');
INSERT INTO IMAGE (IMAGE_ID, ACCOMODATION_ID, IMAGE_URL) VALUES (3541, 190, 'https://a0.muscache.com/im/pictures/e823fdb1-a97b-4ffc-b7e8-a6dc6375f3eb.jpg?im_w=720');
INSERT INTO IMAGE (IMAGE_ID, ACCOMODATION_ID, IMAGE_URL) VALUES (3542, 190, 'https://a0.muscache.com/im/pictures/3f450122-7a2e-4468-8b34-d042e3e9f93e.jpg?im_w=720');
INSERT INTO IMAGE (IMAGE_ID, ACCOMODATION_ID, IMAGE_URL) VALUES (3543, 190, 'https://a0.muscache.com/im/pictures/9cef5188-4543-444a-9f3b-b3c9a1357adc.jpg?im_w=720');
INSERT INTO IMAGE (IMAGE_ID, ACCOMODATION_ID, IMAGE_URL) VALUES (3544, 190, 'https://a0.muscache.com/im/pictures/543d7478-f169-48c0-8a33-fb7f8ffef7e5.jpg?im_w=720');
INSERT INTO IMAGE (IMAGE_ID, ACCOMODATION_ID, IMAGE_URL) VALUES (3545, 190, 'https://a0.muscache.com/im/pictures/8087b749-d2b7-4311-956e-e69d7a288d2e.jpg?im_w=720');
INSERT INTO IMAGE (IMAGE_ID, ACCOMODATION_ID, IMAGE_URL) VALUES (3546, 190, 'https://a0.muscache.com/im/pictures/0075752b-0a41-4bf1-8c14-ebf1fdd72a57.jpg?im_w=720');
INSERT INTO IMAGE (IMAGE_ID, ACCOMODATION_ID, IMAGE_URL) VALUES (3547, 190, 'https://a0.muscache.com/im/pictures/563801dc-9493-4fd8-96cd-e2ac229c90e2.jpg?im_w=720');
INSERT INTO IMAGE (IMAGE_ID, ACCOMODATION_ID, IMAGE_URL) VALUES (3548, 190, 'https://a0.muscache.com/im/pictures/c5edcf29-c6e5-4fcc-ae59-3df05d120f1f.jpg?im_w=720');
INSERT INTO IMAGE (IMAGE_ID, ACCOMODATION_ID, IMAGE_URL) VALUES (3549, 190, 'https://a0.muscache.com/im/pictures/198e58d3-6dec-48d4-aed1-cec128f45b92.jpg?im_w=720');
INSERT INTO IMAGE (IMAGE_ID, ACCOMODATION_ID, IMAGE_URL) VALUES (3550, 190, 'https://a0.muscache.com/im/pictures/a0f2a6e1-aaad-4867-a8c0-71e583399a74.jpg?im_w=720');
INSERT INTO IMAGE (IMAGE_ID, ACCOMODATION_ID, IMAGE_URL) VALUES (3551, 190, 'https://a0.muscache.com/im/pictures/a335e4cb-5770-415c-a33d-cba705c33a52.jpg?im_w=720');
INSERT INTO IMAGE (IMAGE_ID, ACCOMODATION_ID, IMAGE_URL) VALUES (3552, 190, 'https://a0.muscache.com/im/pictures/67f55f2e-2827-4a75-ae60-d114af483b6c.jpg?im_w=720');
INSERT INTO IMAGE (IMAGE_ID, ACCOMODATION_ID, IMAGE_URL) VALUES (3553, 190, 'https://a0.muscache.com/im/pictures/c33b58a4-4a85-47aa-ab2f-bcb0c1e23ec2.jpg?im_w=720');
INSERT INTO IMAGE (IMAGE_ID, ACCOMODATION_ID, IMAGE_URL) VALUES (3554, 190, 'https://a0.muscache.com/im/pictures/03bb36fe-8c1d-4455-ad0d-abfd14e1aa81.jpg?im_w=720');
INSERT INTO IMAGE (IMAGE_ID, ACCOMODATION_ID, IMAGE_URL) VALUES (3555, 190, 'https://a0.muscache.com/im/pictures/3c372aad-1dbd-4de2-b0ee-39f214d7392d.jpg?im_w=720');
INSERT INTO IMAGE (IMAGE_ID, ACCOMODATION_ID, IMAGE_URL) VALUES (3556, 190, 'https://a0.muscache.com/im/pictures/5c76d0c3-48b0-4e8c-b169-69a12e803e02.jpg?im_w=720');
INSERT INTO IMAGE (IMAGE_ID, ACCOMODATION_ID, IMAGE_URL) VALUES (3557, 190, 'https://a0.muscache.com/im/pictures/2e439b4e-3453-4d7a-ab52-199b568270ab.jpg?im_w=720');
INSERT INTO IMAGE (IMAGE_ID, ACCOMODATION_ID, IMAGE_URL) VALUES (3558, 190, 'https://a0.muscache.com/im/pictures/01d3a52c-bce2-4109-9d85-62801d1e4c80.jpg?im_w=720');
INSERT INTO IMAGE (IMAGE_ID, ACCOMODATION_ID, IMAGE_URL) VALUES (3559, 190, 'https://a0.muscache.com/im/pictures/43bb9147-96dd-4ef4-8a88-8167042ebf30.jpg?im_w=720');
INSERT INTO IMAGE (IMAGE_ID, ACCOMODATION_ID, IMAGE_URL) VALUES (3560, 190, 'https://a0.muscache.com/im/pictures/5df35edf-915a-454e-8253-4bba3b2771d6.jpg?im_w=720');
INSERT INTO IMAGE (IMAGE_ID, ACCOMODATION_ID, IMAGE_URL) VALUES (3561, 190, 'https://a0.muscache.com/im/pictures/76edf74b-ca86-498e-a0a3-8f094252ffcd.jpg?im_w=720');
INSERT INTO IMAGE (IMAGE_ID, ACCOMODATION_ID, IMAGE_URL) VALUES (3562, 190, 'https://a0.muscache.com/im/pictures/f82695e4-3e69-40d6-9308-8160baef6234.jpg?im_w=720');
INSERT INTO IMAGE (IMAGE_ID, ACCOMODATION_ID, IMAGE_URL) VALUES (3563, 190, 'https://a0.muscache.com/im/pictures/3666718f-d079-43e8-8988-b01c35dd0d43.jpg?im_w=720');
INSERT INTO IMAGE (IMAGE_ID, ACCOMODATION_ID, IMAGE_URL) VALUES (3564, 190, 'https://a0.muscache.com/im/pictures/6c3438a3-7eb4-4cd5-a9fe-662bcf481520.jpg?im_w=720');
INSERT INTO IMAGE (IMAGE_ID, ACCOMODATION_ID, IMAGE_URL) VALUES (3565, 190, 'https://a0.muscache.com/im/pictures/12d44fcc-b879-4483-a13d-0b440f9c18e8.jpg?im_w=720');
INSERT INTO IMAGE (IMAGE_ID, ACCOMODATION_ID, IMAGE_URL) VALUES (3566, 190, 'https://a0.muscache.com/im/pictures/1017262d-7e64-412a-9f24-103cc2c9bca9.jpg?im_w=720');
INSERT INTO IMAGE (IMAGE_ID, ACCOMODATION_ID, IMAGE_URL) VALUES (3567, 190, 'https://a0.muscache.com/im/pictures/814c29a7-e5ad-4e0e-a6e9-89e906b1a858.jpg?im_w=720');
INSERT INTO IMAGE (IMAGE_ID, ACCOMODATION_ID, IMAGE_URL) VALUES (3568, 190, 'https://a0.muscache.com/im/pictures/a381874e-540d-442b-98c3-62e35680a279.jpg?im_w=720');

INSERT INTO LOCATION (LOCATION_ID, LOCATION_NAME, COUNTRY, REGION, CITY, LATITUDE, LONGITUDE) VALUES (191, '지명191', ' 서울', ' Yeongdeungpo-gu', 'Dangsan 2(i)-dong', 37.53325, 126.90083);
INSERT INTO ACCOMODATION (`ACCOMODATION_ID`, `LOCATION_ID`, `ACCOMODATION_NAME`, `HOST_NAME`, `DISCRIPTION`, `ACCOMODATION_TYPE`, `PRICE`, `MAXIMUM_OCCUPANCY`, `AVERAGE_POINT`, `BED_ROOM`, `BATH_ROOM`, `BED_COUNT`,`OPTION`) VALUES (191, 191, '[당산역 1분, 한강 3분] 빔프로젝터, 커피머신, 힐링모먼트', '호스트191', '설명191', '집 전체', 107133, 2, 4.4, 1, 1,1, '주방,무선 인터넷,에어컨,헤어드라이어');
INSERT INTO IMAGE (IMAGE_ID, ACCOMODATION_ID, IMAGE_URL) VALUES (3569, 191, 'https://a0.muscache.com/im/pictures/b78fd314-a142-4f18-ab84-aa8555582515.jpg?im_w=720');
INSERT INTO IMAGE (IMAGE_ID, ACCOMODATION_ID, IMAGE_URL) VALUES (3570, 191, 'https://a0.muscache.com/im/pictures/4e06787d-ea01-414a-9abd-43160ff62da1.jpg?im_w=720');
INSERT INTO IMAGE (IMAGE_ID, ACCOMODATION_ID, IMAGE_URL) VALUES (3571, 191, 'https://a0.muscache.com/im/pictures/c619e96d-f455-445f-877c-a43d96ffad20.jpg?im_w=720');
INSERT INTO IMAGE (IMAGE_ID, ACCOMODATION_ID, IMAGE_URL) VALUES (3572, 191, 'https://a0.muscache.com/im/pictures/68e54279-b1f1-4745-b145-46a771bfb396.jpg?im_w=720');
INSERT INTO IMAGE (IMAGE_ID, ACCOMODATION_ID, IMAGE_URL) VALUES (3573, 191, 'https://a0.muscache.com/im/pictures/0d673c1b-60b6-4190-ae6e-8ed572ad226b.jpg?im_w=720');
INSERT INTO IMAGE (IMAGE_ID, ACCOMODATION_ID, IMAGE_URL) VALUES (3574, 191, 'https://a0.muscache.com/im/pictures/9633d955-cc2c-4856-81cf-1579a8982863.jpg?im_w=720');
INSERT INTO IMAGE (IMAGE_ID, ACCOMODATION_ID, IMAGE_URL) VALUES (3575, 191, 'https://a0.muscache.com/im/pictures/5a7cebb6-c911-4e39-bd95-435cb03ac81c.jpg?im_w=720');
INSERT INTO IMAGE (IMAGE_ID, ACCOMODATION_ID, IMAGE_URL) VALUES (3576, 191, 'https://a0.muscache.com/im/pictures/34e4daa2-3868-42cc-bb8d-62c4975304f6.jpg?im_w=720');
INSERT INTO IMAGE (IMAGE_ID, ACCOMODATION_ID, IMAGE_URL) VALUES (3577, 191, 'https://a0.muscache.com/im/pictures/4102acbf-9c05-47fa-b610-e42af59e9035.jpg?im_w=720');
INSERT INTO IMAGE (IMAGE_ID, ACCOMODATION_ID, IMAGE_URL) VALUES (3578, 191, 'https://a0.muscache.com/im/pictures/dc621941-4eec-4d90-b3b9-a1a714174c39.jpg?im_w=720');
INSERT INTO IMAGE (IMAGE_ID, ACCOMODATION_ID, IMAGE_URL) VALUES (3579, 191, 'https://a0.muscache.com/im/pictures/9692a796-12d6-4dc2-a13b-a0531181a648.jpg?im_w=720');
INSERT INTO IMAGE (IMAGE_ID, ACCOMODATION_ID, IMAGE_URL) VALUES (3580, 191, 'https://a0.muscache.com/im/pictures/c06b5b66-fc5d-408e-9424-65579192d369.jpg?im_w=720');
INSERT INTO IMAGE (IMAGE_ID, ACCOMODATION_ID, IMAGE_URL) VALUES (3581, 191, 'https://a0.muscache.com/im/pictures/e3209f8d-d06f-45fd-a611-ab8453f0a297.jpg?im_w=720');
INSERT INTO IMAGE (IMAGE_ID, ACCOMODATION_ID, IMAGE_URL) VALUES (3582, 191, 'https://a0.muscache.com/im/pictures/b53d3ee7-4be5-4006-a5fe-b65d2d48e906.jpg?im_w=720');
INSERT INTO IMAGE (IMAGE_ID, ACCOMODATION_ID, IMAGE_URL) VALUES (3583, 191, 'https://a0.muscache.com/im/pictures/b10b6426-c576-4685-899b-013cc9f6e5ad.jpg?im_w=720');

INSERT INTO LOCATION (LOCATION_ID, LOCATION_NAME, COUNTRY, REGION, CITY, LATITUDE, LONGITUDE) VALUES (192, '지명192', ' 서울', ' Seodaemun-gu', 'Yeonhui-dong', 37.56174871445267, 126.92863661531081);
INSERT INTO ACCOMODATION (`ACCOMODATION_ID`, `LOCATION_ID`, `ACCOMODATION_NAME`, `HOST_NAME`, `DISCRIPTION`, `ACCOMODATION_TYPE`, `PRICE`, `MAXIMUM_OCCUPANCY`, `AVERAGE_POINT`, `BED_ROOM`, `BATH_ROOM`, `BED_COUNT`,`OPTION`) VALUES (192, 192, '한달, 단기, 하루 살기 연세대 세브란스 홍대 신촌 연희동 연남동', '호스트192', '설명192', '집 전체', 447380, 2, 2.8, 0, 1,0, '주방,에어컨,헤어드라이어');
INSERT INTO IMAGE (IMAGE_ID, ACCOMODATION_ID, IMAGE_URL) VALUES (3584, 192, 'https://a0.muscache.com/im/pictures/33edb9f4-a413-43d1-919e-7d71d5eff827.jpg?im_w=720');
INSERT INTO IMAGE (IMAGE_ID, ACCOMODATION_ID, IMAGE_URL) VALUES (3585, 192, 'https://a0.muscache.com/im/pictures/8b4df203-f73a-418b-b32c-565f3e6277a2.jpg?im_w=720');
INSERT INTO IMAGE (IMAGE_ID, ACCOMODATION_ID, IMAGE_URL) VALUES (3586, 192, 'https://a0.muscache.com/im/pictures/b7b5fb30-5916-4310-9aba-8991d35cce91.jpg?im_w=720');

INSERT INTO LOCATION (LOCATION_ID, LOCATION_NAME, COUNTRY, REGION, CITY, LATITUDE, LONGITUDE) VALUES (193, '지명193', ' 한국', ' 서울', 'SEOUL', 37.51772, 126.90266);
INSERT INTO ACCOMODATION (`ACCOMODATION_ID`, `LOCATION_ID`, `ACCOMODATION_NAME`, `HOST_NAME`, `DISCRIPTION`, `ACCOMODATION_TYPE`, `PRICE`, `MAXIMUM_OCCUPANCY`, `AVERAGE_POINT`, `BED_ROOM`, `BATH_ROOM`, `BED_COUNT`,`OPTION`) VALUES (193, 193, '1#좋은복층 코로나 걱정마세요 영등포역,타임스퀘어 COVID-19 Dont worry', '호스트193', '설명193', '집 전체', 361431, 3, 1.4, 1, 1,1, '주방,무선 인터넷,에어컨,헤어드라이어');
INSERT INTO IMAGE (IMAGE_ID, ACCOMODATION_ID, IMAGE_URL) VALUES (3587, 193, 'https://a0.muscache.com/im/pictures/997c0f67-6aa9-4a8c-90a5-f7da561db884.jpg?im_w=720');
INSERT INTO IMAGE (IMAGE_ID, ACCOMODATION_ID, IMAGE_URL) VALUES (3588, 193, 'https://a0.muscache.com/im/pictures/33ef8941-a2c8-41ab-a2b5-0d7046a2589e.jpg?im_w=720');
INSERT INTO IMAGE (IMAGE_ID, ACCOMODATION_ID, IMAGE_URL) VALUES (3589, 193, 'https://a0.muscache.com/im/pictures/b65deba8-9d4d-487d-9264-345710bb08c5.jpg?im_w=720');
INSERT INTO IMAGE (IMAGE_ID, ACCOMODATION_ID, IMAGE_URL) VALUES (3590, 193, 'https://a0.muscache.com/im/pictures/c79391a0-a09d-432b-88e8-61b0afa9d0cf.jpg?im_w=720');
INSERT INTO IMAGE (IMAGE_ID, ACCOMODATION_ID, IMAGE_URL) VALUES (3591, 193, 'https://a0.muscache.com/im/pictures/e1894c35-bd35-4169-9945-b2016b39f828.jpg?im_w=720');
INSERT INTO IMAGE (IMAGE_ID, ACCOMODATION_ID, IMAGE_URL) VALUES (3592, 193, 'https://a0.muscache.com/im/pictures/025a6cec-d6df-42b1-ad77-3b5a3630d815.jpg?im_w=720');
INSERT INTO IMAGE (IMAGE_ID, ACCOMODATION_ID, IMAGE_URL) VALUES (3593, 193, 'https://a0.muscache.com/im/pictures/8dfb92fd-e65f-4fe5-899b-1acf7a2dd0f7.jpg?im_w=720');
INSERT INTO IMAGE (IMAGE_ID, ACCOMODATION_ID, IMAGE_URL) VALUES (3594, 193, 'https://a0.muscache.com/im/pictures/cfc648a0-6d80-45e5-a292-9304956d8dd3.jpg?im_w=720');
INSERT INTO IMAGE (IMAGE_ID, ACCOMODATION_ID, IMAGE_URL) VALUES (3595, 193, 'https://a0.muscache.com/im/pictures/e445e911-131a-4e95-be0e-f12edcb4184c.jpg?im_w=720');
INSERT INTO IMAGE (IMAGE_ID, ACCOMODATION_ID, IMAGE_URL) VALUES (3596, 193, 'https://a0.muscache.com/im/pictures/e986ee35-4877-44f8-814c-fea1c737ba1a.jpg?im_w=720');
INSERT INTO IMAGE (IMAGE_ID, ACCOMODATION_ID, IMAGE_URL) VALUES (3597, 193, 'https://a0.muscache.com/im/pictures/891594a1-a3f8-48fd-a66d-f33d9d1bf827.jpg?im_w=720');
INSERT INTO IMAGE (IMAGE_ID, ACCOMODATION_ID, IMAGE_URL) VALUES (3598, 193, 'https://a0.muscache.com/im/pictures/eb8e9902-1e93-40c4-ba2f-0035265630bb.jpg?im_w=720');
INSERT INTO IMAGE (IMAGE_ID, ACCOMODATION_ID, IMAGE_URL) VALUES (3599, 193, 'https://a0.muscache.com/im/pictures/e3bcb031-af55-4910-a46a-5d435d79da10.jpg?im_w=720');
INSERT INTO IMAGE (IMAGE_ID, ACCOMODATION_ID, IMAGE_URL) VALUES (3600, 193, 'https://a0.muscache.com/im/pictures/69b2584a-8397-4e51-ab28-36ae74a3e40f.jpg?im_w=720');
INSERT INTO IMAGE (IMAGE_ID, ACCOMODATION_ID, IMAGE_URL) VALUES (3601, 193, 'https://a0.muscache.com/im/pictures/6eeebc63-ba0e-43b4-a39e-0af9f3f4643f.jpg?im_w=720');
INSERT INTO IMAGE (IMAGE_ID, ACCOMODATION_ID, IMAGE_URL) VALUES (3602, 193, 'https://a0.muscache.com/im/pictures/52610340-b7b0-4b5b-9fff-a14eee02e65f.jpg?im_w=720');
INSERT INTO IMAGE (IMAGE_ID, ACCOMODATION_ID, IMAGE_URL) VALUES (3603, 193, 'https://a0.muscache.com/im/pictures/9033bd77-0452-4ceb-8b85-288bc3ffce24.jpg?im_w=720');
INSERT INTO IMAGE (IMAGE_ID, ACCOMODATION_ID, IMAGE_URL) VALUES (3604, 193, 'https://a0.muscache.com/im/pictures/615935e1-2a7e-4833-babb-3a90ddfa129c.jpg?im_w=720');
INSERT INTO IMAGE (IMAGE_ID, ACCOMODATION_ID, IMAGE_URL) VALUES (3605, 193, 'https://a0.muscache.com/im/pictures/2ae10b25-ee99-4cde-b5c8-87598ce14395.jpg?im_w=720');
INSERT INTO IMAGE (IMAGE_ID, ACCOMODATION_ID, IMAGE_URL) VALUES (3606, 193, 'https://a0.muscache.com/im/pictures/729b670e-faa6-44f8-933c-12aca8a0d5e4.jpg?im_w=720');
INSERT INTO IMAGE (IMAGE_ID, ACCOMODATION_ID, IMAGE_URL) VALUES (3607, 193, 'https://a0.muscache.com/im/pictures/f360932e-f708-41a9-af7b-5c97bf2c6c9c.jpg?im_w=720');
INSERT INTO IMAGE (IMAGE_ID, ACCOMODATION_ID, IMAGE_URL) VALUES (3608, 193, 'https://a0.muscache.com/im/pictures/cdcfeb95-34db-400f-8d8d-9849023c5cea.jpg?im_w=720');
INSERT INTO IMAGE (IMAGE_ID, ACCOMODATION_ID, IMAGE_URL) VALUES (3609, 193, 'https://a0.muscache.com/im/pictures/dab493dc-c1b5-41a3-ab23-073a6830ab94.jpg?im_w=720');
INSERT INTO IMAGE (IMAGE_ID, ACCOMODATION_ID, IMAGE_URL) VALUES (3610, 193, 'https://a0.muscache.com/im/pictures/c43fdce6-3f67-4141-8c88-f4f31b85fd79.jpg?im_w=720');
INSERT INTO IMAGE (IMAGE_ID, ACCOMODATION_ID, IMAGE_URL) VALUES (3611, 193, 'https://a0.muscache.com/im/pictures/e17e4c5b-1919-4311-ba18-39d8a39b2aee.jpg?im_w=720');
INSERT INTO IMAGE (IMAGE_ID, ACCOMODATION_ID, IMAGE_URL) VALUES (3612, 193, 'https://a0.muscache.com/im/pictures/59249e64-3348-4717-a0ea-6a6fb7b764c6.jpg?im_w=720');
INSERT INTO IMAGE (IMAGE_ID, ACCOMODATION_ID, IMAGE_URL) VALUES (3613, 193, 'https://a0.muscache.com/im/pictures/80ee0bc3-6680-4cff-b84c-25dd10034a7e.jpg?im_w=720');
INSERT INTO IMAGE (IMAGE_ID, ACCOMODATION_ID, IMAGE_URL) VALUES (3614, 193, 'https://a0.muscache.com/im/pictures/9151afb3-ff55-4167-9764-a6683ece3360.jpg?im_w=720');
INSERT INTO IMAGE (IMAGE_ID, ACCOMODATION_ID, IMAGE_URL) VALUES (3615, 193, 'https://a0.muscache.com/im/pictures/4cdcb55f-4c16-42b8-b76f-4a471e92a3c0.jpg?im_w=720');
INSERT INTO IMAGE (IMAGE_ID, ACCOMODATION_ID, IMAGE_URL) VALUES (3616, 193, 'https://a0.muscache.com/im/pictures/6279897a-da73-4972-966c-220d7522b455.jpg?im_w=720');

INSERT INTO LOCATION (LOCATION_ID, LOCATION_NAME, COUNTRY, REGION, CITY, LATITUDE, LONGITUDE) VALUES (194, '지명194', ' 서울', ' Yeongdeungpo-gu', 'Dangsan 1(il)-dong', 37.52154, 126.89345);
INSERT INTO ACCOMODATION (`ACCOMODATION_ID`, `LOCATION_ID`, `ACCOMODATION_NAME`, `HOST_NAME`, `DISCRIPTION`, `ACCOMODATION_TYPE`, `PRICE`, `MAXIMUM_OCCUPANCY`, `AVERAGE_POINT`, `BED_ROOM`, `BATH_ROOM`, `BED_COUNT`,`OPTION`) VALUES (194, 194, '[할인중] 아폴로 게스트하우스 싱글룸', '호스트194', '설명194', '개인실', 236870, 1, 6.4, 1, 1,1, '주방,무선 인터넷,에어컨,헤어드라이어');
INSERT INTO IMAGE (IMAGE_ID, ACCOMODATION_ID, IMAGE_URL) VALUES (3617, 194, 'https://a0.muscache.com/im/pictures/8bd7df8a-c3d5-4bbb-8fc0-edc55ef67807.jpg?im_w=720');
INSERT INTO IMAGE (IMAGE_ID, ACCOMODATION_ID, IMAGE_URL) VALUES (3618, 194, 'https://a0.muscache.com/im/pictures/ebc2e69c-eb1b-4931-a50b-fbe70771e82f.jpg?im_w=720');
INSERT INTO IMAGE (IMAGE_ID, ACCOMODATION_ID, IMAGE_URL) VALUES (3619, 194, 'https://a0.muscache.com/im/pictures/ea45b5e9-76be-4e90-b778-bff08188471d.jpg?im_w=720');
INSERT INTO IMAGE (IMAGE_ID, ACCOMODATION_ID, IMAGE_URL) VALUES (3620, 194, 'https://a0.muscache.com/im/pictures/c582040b-a986-4783-8d34-1e3fec8f55fb.jpg?im_w=720');
INSERT INTO IMAGE (IMAGE_ID, ACCOMODATION_ID, IMAGE_URL) VALUES (3621, 194, 'https://a0.muscache.com/im/pictures/0987af07-1558-4cdc-9365-6f738eae3ab2.jpg?im_w=720');
INSERT INTO IMAGE (IMAGE_ID, ACCOMODATION_ID, IMAGE_URL) VALUES (3622, 194, 'https://a0.muscache.com/im/pictures/9ed1889f-b2d0-4c2a-b8c8-806651f31d82.jpg?im_w=720');
INSERT INTO IMAGE (IMAGE_ID, ACCOMODATION_ID, IMAGE_URL) VALUES (3623, 194, 'https://a0.muscache.com/im/pictures/f47b7d90-2903-4c92-87e8-8eea73b3aac5.jpg?im_w=720');
INSERT INTO IMAGE (IMAGE_ID, ACCOMODATION_ID, IMAGE_URL) VALUES (3624, 194, 'https://a0.muscache.com/im/pictures/b3180bfd-aa96-49a4-b86c-8166fac86873.jpg?im_w=720');
INSERT INTO IMAGE (IMAGE_ID, ACCOMODATION_ID, IMAGE_URL) VALUES (3625, 194, 'https://a0.muscache.com/im/pictures/ff1559f4-23af-4ed1-877c-fb7a3dd012ce.jpg?im_w=720');
INSERT INTO IMAGE (IMAGE_ID, ACCOMODATION_ID, IMAGE_URL) VALUES (3626, 194, 'https://a0.muscache.com/im/pictures/ade2ddb5-2308-4fa7-83e0-9226a75f8feb.jpg?im_w=720');
INSERT INTO IMAGE (IMAGE_ID, ACCOMODATION_ID, IMAGE_URL) VALUES (3627, 194, 'https://a0.muscache.com/im/pictures/f6b62a09-5aef-45df-9764-ac8c5d84ac1e.jpg?im_w=720');
INSERT INTO IMAGE (IMAGE_ID, ACCOMODATION_ID, IMAGE_URL) VALUES (3628, 194, 'https://a0.muscache.com/im/pictures/41edeebe-bad9-4c1c-b824-3946e2f5544b.jpg?im_w=720');
INSERT INTO IMAGE (IMAGE_ID, ACCOMODATION_ID, IMAGE_URL) VALUES (3629, 194, 'https://a0.muscache.com/im/pictures/5b9f2665-7a76-4f31-b817-cfddfa3fd7d3.jpg?im_w=720');
INSERT INTO IMAGE (IMAGE_ID, ACCOMODATION_ID, IMAGE_URL) VALUES (3630, 194, 'https://a0.muscache.com/im/pictures/2a6bd566-99d6-4e82-b8a1-2c41ae853b09.jpg?im_w=720');
INSERT INTO IMAGE (IMAGE_ID, ACCOMODATION_ID, IMAGE_URL) VALUES (3631, 194, 'https://a0.muscache.com/im/pictures/fd339fa5-6eb5-4de3-afa8-06efa799a94a.jpg?im_w=720');
INSERT INTO IMAGE (IMAGE_ID, ACCOMODATION_ID, IMAGE_URL) VALUES (3632, 194, 'https://a0.muscache.com/im/pictures/8d091ee6-e316-4a4b-8081-2ce869987534.jpg?im_w=720');
INSERT INTO IMAGE (IMAGE_ID, ACCOMODATION_ID, IMAGE_URL) VALUES (3633, 194, 'https://a0.muscache.com/im/pictures/15695b77-6327-4ea5-8504-ba738cdaef22.jpg?im_w=720');
INSERT INTO IMAGE (IMAGE_ID, ACCOMODATION_ID, IMAGE_URL) VALUES (3634, 194, 'https://a0.muscache.com/im/pictures/453c17be-b950-42b0-accb-5fb0b650a8ab.jpg?im_w=720');
INSERT INTO IMAGE (IMAGE_ID, ACCOMODATION_ID, IMAGE_URL) VALUES (3635, 194, 'https://a0.muscache.com/im/pictures/1f370540-83b5-403b-a69b-0b8e983737bf.jpg?im_w=720');
INSERT INTO IMAGE (IMAGE_ID, ACCOMODATION_ID, IMAGE_URL) VALUES (3636, 194, 'https://a0.muscache.com/im/pictures/569511f3-2deb-45e4-b120-2ce93f0252dc.jpg?im_w=720');
INSERT INTO IMAGE (IMAGE_ID, ACCOMODATION_ID, IMAGE_URL) VALUES (3637, 194, 'https://a0.muscache.com/im/pictures/b3e2b3c8-e77d-42c5-a8d2-7ec470f423a1.jpg?im_w=720');
INSERT INTO IMAGE (IMAGE_ID, ACCOMODATION_ID, IMAGE_URL) VALUES (3638, 194, 'https://a0.muscache.com/im/pictures/4dd5f1ee-c22a-48d0-8582-170a5b7c041e.jpg?im_w=720');
INSERT INTO IMAGE (IMAGE_ID, ACCOMODATION_ID, IMAGE_URL) VALUES (3639, 194, 'https://a0.muscache.com/im/pictures/b9edf4a0-6efd-4408-9716-5b91fc4b5ffb.jpg?im_w=720');
INSERT INTO IMAGE (IMAGE_ID, ACCOMODATION_ID, IMAGE_URL) VALUES (3640, 194, 'https://a0.muscache.com/im/pictures/5656998c-52c3-4afb-8f01-64167b39bfa1.jpg?im_w=720');

INSERT INTO LOCATION (LOCATION_ID, LOCATION_NAME, COUNTRY, REGION, CITY, LATITUDE, LONGITUDE) VALUES (195, '지명195', ' 한국', ' 서울', '영등포구', 37.51734, 126.90226);
INSERT INTO ACCOMODATION (`ACCOMODATION_ID`, `LOCATION_ID`, `ACCOMODATION_NAME`, `HOST_NAME`, `DISCRIPTION`, `ACCOMODATION_TYPE`, `PRICE`, `MAXIMUM_OCCUPANCY`, `AVERAGE_POINT`, `BED_ROOM`, `BATH_ROOM`, `BED_COUNT`,`OPTION`) VALUES (195, 195, '#5 [빔프로젝터♡netflix 시청 가능]Bar table/에어프라이어복층 타임스퀘어뷰', '호스트195', '설명195', '집 전체', 388687, 3, 0.4, 1, 1,1, '주방,무선 인터넷,에어컨,헤어드라이어');
INSERT INTO IMAGE (IMAGE_ID, ACCOMODATION_ID, IMAGE_URL) VALUES (3641, 195, 'https://a0.muscache.com/im/pictures/bfdeb9fb-b497-4c17-bfcb-6edb29427cfd.jpg?im_w=720');
INSERT INTO IMAGE (IMAGE_ID, ACCOMODATION_ID, IMAGE_URL) VALUES (3642, 195, 'https://a0.muscache.com/im/pictures/miso/Hosting-49206909/original/ff5612c4-6930-4b83-807c-d1f9c4c978e9.png?im_w=720');
INSERT INTO IMAGE (IMAGE_ID, ACCOMODATION_ID, IMAGE_URL) VALUES (3643, 195, 'https://a0.muscache.com/im/pictures/miso/Hosting-49206909/original/0b99ed8a-5100-4991-8647-dc478796399c.png?im_w=720');
INSERT INTO IMAGE (IMAGE_ID, ACCOMODATION_ID, IMAGE_URL) VALUES (3644, 195, 'https://a0.muscache.com/im/pictures/miso/Hosting-49206909/original/7291a345-8ea0-4549-bc41-df2ad8fe1b17.png?im_w=720');
INSERT INTO IMAGE (IMAGE_ID, ACCOMODATION_ID, IMAGE_URL) VALUES (3645, 195, 'https://a0.muscache.com/im/pictures/miso/Hosting-49206909/original/a3f1e1fa-3dfa-450a-9881-f0266d8f4330.png?im_w=720');
INSERT INTO IMAGE (IMAGE_ID, ACCOMODATION_ID, IMAGE_URL) VALUES (3646, 195, 'https://a0.muscache.com/im/pictures/miso/Hosting-49206909/original/baa8b236-e8e4-4590-8b31-3359eec9040a.png?im_w=720');
INSERT INTO IMAGE (IMAGE_ID, ACCOMODATION_ID, IMAGE_URL) VALUES (3647, 195, 'https://a0.muscache.com/im/pictures/miso/Hosting-49206909/original/c35fc351-e5ed-4005-a981-5c4aa542f40d.png?im_w=720');
INSERT INTO IMAGE (IMAGE_ID, ACCOMODATION_ID, IMAGE_URL) VALUES (3648, 195, 'https://a0.muscache.com/im/pictures/miso/Hosting-49206909/original/e6fd2cdd-8f77-4c81-a2c5-9010a052902c.png?im_w=720');
INSERT INTO IMAGE (IMAGE_ID, ACCOMODATION_ID, IMAGE_URL) VALUES (3649, 195, 'https://a0.muscache.com/im/pictures/miso/Hosting-49206909/original/d56240f8-bad3-4877-b0fa-f90b3ea69430.png?im_w=720');
INSERT INTO IMAGE (IMAGE_ID, ACCOMODATION_ID, IMAGE_URL) VALUES (3650, 195, 'https://a0.muscache.com/im/pictures/miso/Hosting-49206909/original/5c363511-c544-4646-abd2-e54c10df120f.png?im_w=720');
INSERT INTO IMAGE (IMAGE_ID, ACCOMODATION_ID, IMAGE_URL) VALUES (3651, 195, 'https://a0.muscache.com/im/pictures/miso/Hosting-49206909/original/317086df-d4ac-4afb-b12c-276cee9e1ec0.png?im_w=720');
INSERT INTO IMAGE (IMAGE_ID, ACCOMODATION_ID, IMAGE_URL) VALUES (3652, 195, 'https://a0.muscache.com/im/pictures/miso/Hosting-49206909/original/64977ad2-9421-4c37-aa75-94a1317d27d8.png?im_w=720');
INSERT INTO IMAGE (IMAGE_ID, ACCOMODATION_ID, IMAGE_URL) VALUES (3653, 195, 'https://a0.muscache.com/im/pictures/miso/Hosting-49206909/original/5361d698-f48e-42b8-9dd0-0910580cadaf.png?im_w=720');
INSERT INTO IMAGE (IMAGE_ID, ACCOMODATION_ID, IMAGE_URL) VALUES (3654, 195, 'https://a0.muscache.com/im/pictures/miso/Hosting-49206909/original/52676a9b-225f-48f4-b15c-d6796f9eb8a6.png?im_w=720');
INSERT INTO IMAGE (IMAGE_ID, ACCOMODATION_ID, IMAGE_URL) VALUES (3655, 195, 'https://a0.muscache.com/im/pictures/miso/Hosting-49206909/original/cd2856dc-72f0-417a-bdbc-55ad85661bbc.png?im_w=720');
INSERT INTO IMAGE (IMAGE_ID, ACCOMODATION_ID, IMAGE_URL) VALUES (3656, 195, 'https://a0.muscache.com/im/pictures/miso/Hosting-49206909/original/573d6f64-0456-44fa-95bd-9b0286db1a27.png?im_w=720');
INSERT INTO IMAGE (IMAGE_ID, ACCOMODATION_ID, IMAGE_URL) VALUES (3657, 195, 'https://a0.muscache.com/im/pictures/miso/Hosting-49206909/original/ba3259bc-7521-43b3-b6fe-a92a2bc21e67.png?im_w=720');
INSERT INTO IMAGE (IMAGE_ID, ACCOMODATION_ID, IMAGE_URL) VALUES (3658, 195, 'https://a0.muscache.com/im/pictures/miso/Hosting-49206909/original/091aeda7-47e6-4a0c-8d26-f510f6f0fa44.png?im_w=720');
INSERT INTO IMAGE (IMAGE_ID, ACCOMODATION_ID, IMAGE_URL) VALUES (3659, 195, 'https://a0.muscache.com/im/pictures/miso/Hosting-49206909/original/9676be0e-c031-4037-ad1a-8eedbff85291.png?im_w=720');
INSERT INTO IMAGE (IMAGE_ID, ACCOMODATION_ID, IMAGE_URL) VALUES (3660, 195, 'https://a0.muscache.com/im/pictures/miso/Hosting-49206909/original/1862392f-67fc-4ea2-bcf8-90297fe486ee.png?im_w=720');
INSERT INTO IMAGE (IMAGE_ID, ACCOMODATION_ID, IMAGE_URL) VALUES (3661, 195, 'https://a0.muscache.com/im/pictures/miso/Hosting-49206909/original/6ad8d89b-77ea-4239-bfe6-1a0cd1ae69bc.png?im_w=720');
INSERT INTO IMAGE (IMAGE_ID, ACCOMODATION_ID, IMAGE_URL) VALUES (3662, 195, 'https://a0.muscache.com/im/pictures/miso/Hosting-49206909/original/55ffafbc-4017-4683-8540-06ef603a6321.png?im_w=720');
INSERT INTO IMAGE (IMAGE_ID, ACCOMODATION_ID, IMAGE_URL) VALUES (3663, 195, 'https://a0.muscache.com/im/pictures/miso/Hosting-49206909/original/b2871d52-6e9a-460c-ad3a-b92ed36f9f80.png?im_w=720');
INSERT INTO IMAGE (IMAGE_ID, ACCOMODATION_ID, IMAGE_URL) VALUES (3664, 195, 'https://a0.muscache.com/im/pictures/miso/Hosting-49206909/original/be6c8272-88ec-4493-be86-864f350e93fa.png?im_w=720');
INSERT INTO IMAGE (IMAGE_ID, ACCOMODATION_ID, IMAGE_URL) VALUES (3665, 195, 'https://a0.muscache.com/im/pictures/miso/Hosting-49206909/original/f4234513-dc74-43de-8779-347a38a1b569.png?im_w=720');
INSERT INTO IMAGE (IMAGE_ID, ACCOMODATION_ID, IMAGE_URL) VALUES (3666, 195, 'https://a0.muscache.com/im/pictures/miso/Hosting-49206909/original/2e32316d-c3c9-45db-8f01-7c19e21c58fd.png?im_w=720');
INSERT INTO IMAGE (IMAGE_ID, ACCOMODATION_ID, IMAGE_URL) VALUES (3667, 195, 'https://a0.muscache.com/im/pictures/miso/Hosting-49206909/original/24c9fa82-f263-4455-8061-9bafb6b5115d.png?im_w=720');
INSERT INTO IMAGE (IMAGE_ID, ACCOMODATION_ID, IMAGE_URL) VALUES (3668, 195, 'https://a0.muscache.com/im/pictures/miso/Hosting-49206909/original/ed34c8bb-defb-4cb3-b9a3-1085bbb09098.png?im_w=720');
INSERT INTO IMAGE (IMAGE_ID, ACCOMODATION_ID, IMAGE_URL) VALUES (3669, 195, 'https://a0.muscache.com/im/pictures/miso/Hosting-49206909/original/cba6e977-cbe2-4114-829c-cb149cc2be12.png?im_w=720');
INSERT INTO IMAGE (IMAGE_ID, ACCOMODATION_ID, IMAGE_URL) VALUES (3670, 195, 'https://a0.muscache.com/im/pictures/miso/Hosting-49206909/original/7050fb87-1552-40dc-a778-7c854f8f3ede.png?im_w=720');

INSERT INTO LOCATION (LOCATION_ID, LOCATION_NAME, COUNTRY, REGION, CITY, LATITUDE, LONGITUDE) VALUES (196, '지명196', ' 서울', ' Yeongdeungpo-gu', 'Dangsan 2(i)-dong', 37.53294, 126.90015);
INSERT INTO ACCOMODATION (`ACCOMODATION_ID`, `LOCATION_ID`, `ACCOMODATION_NAME`, `HOST_NAME`, `DISCRIPTION`, `ACCOMODATION_TYPE`, `PRICE`, `MAXIMUM_OCCUPANCY`, `AVERAGE_POINT`, `BED_ROOM`, `BATH_ROOM`, `BED_COUNT`,`OPTION`) VALUES (196, 196, '[Free Pocket Wi-Fi] 도심 속 그레이&화이트 톤의 한강뷰 힐링 스튜디오 :)', '호스트196', '설명196', '집 전체', 682570, 3, 8.4, 1, 1,1, '주방,무선 인터넷,에어컨,헤어드라이어');
INSERT INTO IMAGE (IMAGE_ID, ACCOMODATION_ID, IMAGE_URL) VALUES (3671, 196, 'https://a0.muscache.com/im/pictures/85128a09-ad22-4e76-ac2a-0a903f14a115.jpg?im_w=720');
INSERT INTO IMAGE (IMAGE_ID, ACCOMODATION_ID, IMAGE_URL) VALUES (3672, 196, 'https://a0.muscache.com/im/pictures/319ee9b0-3de7-420e-88a0-0af2ca57c1b5.jpg?im_w=720');
INSERT INTO IMAGE (IMAGE_ID, ACCOMODATION_ID, IMAGE_URL) VALUES (3673, 196, 'https://a0.muscache.com/im/pictures/db2368be-9fe0-4ab5-982b-21f00a444b5f.jpg?im_w=720');
INSERT INTO IMAGE (IMAGE_ID, ACCOMODATION_ID, IMAGE_URL) VALUES (3674, 196, 'https://a0.muscache.com/im/pictures/dceb3441-1012-4c96-b365-ea31710eea82.jpg?im_w=720');
INSERT INTO IMAGE (IMAGE_ID, ACCOMODATION_ID, IMAGE_URL) VALUES (3675, 196, 'https://a0.muscache.com/im/pictures/dd22550d-c500-491d-b6a9-1a1e651b73df.jpg?im_w=720');
INSERT INTO IMAGE (IMAGE_ID, ACCOMODATION_ID, IMAGE_URL) VALUES (3676, 196, 'https://a0.muscache.com/im/pictures/ac1d193d-330c-4883-8dfb-08265ad1be9c.jpg?im_w=720');
INSERT INTO IMAGE (IMAGE_ID, ACCOMODATION_ID, IMAGE_URL) VALUES (3677, 196, 'https://a0.muscache.com/im/pictures/5a681834-041c-42c8-a158-dd1df4a842f3.jpg?im_w=720');
INSERT INTO IMAGE (IMAGE_ID, ACCOMODATION_ID, IMAGE_URL) VALUES (3678, 196, 'https://a0.muscache.com/im/pictures/8f7afc5b-957e-4d58-a326-aa81fea6e564.jpg?im_w=720');
INSERT INTO IMAGE (IMAGE_ID, ACCOMODATION_ID, IMAGE_URL) VALUES (3679, 196, 'https://a0.muscache.com/im/pictures/67990116-9495-48c6-8962-73adf796bba1.jpg?im_w=720');
INSERT INTO IMAGE (IMAGE_ID, ACCOMODATION_ID, IMAGE_URL) VALUES (3680, 196, 'https://a0.muscache.com/im/pictures/92fd9e06-e44b-4ad5-bc60-087b09f6681d.jpg?im_w=720');
INSERT INTO IMAGE (IMAGE_ID, ACCOMODATION_ID, IMAGE_URL) VALUES (3681, 196, 'https://a0.muscache.com/im/pictures/50ccc477-2b41-44e6-b136-600d2ddf6a83.jpg?im_w=720');
INSERT INTO IMAGE (IMAGE_ID, ACCOMODATION_ID, IMAGE_URL) VALUES (3682, 196, 'https://a0.muscache.com/im/pictures/90935d5c-7c23-4e5d-bfca-3bcbb7fe861c.jpg?im_w=720');
INSERT INTO IMAGE (IMAGE_ID, ACCOMODATION_ID, IMAGE_URL) VALUES (3683, 196, 'https://a0.muscache.com/im/pictures/2a8b1f77-4c84-4472-91a0-025ddb719c0f.jpg?im_w=720');
INSERT INTO IMAGE (IMAGE_ID, ACCOMODATION_ID, IMAGE_URL) VALUES (3684, 196, 'https://a0.muscache.com/im/pictures/e407cdde-7360-4468-b404-dc01f8f5d43e.jpg?im_w=720');
INSERT INTO IMAGE (IMAGE_ID, ACCOMODATION_ID, IMAGE_URL) VALUES (3685, 196, 'https://a0.muscache.com/im/pictures/ed65073a-2970-45fc-a85f-ae85a239ce8e.jpg?im_w=720');
INSERT INTO IMAGE (IMAGE_ID, ACCOMODATION_ID, IMAGE_URL) VALUES (3686, 196, 'https://a0.muscache.com/im/pictures/9ae086f1-7bb0-49c8-9082-ed95a705470e.jpg?im_w=720');
INSERT INTO IMAGE (IMAGE_ID, ACCOMODATION_ID, IMAGE_URL) VALUES (3687, 196, 'https://a0.muscache.com/im/pictures/08805bb9-e542-414b-a996-60830920f4d4.jpg?im_w=720');
INSERT INTO IMAGE (IMAGE_ID, ACCOMODATION_ID, IMAGE_URL) VALUES (3688, 196, 'https://a0.muscache.com/im/pictures/ad0c6ee1-16ea-4f92-8519-7672a2c2af2b.jpg?im_w=720');
INSERT INTO IMAGE (IMAGE_ID, ACCOMODATION_ID, IMAGE_URL) VALUES (3689, 196, 'https://a0.muscache.com/im/pictures/0963b0da-8fe3-4431-8282-a22e45fb8708.jpg?im_w=720');
INSERT INTO IMAGE (IMAGE_ID, ACCOMODATION_ID, IMAGE_URL) VALUES (3690, 196, 'https://a0.muscache.com/im/pictures/5613ee46-fbfb-49f5-9d07-d29c3cbf5498.jpg?im_w=720');
INSERT INTO IMAGE (IMAGE_ID, ACCOMODATION_ID, IMAGE_URL) VALUES (3691, 196, 'https://a0.muscache.com/im/pictures/22423024-43a3-40fc-ba3c-18f7c69e3198.jpg?im_w=720');
INSERT INTO IMAGE (IMAGE_ID, ACCOMODATION_ID, IMAGE_URL) VALUES (3692, 196, 'https://a0.muscache.com/im/pictures/06a65c68-cb32-4d5f-82d8-0d67b12954ee.jpg?im_w=720');
INSERT INTO IMAGE (IMAGE_ID, ACCOMODATION_ID, IMAGE_URL) VALUES (3693, 196, 'https://a0.muscache.com/im/pictures/655dec42-6747-42e5-9e33-aa58aaa52d3d.jpg?im_w=720');
INSERT INTO IMAGE (IMAGE_ID, ACCOMODATION_ID, IMAGE_URL) VALUES (3694, 196, 'https://a0.muscache.com/im/pictures/ddf4eb63-4a79-4d85-a63c-b13f07af3f85.jpg?im_w=720');
INSERT INTO IMAGE (IMAGE_ID, ACCOMODATION_ID, IMAGE_URL) VALUES (3695, 196, 'https://a0.muscache.com/im/pictures/075e5743-beac-4189-ac34-afb5437002e0.jpg?im_w=720');
INSERT INTO IMAGE (IMAGE_ID, ACCOMODATION_ID, IMAGE_URL) VALUES (3696, 196, 'https://a0.muscache.com/im/pictures/e6e51643-c98d-4cd2-a2d6-a10d8615c251.jpg?im_w=720');
INSERT INTO IMAGE (IMAGE_ID, ACCOMODATION_ID, IMAGE_URL) VALUES (3697, 196, 'https://a0.muscache.com/im/pictures/1665f03a-2208-41bf-8934-c6ea8e92be6a.jpg?im_w=720');
INSERT INTO IMAGE (IMAGE_ID, ACCOMODATION_ID, IMAGE_URL) VALUES (3698, 196, 'https://a0.muscache.com/im/pictures/0fbfd586-ada3-4d6d-82e2-24b8356b7788.jpg?im_w=720');
INSERT INTO IMAGE (IMAGE_ID, ACCOMODATION_ID, IMAGE_URL) VALUES (3699, 196, 'https://a0.muscache.com/im/pictures/80c98ae3-c018-4470-9c92-e2926d6850e9.jpg?im_w=720');
INSERT INTO IMAGE (IMAGE_ID, ACCOMODATION_ID, IMAGE_URL) VALUES (3700, 196, 'https://a0.muscache.com/im/pictures/051e1efb-b860-4f9a-bb77-60d0cff59128.jpg?im_w=720');

INSERT INTO LOCATION (LOCATION_ID, LOCATION_NAME, COUNTRY, REGION, CITY, LATITUDE, LONGITUDE) VALUES (197, '지명197', ' 서울', ' Yeongdeungpo-gu', 'Dangsan 2(i)-dong', 37.53379, 126.90202);
INSERT INTO ACCOMODATION (`ACCOMODATION_ID`, `LOCATION_ID`, `ACCOMODATION_NAME`, `HOST_NAME`, `DISCRIPTION`, `ACCOMODATION_TYPE`, `PRICE`, `MAXIMUM_OCCUPANCY`, `AVERAGE_POINT`, `BED_ROOM`, `BATH_ROOM`, `BED_COUNT`,`OPTION`) VALUES (197, 197, '15 압도적 한강뷰 #당산역 1분 도보# 힐링 # 꽃길만 걷는 숙소#♥편한 지하주차#', '호스트197', '설명197', '집 전체', 213887, 2, 8.4, 0, 1,0, '주방,무선 인터넷,에어컨,헤어드라이어');
INSERT INTO IMAGE (IMAGE_ID, ACCOMODATION_ID, IMAGE_URL) VALUES (3701, 197, 'https://a0.muscache.com/im/pictures/7f20ff58-094b-4e6a-bd49-df8869f1d5f4.jpg?im_w=720');
INSERT INTO IMAGE (IMAGE_ID, ACCOMODATION_ID, IMAGE_URL) VALUES (3702, 197, 'https://a0.muscache.com/im/pictures/62bc4ee4-2bf9-448c-ba36-431409a65930.jpg?im_w=720');
INSERT INTO IMAGE (IMAGE_ID, ACCOMODATION_ID, IMAGE_URL) VALUES (3703, 197, 'https://a0.muscache.com/im/pictures/f462d9f9-31ed-4de5-aaca-6bbec4318de6.jpg?im_w=720');
INSERT INTO IMAGE (IMAGE_ID, ACCOMODATION_ID, IMAGE_URL) VALUES (3704, 197, 'https://a0.muscache.com/im/pictures/48311ecb-49f3-42f7-8d85-ba864f85c273.jpg?im_w=720');
INSERT INTO IMAGE (IMAGE_ID, ACCOMODATION_ID, IMAGE_URL) VALUES (3705, 197, 'https://a0.muscache.com/im/pictures/870ce584-a9ce-4638-be9c-d3516b4237a3.jpg?im_w=720');
INSERT INTO IMAGE (IMAGE_ID, ACCOMODATION_ID, IMAGE_URL) VALUES (3706, 197, 'https://a0.muscache.com/im/pictures/833e2e44-9157-454f-8453-dad0fcbb98ce.jpg?im_w=720');
INSERT INTO IMAGE (IMAGE_ID, ACCOMODATION_ID, IMAGE_URL) VALUES (3707, 197, 'https://a0.muscache.com/im/pictures/f8ea18c9-3a79-44d2-8fbd-2b1d636c4ed1.jpg?im_w=720');
INSERT INTO IMAGE (IMAGE_ID, ACCOMODATION_ID, IMAGE_URL) VALUES (3708, 197, 'https://a0.muscache.com/im/pictures/ad82a02c-3fbc-4957-a6a6-d4a3e64c11a6.jpg?im_w=720');
INSERT INTO IMAGE (IMAGE_ID, ACCOMODATION_ID, IMAGE_URL) VALUES (3709, 197, 'https://a0.muscache.com/im/pictures/d0bf1508-689a-4933-b5dd-69ad9ab20bae.jpg?im_w=720');
INSERT INTO IMAGE (IMAGE_ID, ACCOMODATION_ID, IMAGE_URL) VALUES (3710, 197, 'https://a0.muscache.com/im/pictures/e28897a0-2fa4-4de1-896c-e0411ca59778.jpg?im_w=720');
INSERT INTO IMAGE (IMAGE_ID, ACCOMODATION_ID, IMAGE_URL) VALUES (3711, 197, 'https://a0.muscache.com/im/pictures/73b0cec7-776f-40bd-91c2-f0b09fab2560.jpg?im_w=720');
INSERT INTO IMAGE (IMAGE_ID, ACCOMODATION_ID, IMAGE_URL) VALUES (3712, 197, 'https://a0.muscache.com/im/pictures/749c2c82-55e9-4309-bf8f-acf2f61c9065.jpg?im_w=720');
INSERT INTO IMAGE (IMAGE_ID, ACCOMODATION_ID, IMAGE_URL) VALUES (3713, 197, 'https://a0.muscache.com/im/pictures/5aaee428-f67e-4ca7-a26b-657bef2d69f7.jpg?im_w=720');
INSERT INTO IMAGE (IMAGE_ID, ACCOMODATION_ID, IMAGE_URL) VALUES (3714, 197, 'https://a0.muscache.com/im/pictures/e7ff5e45-95c7-4c16-beb2-c7b01199b0cd.jpg?im_w=720');
INSERT INTO IMAGE (IMAGE_ID, ACCOMODATION_ID, IMAGE_URL) VALUES (3715, 197, 'https://a0.muscache.com/im/pictures/917d8d59-b099-4980-aee9-79539930310d.jpg?im_w=720');
INSERT INTO IMAGE (IMAGE_ID, ACCOMODATION_ID, IMAGE_URL) VALUES (3716, 197, 'https://a0.muscache.com/im/pictures/c14b1a90-fcab-4e41-bbff-72fcec4aa3dc.jpg?im_w=720');
INSERT INTO IMAGE (IMAGE_ID, ACCOMODATION_ID, IMAGE_URL) VALUES (3717, 197, 'https://a0.muscache.com/im/pictures/afbdbc6b-d8d7-4a8a-8d51-28f7f8b668c2.jpg?im_w=720');
INSERT INTO IMAGE (IMAGE_ID, ACCOMODATION_ID, IMAGE_URL) VALUES (3718, 197, 'https://a0.muscache.com/im/pictures/63303f6c-7277-47c3-ac64-0b8bfbc3e47c.jpg?im_w=720');
INSERT INTO IMAGE (IMAGE_ID, ACCOMODATION_ID, IMAGE_URL) VALUES (3719, 197, 'https://a0.muscache.com/im/pictures/b00cf465-4889-442b-babb-fb5a4eade2fe.jpg?im_w=720');
INSERT INTO IMAGE (IMAGE_ID, ACCOMODATION_ID, IMAGE_URL) VALUES (3720, 197, 'https://a0.muscache.com/im/pictures/460a41c6-4f56-4393-ae37-8f908d199270.jpg?im_w=720');
INSERT INTO IMAGE (IMAGE_ID, ACCOMODATION_ID, IMAGE_URL) VALUES (3721, 197, 'https://a0.muscache.com/im/pictures/f862ce0f-5599-4eef-b63b-a02e131b2f6f.jpg?im_w=720');
INSERT INTO IMAGE (IMAGE_ID, ACCOMODATION_ID, IMAGE_URL) VALUES (3722, 197, 'https://a0.muscache.com/im/pictures/e9e06d7c-ba61-4e3b-bd6b-474d120bd9e2.jpg?im_w=720');
INSERT INTO IMAGE (IMAGE_ID, ACCOMODATION_ID, IMAGE_URL) VALUES (3723, 197, 'https://a0.muscache.com/im/pictures/bc6700a9-b589-40f8-8268-8578e16452f6.jpg?im_w=720');
INSERT INTO IMAGE (IMAGE_ID, ACCOMODATION_ID, IMAGE_URL) VALUES (3724, 197, 'https://a0.muscache.com/im/pictures/774f3058-5d25-44ad-8911-38a02a289a61.jpg?im_w=720');

INSERT INTO LOCATION (LOCATION_ID, LOCATION_NAME, COUNTRY, REGION, CITY, LATITUDE, LONGITUDE) VALUES (198, '지명198', ' 한국', ' 서울', '마포구', 37.537302544745685, 126.94507421368779);
INSERT INTO ACCOMODATION (`ACCOMODATION_ID`, `LOCATION_ID`, `ACCOMODATION_NAME`, `HOST_NAME`, `DISCRIPTION`, `ACCOMODATION_TYPE`, `PRICE`, `MAXIMUM_OCCUPANCY`, `AVERAGE_POINT`, `BED_ROOM`, `BATH_ROOM`, `BED_COUNT`,`OPTION`) VALUES (198, 198, 'Cozy Hanriver-Offictel', '호스트198', '설명198', '집 전체', 516306, 2, 5.7, 0, 1,0, '주방,무선 인터넷,에어컨,헤어드라이어');
INSERT INTO IMAGE (IMAGE_ID, ACCOMODATION_ID, IMAGE_URL) VALUES (3725, 198, 'https://a0.muscache.com/im/pictures/b52d0793-e783-4230-a8b3-f391564ad007.jpg?im_w=720');
INSERT INTO IMAGE (IMAGE_ID, ACCOMODATION_ID, IMAGE_URL) VALUES (3726, 198, 'https://a0.muscache.com/im/pictures/d8b3f221-c35e-4db8-9390-d0f82f4b821a.jpg?im_w=720');
INSERT INTO IMAGE (IMAGE_ID, ACCOMODATION_ID, IMAGE_URL) VALUES (3727, 198, 'https://a0.muscache.com/im/pictures/73425001-a4cc-4dc4-b5be-b3526d389cba.jpg?im_w=720');
INSERT INTO IMAGE (IMAGE_ID, ACCOMODATION_ID, IMAGE_URL) VALUES (3728, 198, 'https://a0.muscache.com/im/pictures/1c2c547a-53aa-47aa-a2f8-dae8e67c4495.jpg?im_w=720');
INSERT INTO IMAGE (IMAGE_ID, ACCOMODATION_ID, IMAGE_URL) VALUES (3729, 198, 'https://a0.muscache.com/im/pictures/ce6afe92-39f6-4015-9cdb-f5562a968437.jpg?im_w=720');
INSERT INTO IMAGE (IMAGE_ID, ACCOMODATION_ID, IMAGE_URL) VALUES (3730, 198, 'https://a0.muscache.com/im/pictures/ae12fd44-d5fe-4e47-aee4-bf26d33d533b.jpg?im_w=720');
INSERT INTO IMAGE (IMAGE_ID, ACCOMODATION_ID, IMAGE_URL) VALUES (3731, 198, 'https://a0.muscache.com/im/pictures/42dde593-e1a1-4177-bc5c-2ae7421f27a0.jpg?im_w=720');
INSERT INTO IMAGE (IMAGE_ID, ACCOMODATION_ID, IMAGE_URL) VALUES (3732, 198, 'https://a0.muscache.com/im/pictures/21545dd5-d053-4b3d-b3f1-24dd9ae97d66.jpg?im_w=720');
INSERT INTO IMAGE (IMAGE_ID, ACCOMODATION_ID, IMAGE_URL) VALUES (3733, 198, 'https://a0.muscache.com/im/pictures/024d3380-17f1-4d21-950d-bb98eefab62f.jpg?im_w=720');
INSERT INTO IMAGE (IMAGE_ID, ACCOMODATION_ID, IMAGE_URL) VALUES (3734, 198, 'https://a0.muscache.com/im/pictures/64f0fa32-e098-42fd-a1b7-7982a5c9573b.jpg?im_w=720');
INSERT INTO IMAGE (IMAGE_ID, ACCOMODATION_ID, IMAGE_URL) VALUES (3735, 198, 'https://a0.muscache.com/im/pictures/63474785-3408-47f7-81fa-ae73650e6c51.jpg?im_w=720');
INSERT INTO IMAGE (IMAGE_ID, ACCOMODATION_ID, IMAGE_URL) VALUES (3736, 198, 'https://a0.muscache.com/im/pictures/ed1f9d0f-aa37-4fef-acf2-4e85a08f7a7d.jpg?im_w=720');

INSERT INTO LOCATION (LOCATION_ID, LOCATION_NAME, COUNTRY, REGION, CITY, LATITUDE, LONGITUDE) VALUES (199, '지명199', ' 서울', ' Yeongdeungpo-gu', 'Dangsan 2(i)-dong', 37.5334, 126.90071);
INSERT INTO ACCOMODATION (`ACCOMODATION_ID`, `LOCATION_ID`, `ACCOMODATION_NAME`, `HOST_NAME`, `DISCRIPTION`, `ACCOMODATION_TYPE`, `PRICE`, `MAXIMUM_OCCUPANCY`, `AVERAGE_POINT`, `BED_ROOM`, `BATH_ROOM`, `BED_COUNT`,`OPTION`) VALUES (199, 199, '# 당산한강뷰# Han Riverview Dangsan house/Near Hong Dae', '호스트199', '설명199', '집 전체', 538246, 3, 2.5, 1, 1,1, '주방,무선 인터넷,에어컨,헤어드라이어');
INSERT INTO IMAGE (IMAGE_ID, ACCOMODATION_ID, IMAGE_URL) VALUES (3737, 199, 'https://a0.muscache.com/im/pictures/5e7014a2-eed6-4735-9455-141972f58c64.jpg?im_w=720');
INSERT INTO IMAGE (IMAGE_ID, ACCOMODATION_ID, IMAGE_URL) VALUES (3738, 199, 'https://a0.muscache.com/im/pictures/84d0dde7-7a45-4918-a2b6-327cee33be8a.jpg?im_w=720');
INSERT INTO IMAGE (IMAGE_ID, ACCOMODATION_ID, IMAGE_URL) VALUES (3739, 199, 'https://a0.muscache.com/im/pictures/7f097a8b-468c-490e-9666-8437c746b8fa.jpg?im_w=720');
INSERT INTO IMAGE (IMAGE_ID, ACCOMODATION_ID, IMAGE_URL) VALUES (3740, 199, 'https://a0.muscache.com/im/pictures/7170e8f6-fbbd-4803-b732-8893bd0316af.jpg?im_w=720');
INSERT INTO IMAGE (IMAGE_ID, ACCOMODATION_ID, IMAGE_URL) VALUES (3741, 199, 'https://a0.muscache.com/im/pictures/6a9b2010-7c13-498e-bc86-351354c55f89.jpg?im_w=720');
INSERT INTO IMAGE (IMAGE_ID, ACCOMODATION_ID, IMAGE_URL) VALUES (3742, 199, 'https://a0.muscache.com/im/pictures/ccaf4576-c63b-46a2-8290-264c38b66ffe.jpg?im_w=720');
INSERT INTO IMAGE (IMAGE_ID, ACCOMODATION_ID, IMAGE_URL) VALUES (3743, 199, 'https://a0.muscache.com/im/pictures/6612a571-c50f-4e6b-a3aa-19a2a6f29d2a.jpg?im_w=720');
INSERT INTO IMAGE (IMAGE_ID, ACCOMODATION_ID, IMAGE_URL) VALUES (3744, 199, 'https://a0.muscache.com/im/pictures/af6dc909-2cea-4db1-aa35-89c89aa15566.jpg?im_w=720');
INSERT INTO IMAGE (IMAGE_ID, ACCOMODATION_ID, IMAGE_URL) VALUES (3745, 199, 'https://a0.muscache.com/im/pictures/b0debedf-c9fc-4d3a-a466-ae0e57ecad55.jpg?im_w=720');
INSERT INTO IMAGE (IMAGE_ID, ACCOMODATION_ID, IMAGE_URL) VALUES (3746, 199, 'https://a0.muscache.com/im/pictures/cec0d1db-d11a-469c-aac2-de46df5667e4.jpg?im_w=720');
INSERT INTO IMAGE (IMAGE_ID, ACCOMODATION_ID, IMAGE_URL) VALUES (3747, 199, 'https://a0.muscache.com/im/pictures/2097bdc7-c390-4659-a36b-709295e98a96.jpg?im_w=720');
INSERT INTO IMAGE (IMAGE_ID, ACCOMODATION_ID, IMAGE_URL) VALUES (3748, 199, 'https://a0.muscache.com/im/pictures/6237c288-1eb0-48a9-b906-865ea95e3524.jpg?im_w=720');
INSERT INTO IMAGE (IMAGE_ID, ACCOMODATION_ID, IMAGE_URL) VALUES (3749, 199, 'https://a0.muscache.com/im/pictures/7f5eea52-1091-41e8-81fb-0ef9fd25dfb9.jpg?im_w=720');
INSERT INTO IMAGE (IMAGE_ID, ACCOMODATION_ID, IMAGE_URL) VALUES (3750, 199, 'https://a0.muscache.com/im/pictures/6f30ee38-97d5-4d7b-8f29-27353afe722e.jpg?im_w=720');
INSERT INTO IMAGE (IMAGE_ID, ACCOMODATION_ID, IMAGE_URL) VALUES (3751, 199, 'https://a0.muscache.com/im/pictures/30812d5a-5180-4079-a635-7487d442dcdd.jpg?im_w=720');
INSERT INTO IMAGE (IMAGE_ID, ACCOMODATION_ID, IMAGE_URL) VALUES (3752, 199, 'https://a0.muscache.com/im/pictures/304c6c52-3cf0-48fc-8bb9-69939f1e81df.jpg?im_w=720');
INSERT INTO IMAGE (IMAGE_ID, ACCOMODATION_ID, IMAGE_URL) VALUES (3753, 199, 'https://a0.muscache.com/im/pictures/e4f5fd04-6fc0-4ed3-9038-443c7b8adcd1.jpg?im_w=720');
INSERT INTO IMAGE (IMAGE_ID, ACCOMODATION_ID, IMAGE_URL) VALUES (3754, 199, 'https://a0.muscache.com/im/pictures/357bf364-b60a-4afb-88b7-b14a05f386c3.jpg?im_w=720');
INSERT INTO IMAGE (IMAGE_ID, ACCOMODATION_ID, IMAGE_URL) VALUES (3755, 199, 'https://a0.muscache.com/im/pictures/48cc56f1-01e4-4ed0-b16f-73c0eaaf226b.jpg?im_w=720');
INSERT INTO IMAGE (IMAGE_ID, ACCOMODATION_ID, IMAGE_URL) VALUES (3756, 199, 'https://a0.muscache.com/im/pictures/c4361689-4c9e-43fc-aaed-241278b1dedd.jpg?im_w=720');
INSERT INTO IMAGE (IMAGE_ID, ACCOMODATION_ID, IMAGE_URL) VALUES (3757, 199, 'https://a0.muscache.com/im/pictures/ae6510cc-1dde-4d81-9fca-79ea2ed31798.jpg?im_w=720');
INSERT INTO IMAGE (IMAGE_ID, ACCOMODATION_ID, IMAGE_URL) VALUES (3758, 199, 'https://a0.muscache.com/im/pictures/010eabd1-b0e0-483f-85f2-34ea0d62fe8c.jpg?im_w=720');
INSERT INTO IMAGE (IMAGE_ID, ACCOMODATION_ID, IMAGE_URL) VALUES (3759, 199, 'https://a0.muscache.com/im/pictures/79916253-5e98-4ebe-92dd-9a255d94cdf5.jpg?im_w=720');
INSERT INTO IMAGE (IMAGE_ID, ACCOMODATION_ID, IMAGE_URL) VALUES (3760, 199, 'https://a0.muscache.com/im/pictures/b6a24d7d-3f83-4890-9274-2f3f76b9621d.jpg?im_w=720');
INSERT INTO IMAGE (IMAGE_ID, ACCOMODATION_ID, IMAGE_URL) VALUES (3761, 199, 'https://a0.muscache.com/im/pictures/71d494e7-3478-4d45-90b4-52e2f720a520.jpg?im_w=720');
INSERT INTO IMAGE (IMAGE_ID, ACCOMODATION_ID, IMAGE_URL) VALUES (3762, 199, 'https://a0.muscache.com/im/pictures/d072fb91-eb31-496d-8747-9fce7bec5d58.jpg?im_w=720');
INSERT INTO IMAGE (IMAGE_ID, ACCOMODATION_ID, IMAGE_URL) VALUES (3763, 199, 'https://a0.muscache.com/im/pictures/1b283e93-452d-4be2-853f-6d2f9b80fd24.jpg?im_w=720');
INSERT INTO IMAGE (IMAGE_ID, ACCOMODATION_ID, IMAGE_URL) VALUES (3764, 199, 'https://a0.muscache.com/im/pictures/a16041d0-d76d-4d37-bcf8-9c972572e368.jpg?im_w=720');
INSERT INTO IMAGE (IMAGE_ID, ACCOMODATION_ID, IMAGE_URL) VALUES (3765, 199, 'https://a0.muscache.com/im/pictures/83e317fd-8f50-44f7-bad6-7fdc4660d592.jpg?im_w=720');
INSERT INTO IMAGE (IMAGE_ID, ACCOMODATION_ID, IMAGE_URL) VALUES (3766, 199, 'https://a0.muscache.com/im/pictures/fd4fcb21-2949-43f5-ad24-8ed91d18839b.jpg?im_w=720');

INSERT INTO LOCATION (LOCATION_ID, LOCATION_NAME, COUNTRY, REGION, CITY, LATITUDE, LONGITUDE) VALUES (200, '지명200', ' 서울', ' Mapo-gu', 'Mangwon 1(il)-dong', 37.55373, 126.90525);
INSERT INTO ACCOMODATION (`ACCOMODATION_ID`, `LOCATION_ID`, `ACCOMODATION_NAME`, `HOST_NAME`, `DISCRIPTION`, `ACCOMODATION_TYPE`, `PRICE`, `MAXIMUM_OCCUPANCY`, `AVERAGE_POINT`, `BED_ROOM`, `BATH_ROOM`, `BED_COUNT`,`OPTION`) VALUES (200, 200, '망리단길 중심위치 빈티지 홈스테이 105', '호스트200', '설명200', '집 전체', 92632, 2, 4.3, 1, 1,1, '주방,무선 인터넷,헤어드라이어');
INSERT INTO IMAGE (IMAGE_ID, ACCOMODATION_ID, IMAGE_URL) VALUES (3767, 200, 'https://a0.muscache.com/im/pictures/6d507846-4082-4fcb-ab6e-e4c5774f8f75.jpg?im_w=720');
INSERT INTO IMAGE (IMAGE_ID, ACCOMODATION_ID, IMAGE_URL) VALUES (3768, 200, 'https://a0.muscache.com/im/pictures/miso/Hosting-47161424/original/e9691162-94e7-41b5-ac84-5b70abc3c344.jpeg?im_w=720');
INSERT INTO IMAGE (IMAGE_ID, ACCOMODATION_ID, IMAGE_URL) VALUES (3769, 200, 'https://a0.muscache.com/im/pictures/miso/Hosting-47161424/original/0ca9d252-2f28-42c8-aa05-713c4907ab8c.jpeg?im_w=720');
INSERT INTO IMAGE (IMAGE_ID, ACCOMODATION_ID, IMAGE_URL) VALUES (3770, 200, 'https://a0.muscache.com/im/pictures/miso/Hosting-47161424/original/8b5cec15-b0a1-4534-b813-4a2236e79717.jpeg?im_w=720');
INSERT INTO IMAGE (IMAGE_ID, ACCOMODATION_ID, IMAGE_URL) VALUES (3771, 200, 'https://a0.muscache.com/im/pictures/miso/Hosting-47161424/original/0733ccad-4a65-4357-b853-5ddbf908e96e.jpeg?im_w=720');
INSERT INTO IMAGE (IMAGE_ID, ACCOMODATION_ID, IMAGE_URL) VALUES (3772, 200, 'https://a0.muscache.com/im/pictures/miso/Hosting-47161424/original/92579f29-e07d-4840-8cce-f423d685c7ca.jpeg?im_w=720');
INSERT INTO IMAGE (IMAGE_ID, ACCOMODATION_ID, IMAGE_URL) VALUES (3773, 200, 'https://a0.muscache.com/im/pictures/miso/Hosting-47161424/original/a23b705c-8722-4e4b-bbf6-2ffc68a09e62.jpeg?im_w=720');
INSERT INTO IMAGE (IMAGE_ID, ACCOMODATION_ID, IMAGE_URL) VALUES (3774, 200, 'https://a0.muscache.com/im/pictures/miso/Hosting-47161424/original/ec4472c7-e3f2-4c2a-b231-a07d9fb0718f.jpeg?im_w=720');
INSERT INTO IMAGE (IMAGE_ID, ACCOMODATION_ID, IMAGE_URL) VALUES (3775, 200, 'https://a0.muscache.com/im/pictures/miso/Hosting-47161424/original/c7feca91-e7e0-46aa-8f5a-9011ac1b3f94.jpeg?im_w=720');
INSERT INTO IMAGE (IMAGE_ID, ACCOMODATION_ID, IMAGE_URL) VALUES (3776, 200, 'https://a0.muscache.com/im/pictures/miso/Hosting-47161424/original/c016afaa-3a2c-45f1-857f-20a323ef16cb.jpeg?im_w=720');
INSERT INTO IMAGE (IMAGE_ID, ACCOMODATION_ID, IMAGE_URL) VALUES (3777, 200, 'https://a0.muscache.com/im/pictures/miso/Hosting-47161424/original/74861de4-ac81-46e8-9b96-aa253455b620.jpeg?im_w=720');
INSERT INTO IMAGE (IMAGE_ID, ACCOMODATION_ID, IMAGE_URL) VALUES (3778, 200, 'https://a0.muscache.com/im/pictures/miso/Hosting-47161424/original/b599ab51-91c2-4ac3-bc60-8965d1ecc13a.jpeg?im_w=720');
INSERT INTO IMAGE (IMAGE_ID, ACCOMODATION_ID, IMAGE_URL) VALUES (3779, 200, 'https://a0.muscache.com/im/pictures/miso/Hosting-47161424/original/6e230655-6155-4b32-84f5-fb2fd8cb8576.jpeg?im_w=720');
INSERT INTO IMAGE (IMAGE_ID, ACCOMODATION_ID, IMAGE_URL) VALUES (3780, 200, 'https://a0.muscache.com/im/pictures/miso/Hosting-47161424/original/7f88e650-29d7-4fde-a05b-2d812bcd16fc.jpeg?im_w=720');
INSERT INTO IMAGE (IMAGE_ID, ACCOMODATION_ID, IMAGE_URL) VALUES (3781, 200, 'https://a0.muscache.com/im/pictures/miso/Hosting-47161424/original/fedafded-6f67-4b6a-8707-071f335ccd32.jpeg?im_w=720');
INSERT INTO IMAGE (IMAGE_ID, ACCOMODATION_ID, IMAGE_URL) VALUES (3782, 200, 'https://a0.muscache.com/im/pictures/miso/Hosting-47161424/original/cd638f71-c8a5-4fcd-b98c-922994070196.jpeg?im_w=720');
INSERT INTO IMAGE (IMAGE_ID, ACCOMODATION_ID, IMAGE_URL) VALUES (3783, 200, 'https://a0.muscache.com/im/pictures/miso/Hosting-47161424/original/7fb5ab95-1425-4dd7-8032-9e03aa5d54bc.jpeg?im_w=720');
INSERT INTO IMAGE (IMAGE_ID, ACCOMODATION_ID, IMAGE_URL) VALUES (3784, 200, 'https://a0.muscache.com/im/pictures/miso/Hosting-47161424/original/f5e94677-cff7-4f5d-95c6-466de6a979b8.jpeg?im_w=720');
INSERT INTO IMAGE (IMAGE_ID, ACCOMODATION_ID, IMAGE_URL) VALUES (3785, 200, 'https://a0.muscache.com/im/pictures/miso/Hosting-47161424/original/57b3a323-ba53-480e-baaa-010baae17c7e.jpeg?im_w=720');
INSERT INTO IMAGE (IMAGE_ID, ACCOMODATION_ID, IMAGE_URL) VALUES (3786, 200, 'https://a0.muscache.com/im/pictures/miso/Hosting-47161424/original/e26877d9-ba5d-412c-a79a-5e211e280afc.jpeg?im_w=720');
INSERT INTO IMAGE (IMAGE_ID, ACCOMODATION_ID, IMAGE_URL) VALUES (3787, 200, 'https://a0.muscache.com/im/pictures/miso/Hosting-47161424/original/8f083d16-828d-478a-8fb0-d5a46a9ac295.jpeg?im_w=720');
INSERT INTO IMAGE (IMAGE_ID, ACCOMODATION_ID, IMAGE_URL) VALUES (3788, 200, 'https://a0.muscache.com/im/pictures/miso/Hosting-47161424/original/0a5c5ded-94fa-4adb-8c55-7adb03230b1d.jpeg?im_w=720');
INSERT INTO IMAGE (IMAGE_ID, ACCOMODATION_ID, IMAGE_URL) VALUES (3789, 200, 'https://a0.muscache.com/im/pictures/miso/Hosting-47161424/original/6be2b9ed-198f-4135-aee7-eb18f25fe2ee.jpeg?im_w=720');
INSERT INTO IMAGE (IMAGE_ID, ACCOMODATION_ID, IMAGE_URL) VALUES (3790, 200, 'https://a0.muscache.com/im/pictures/miso/Hosting-47161424/original/2328f7a6-8668-4ef2-a640-988d59124c4b.jpeg?im_w=720');


INSERT INTO LOCATION (LOCATION_ID, LOCATION_NAME, COUNTRY, REGION, CITY, LATITUDE, LONGITUDE) VALUES (201, '지명201', ' 한국', ' 서울', 'Songpa-gu', 37.48394, 127.12224);
INSERT INTO ACCOMODATION (`ACCOMODATION_ID`, `LOCATION_ID`, `ACCOMODATION_NAME`, `HOST_NAME`, `DISCRIPTION`, `ACCOMODATION_TYPE`, `PRICE`, `MAXIMUM_OCCUPANCY`, `AVERAGE_POINT`, `BED_ROOM`, `BATH_ROOM`, `BED_COUNT`,`OPTION`) VALUES (201, 201, '하우스" 李相"', '호스트201', '설명201', '집 전체', 488627, 4, 1.3, 1, 1,1, '주방,무선 인터넷,에어컨,헤어드라이어');
INSERT INTO IMAGE (IMAGE_ID, ACCOMODATION_ID, IMAGE_URL) VALUES (3791, 201, 'https://a0.muscache.com/im/pictures/756bb2f7-2342-4d3b-9694-492b71635bc7.jpg?im_w=720');
INSERT INTO IMAGE (IMAGE_ID, ACCOMODATION_ID, IMAGE_URL) VALUES (3792, 201, 'https://a0.muscache.com/im/pictures/71db6334-dfda-4be3-9a53-9221faab3672.jpg?im_w=720');
INSERT INTO IMAGE (IMAGE_ID, ACCOMODATION_ID, IMAGE_URL) VALUES (3793, 201, 'https://a0.muscache.com/im/pictures/a144ef2a-b416-4f8b-bfb8-d74ce11a3539.jpg?im_w=720');
INSERT INTO IMAGE (IMAGE_ID, ACCOMODATION_ID, IMAGE_URL) VALUES (3794, 201, 'https://a0.muscache.com/im/pictures/32bd0f40-6b1b-4860-9f57-56bd04c33c14.jpg?im_w=720');
INSERT INTO IMAGE (IMAGE_ID, ACCOMODATION_ID, IMAGE_URL) VALUES (3795, 201, 'https://a0.muscache.com/im/pictures/8a119488-8143-47ae-a4a5-947a500e49e6.jpg?im_w=720');
INSERT INTO IMAGE (IMAGE_ID, ACCOMODATION_ID, IMAGE_URL) VALUES (3796, 201, 'https://a0.muscache.com/im/pictures/ee22e3f7-be28-41f5-b92b-a98d39d404f9.jpg?im_w=720');
INSERT INTO IMAGE (IMAGE_ID, ACCOMODATION_ID, IMAGE_URL) VALUES (3797, 201, 'https://a0.muscache.com/im/pictures/a8383dfd-3903-432d-8b2b-67340ff2b81f.jpg?im_w=720');
INSERT INTO IMAGE (IMAGE_ID, ACCOMODATION_ID, IMAGE_URL) VALUES (3798, 201, 'https://a0.muscache.com/im/pictures/b3317441-3434-4b13-9adc-9e4d58154bcf.jpg?im_w=720');
INSERT INTO IMAGE (IMAGE_ID, ACCOMODATION_ID, IMAGE_URL) VALUES (3799, 201, 'https://a0.muscache.com/im/pictures/d4562f30-d64b-40fc-ba2c-da36db60a65a.jpg?im_w=720');
INSERT INTO IMAGE (IMAGE_ID, ACCOMODATION_ID, IMAGE_URL) VALUES (3800, 201, 'https://a0.muscache.com/im/pictures/3e6c29fb-9425-454d-a333-19c83b660d38.jpg?im_w=720');

INSERT INTO LOCATION (LOCATION_ID, LOCATION_NAME, COUNTRY, REGION, CITY, LATITUDE, LONGITUDE) VALUES (202, '지명202', ' 서울', ' Gangnam-gu', 'Irwon 1(il)-dong', 37.49325, 127.08772);
INSERT INTO ACCOMODATION (`ACCOMODATION_ID`, `LOCATION_ID`, `ACCOMODATION_NAME`, `HOST_NAME`, `DISCRIPTION`, `ACCOMODATION_TYPE`, `PRICE`, `MAXIMUM_OCCUPANCY`, `AVERAGE_POINT`, `BED_ROOM`, `BATH_ROOM`, `BED_COUNT`,`OPTION`) VALUES (202, 202, '3월 오픈! 삼성병원 도보 5분 flower house 2호 숙소(풀옵션 원룸)', '호스트202', '설명202', '집 전체', 776068, 2, 0.2, 1, 1,1, '주방,무선 인터넷,에어컨,헤어드라이어');
INSERT INTO IMAGE (IMAGE_ID, ACCOMODATION_ID, IMAGE_URL) VALUES (3801, 202, 'https://a0.muscache.com/im/pictures/8c589f72-ebe5-44a6-aa9b-2058f5a34a92.jpg?im_w=720');
INSERT INTO IMAGE (IMAGE_ID, ACCOMODATION_ID, IMAGE_URL) VALUES (3802, 202, 'https://a0.muscache.com/im/pictures/fa77e66e-4d6f-4c2e-90de-ae7e9e71c907.jpg?im_w=720');
INSERT INTO IMAGE (IMAGE_ID, ACCOMODATION_ID, IMAGE_URL) VALUES (3803, 202, 'https://a0.muscache.com/im/pictures/c46a5762-f82f-4b6f-a879-2157e7283879.jpg?im_w=720');
INSERT INTO IMAGE (IMAGE_ID, ACCOMODATION_ID, IMAGE_URL) VALUES (3804, 202, 'https://a0.muscache.com/im/pictures/147845c4-a29d-477b-924c-9496d442cbab.jpg?im_w=720');
INSERT INTO IMAGE (IMAGE_ID, ACCOMODATION_ID, IMAGE_URL) VALUES (3805, 202, 'https://a0.muscache.com/im/pictures/f2bf3e7b-618b-48cc-bc42-33e6fcc6a722.jpg?im_w=720');
INSERT INTO IMAGE (IMAGE_ID, ACCOMODATION_ID, IMAGE_URL) VALUES (3806, 202, 'https://a0.muscache.com/im/pictures/2d6063c2-ed71-4a11-b459-760cb6415390.jpg?im_w=720');
INSERT INTO IMAGE (IMAGE_ID, ACCOMODATION_ID, IMAGE_URL) VALUES (3807, 202, 'https://a0.muscache.com/im/pictures/f75271b9-d66d-44af-a309-1f23953db160.jpg?im_w=720');
INSERT INTO IMAGE (IMAGE_ID, ACCOMODATION_ID, IMAGE_URL) VALUES (3808, 202, 'https://a0.muscache.com/im/pictures/da5fea7f-aa56-4562-9b35-263dbc869328.jpg?im_w=720');
INSERT INTO IMAGE (IMAGE_ID, ACCOMODATION_ID, IMAGE_URL) VALUES (3809, 202, 'https://a0.muscache.com/im/pictures/94976def-7180-438f-ad5a-a5f02798474a.jpg?im_w=720');
INSERT INTO IMAGE (IMAGE_ID, ACCOMODATION_ID, IMAGE_URL) VALUES (3810, 202, 'https://a0.muscache.com/im/pictures/bfd80363-d5d8-4c49-95e9-df63806918cf.jpg?im_w=720');
INSERT INTO IMAGE (IMAGE_ID, ACCOMODATION_ID, IMAGE_URL) VALUES (3811, 202, 'https://a0.muscache.com/im/pictures/7edce802-d536-4987-a000-e651fbfe9f9d.jpg?im_w=720');
INSERT INTO IMAGE (IMAGE_ID, ACCOMODATION_ID, IMAGE_URL) VALUES (3812, 202, 'https://a0.muscache.com/im/pictures/c256425d-4971-4b5b-bbb4-25cf70641659.jpg?im_w=720');
INSERT INTO IMAGE (IMAGE_ID, ACCOMODATION_ID, IMAGE_URL) VALUES (3813, 202, 'https://a0.muscache.com/im/pictures/2ad2d7a5-aeb4-4f38-8c6f-9cc4a2917bec.jpg?im_w=720');
INSERT INTO IMAGE (IMAGE_ID, ACCOMODATION_ID, IMAGE_URL) VALUES (3814, 202, 'https://a0.muscache.com/im/pictures/773d5344-7ceb-4c9d-a84b-4c73819574da.jpg?im_w=720');
INSERT INTO IMAGE (IMAGE_ID, ACCOMODATION_ID, IMAGE_URL) VALUES (3815, 202, 'https://a0.muscache.com/im/pictures/555a8d4f-bb54-4c02-a2e0-6b25cda6dbab.jpg?im_w=720');
INSERT INTO IMAGE (IMAGE_ID, ACCOMODATION_ID, IMAGE_URL) VALUES (3816, 202, 'https://a0.muscache.com/im/pictures/71621e2f-5cae-4041-810e-048f495458a7.jpg?im_w=720');
INSERT INTO IMAGE (IMAGE_ID, ACCOMODATION_ID, IMAGE_URL) VALUES (3817, 202, 'https://a0.muscache.com/im/pictures/d98816cd-734e-4b18-a272-e7cd41509bba.jpg?im_w=720');
INSERT INTO IMAGE (IMAGE_ID, ACCOMODATION_ID, IMAGE_URL) VALUES (3818, 202, 'https://a0.muscache.com/im/pictures/bae7838b-bc8a-45de-9fbe-2175c9691c79.jpg?im_w=720');
INSERT INTO IMAGE (IMAGE_ID, ACCOMODATION_ID, IMAGE_URL) VALUES (3819, 202, 'https://a0.muscache.com/im/pictures/20bbf057-ab8e-4035-aed1-a3db7c8431d4.jpg?im_w=720');
INSERT INTO IMAGE (IMAGE_ID, ACCOMODATION_ID, IMAGE_URL) VALUES (3820, 202, 'https://a0.muscache.com/im/pictures/0607a528-0986-44e9-89ee-b55519dfab78.jpg?im_w=720');
INSERT INTO IMAGE (IMAGE_ID, ACCOMODATION_ID, IMAGE_URL) VALUES (3821, 202, 'https://a0.muscache.com/im/pictures/f0623525-7ed6-4ae6-8ec8-b7a9ea512320.jpg?im_w=720');
INSERT INTO IMAGE (IMAGE_ID, ACCOMODATION_ID, IMAGE_URL) VALUES (3822, 202, 'https://a0.muscache.com/im/pictures/f97edfca-c4d3-4bc4-a5d8-a27a0412d6fc.jpg?im_w=720');
INSERT INTO IMAGE (IMAGE_ID, ACCOMODATION_ID, IMAGE_URL) VALUES (3823, 202, 'https://a0.muscache.com/im/pictures/fae55af1-79da-4018-b1da-a1759fc77cb1.jpg?im_w=720');
INSERT INTO IMAGE (IMAGE_ID, ACCOMODATION_ID, IMAGE_URL) VALUES (3824, 202, 'https://a0.muscache.com/im/pictures/d20bd656-46ee-4193-b928-50f950d05772.jpg?im_w=720');
INSERT INTO IMAGE (IMAGE_ID, ACCOMODATION_ID, IMAGE_URL) VALUES (3825, 202, 'https://a0.muscache.com/im/pictures/978d2634-9339-4653-9c4e-e30ef5f3b5fc.jpg?im_w=720');
INSERT INTO IMAGE (IMAGE_ID, ACCOMODATION_ID, IMAGE_URL) VALUES (3826, 202, 'https://a0.muscache.com/im/pictures/d5f98857-e546-4a05-baad-8b1e118d17f1.jpg?im_w=720');
INSERT INTO IMAGE (IMAGE_ID, ACCOMODATION_ID, IMAGE_URL) VALUES (3827, 202, 'https://a0.muscache.com/im/pictures/3d112ff1-cd0f-481d-bb11-cba3426c5a51.jpg?im_w=720');
INSERT INTO IMAGE (IMAGE_ID, ACCOMODATION_ID, IMAGE_URL) VALUES (3828, 202, 'https://a0.muscache.com/im/pictures/cfb2a370-8af1-4376-87df-53767c7a0884.jpg?im_w=720');
INSERT INTO IMAGE (IMAGE_ID, ACCOMODATION_ID, IMAGE_URL) VALUES (3829, 202, 'https://a0.muscache.com/im/pictures/a568da9f-e563-46fc-98e3-8f915cc3ebcd.jpg?im_w=720');
INSERT INTO IMAGE (IMAGE_ID, ACCOMODATION_ID, IMAGE_URL) VALUES (3830, 202, 'https://a0.muscache.com/im/pictures/f77c7c6f-dad4-4b91-b771-439d1245a203.jpg?im_w=720');

INSERT INTO LOCATION (LOCATION_ID, LOCATION_NAME, COUNTRY, REGION, CITY, LATITUDE, LONGITUDE) VALUES (203, '지명203', ' 한국', ' 서울특별시', '강남구', 37.47521, 127.10786);
INSERT INTO ACCOMODATION (`ACCOMODATION_ID`, `LOCATION_ID`, `ACCOMODATION_NAME`, `HOST_NAME`, `DISCRIPTION`, `ACCOMODATION_TYPE`, `PRICE`, `MAXIMUM_OCCUPANCY`, `AVERAGE_POINT`, `BED_ROOM`, `BATH_ROOM`, `BED_COUNT`,`OPTION`) VALUES (203, 203, '수서역♡삼성병원♡무료주차♡1년안된 신축건물. 슈퍼호스트!', '호스트203', '설명203', '집 전체', 579561, 2, 6.6, 0, 1,0, '주방,무선 인터넷,에어컨,헤어드라이어');
INSERT INTO IMAGE (IMAGE_ID, ACCOMODATION_ID, IMAGE_URL) VALUES (3831, 203, 'https://a0.muscache.com/im/pictures/015e6259-2b9b-422c-93af-0bb1c3512236.jpg?im_w=720');
INSERT INTO IMAGE (IMAGE_ID, ACCOMODATION_ID, IMAGE_URL) VALUES (3832, 203, 'https://a0.muscache.com/im/pictures/cff21d91-0b97-494f-a9e5-c766a57a4c43.jpg?im_w=720');
INSERT INTO IMAGE (IMAGE_ID, ACCOMODATION_ID, IMAGE_URL) VALUES (3833, 203, 'https://a0.muscache.com/im/pictures/0ee95251-fe4c-4c9e-b875-bffa8b0e5ddc.jpg?im_w=720');
INSERT INTO IMAGE (IMAGE_ID, ACCOMODATION_ID, IMAGE_URL) VALUES (3834, 203, 'https://a0.muscache.com/im/pictures/67cc8f88-62ab-4aa5-9b30-097270a8a316.jpg?im_w=720');
INSERT INTO IMAGE (IMAGE_ID, ACCOMODATION_ID, IMAGE_URL) VALUES (3835, 203, 'https://a0.muscache.com/im/pictures/faea77cd-772d-4277-a0b9-e17eb4365d4d.jpg?im_w=720');
INSERT INTO IMAGE (IMAGE_ID, ACCOMODATION_ID, IMAGE_URL) VALUES (3836, 203, 'https://a0.muscache.com/im/pictures/56ea7898-2ea9-413a-b1ab-b6cd2976d9c3.jpg?im_w=720');
INSERT INTO IMAGE (IMAGE_ID, ACCOMODATION_ID, IMAGE_URL) VALUES (3837, 203, 'https://a0.muscache.com/im/pictures/6faf2847-a9f9-49a5-8284-8ee2ef9fd24e.jpg?im_w=720');
INSERT INTO IMAGE (IMAGE_ID, ACCOMODATION_ID, IMAGE_URL) VALUES (3838, 203, 'https://a0.muscache.com/im/pictures/079e6c55-5929-4afe-8071-6533959e8b8f.jpg?im_w=720');
INSERT INTO IMAGE (IMAGE_ID, ACCOMODATION_ID, IMAGE_URL) VALUES (3839, 203, 'https://a0.muscache.com/im/pictures/aded1536-8d75-4e42-ae2f-a2213f66e5f3.jpg?im_w=720');
INSERT INTO IMAGE (IMAGE_ID, ACCOMODATION_ID, IMAGE_URL) VALUES (3840, 203, 'https://a0.muscache.com/im/pictures/402b8870-6b5d-46f6-8b43-d0c1c65de109.jpg?im_w=720');
INSERT INTO IMAGE (IMAGE_ID, ACCOMODATION_ID, IMAGE_URL) VALUES (3841, 203, 'https://a0.muscache.com/im/pictures/6c1044b5-d119-4de6-83a0-f937fb73a6e2.jpg?im_w=720');
INSERT INTO IMAGE (IMAGE_ID, ACCOMODATION_ID, IMAGE_URL) VALUES (3842, 203, 'https://a0.muscache.com/im/pictures/305da9f0-a365-4663-9d86-f438756ed1c0.jpg?im_w=720');

INSERT INTO LOCATION (LOCATION_ID, LOCATION_NAME, COUNTRY, REGION, CITY, LATITUDE, LONGITUDE) VALUES (204, '지명204', ' 한국', ' 서울', '강남구', 37.47988, 127.10653);
INSERT INTO ACCOMODATION (`ACCOMODATION_ID`, `LOCATION_ID`, `ACCOMODATION_NAME`, `HOST_NAME`, `DISCRIPTION`, `ACCOMODATION_TYPE`, `PRICE`, `MAXIMUM_OCCUPANCY`, `AVERAGE_POINT`, `BED_ROOM`, `BATH_ROOM`, `BED_COUNT`,`OPTION`) VALUES (204, 204, 'Annies  house', '호스트204', '설명204', '개인실', 782093, 2, 5.3, 1, 1,1, '주방,무선 인터넷,에어컨,헤어드라이어');
INSERT INTO IMAGE (IMAGE_ID, ACCOMODATION_ID, IMAGE_URL) VALUES (3843, 204, 'https://a0.muscache.com/im/pictures/a51471b9-13a0-494c-85a0-c2f932916c56.jpg?im_w=720');
INSERT INTO IMAGE (IMAGE_ID, ACCOMODATION_ID, IMAGE_URL) VALUES (3844, 204, 'https://a0.muscache.com/im/pictures/1b1f7e68-f6a0-4f18-94f6-df5e949e41d7.jpg?im_w=720');
INSERT INTO IMAGE (IMAGE_ID, ACCOMODATION_ID, IMAGE_URL) VALUES (3845, 204, 'https://a0.muscache.com/im/pictures/e94c7021-59cb-414d-9ab7-2b0d22158748.jpg?im_w=720');
INSERT INTO IMAGE (IMAGE_ID, ACCOMODATION_ID, IMAGE_URL) VALUES (3846, 204, 'https://a0.muscache.com/im/pictures/c734eb8a-b9c6-4e17-bf28-2a51f16c0f60.jpg?im_w=720');
INSERT INTO IMAGE (IMAGE_ID, ACCOMODATION_ID, IMAGE_URL) VALUES (3847, 204, 'https://a0.muscache.com/im/pictures/0115f8bf-a9bc-42b5-9751-96643f2353a1.jpg?im_w=720');

INSERT INTO LOCATION (LOCATION_ID, LOCATION_NAME, COUNTRY, REGION, CITY, LATITUDE, LONGITUDE) VALUES (205, '지명205', ' 한국', ' 서울', '강남구', 37.49141, 127.08715);
INSERT INTO ACCOMODATION (`ACCOMODATION_ID`, `LOCATION_ID`, `ACCOMODATION_NAME`, `HOST_NAME`, `DISCRIPTION`, `ACCOMODATION_TYPE`, `PRICE`, `MAXIMUM_OCCUPANCY`, `AVERAGE_POINT`, `BED_ROOM`, `BATH_ROOM`, `BED_COUNT`,`OPTION`) VALUES (205, 205, '로즈하우스Ⅲ(B3)', '호스트205', '설명205', '집 전체', 971317, 3, 5.0, 1, 1,1, '주방,무선 인터넷,에어컨,헤어드라이어');
INSERT INTO IMAGE (IMAGE_ID, ACCOMODATION_ID, IMAGE_URL) VALUES (3848, 205, 'https://a0.muscache.com/im/pictures/68e00149-c99e-45d6-83c6-af352d1d4237.jpg?im_w=720');
INSERT INTO IMAGE (IMAGE_ID, ACCOMODATION_ID, IMAGE_URL) VALUES (3849, 205, 'https://a0.muscache.com/im/pictures/7b2ef7e3-3041-43c7-b6ce-0919931c5b39.jpg?im_w=720');
INSERT INTO IMAGE (IMAGE_ID, ACCOMODATION_ID, IMAGE_URL) VALUES (3850, 205, 'https://a0.muscache.com/im/pictures/1791bb32-15ce-4367-9738-d4ac9fa05bc6.jpg?im_w=720');
INSERT INTO IMAGE (IMAGE_ID, ACCOMODATION_ID, IMAGE_URL) VALUES (3851, 205, 'https://a0.muscache.com/im/pictures/17bb017f-c97b-425b-8d7e-23e1d587a8c5.jpg?im_w=720');
INSERT INTO IMAGE (IMAGE_ID, ACCOMODATION_ID, IMAGE_URL) VALUES (3852, 205, 'https://a0.muscache.com/im/pictures/3b7c6edb-4af7-4379-af06-af9aaefe33c9.jpg?im_w=720');
INSERT INTO IMAGE (IMAGE_ID, ACCOMODATION_ID, IMAGE_URL) VALUES (3853, 205, 'https://a0.muscache.com/im/pictures/0bc1df9b-1b59-46dc-86d3-c6994fac2bec.jpg?im_w=720');
INSERT INTO IMAGE (IMAGE_ID, ACCOMODATION_ID, IMAGE_URL) VALUES (3854, 205, 'https://a0.muscache.com/im/pictures/57d57a1a-84b3-45f3-b02f-3d2b4f983612.jpg?im_w=720');
INSERT INTO IMAGE (IMAGE_ID, ACCOMODATION_ID, IMAGE_URL) VALUES (3855, 205, 'https://a0.muscache.com/im/pictures/450cacbb-151c-4ab6-b71c-d7800a860417.jpg?im_w=720');
INSERT INTO IMAGE (IMAGE_ID, ACCOMODATION_ID, IMAGE_URL) VALUES (3856, 205, 'https://a0.muscache.com/im/pictures/b90509a7-3bbc-4616-b965-a769ccbe6ff4.jpg?im_w=720');
INSERT INTO IMAGE (IMAGE_ID, ACCOMODATION_ID, IMAGE_URL) VALUES (3857, 205, 'https://a0.muscache.com/im/pictures/6a490df1-7ff9-4e77-909d-d950ce09ec44.jpg?im_w=720');
INSERT INTO IMAGE (IMAGE_ID, ACCOMODATION_ID, IMAGE_URL) VALUES (3858, 205, 'https://a0.muscache.com/im/pictures/ca3323a4-f9fc-4741-b240-9dc58a53c0bd.jpg?im_w=720');
INSERT INTO IMAGE (IMAGE_ID, ACCOMODATION_ID, IMAGE_URL) VALUES (3859, 205, 'https://a0.muscache.com/im/pictures/7c62fe48-5391-427d-a9d7-cea6930deec0.jpg?im_w=720');
INSERT INTO IMAGE (IMAGE_ID, ACCOMODATION_ID, IMAGE_URL) VALUES (3860, 205, 'https://a0.muscache.com/im/pictures/14151662-a515-4cea-ab42-edfc38a4dd19.jpg?im_w=720');
INSERT INTO IMAGE (IMAGE_ID, ACCOMODATION_ID, IMAGE_URL) VALUES (3861, 205, 'https://a0.muscache.com/im/pictures/197a9e67-f82c-462d-9884-5423f6a99b87.jpg?im_w=720');
INSERT INTO IMAGE (IMAGE_ID, ACCOMODATION_ID, IMAGE_URL) VALUES (3862, 205, 'https://a0.muscache.com/im/pictures/92152a1e-778f-4e92-97d4-497da3acf14f.jpg?im_w=720');
INSERT INTO IMAGE (IMAGE_ID, ACCOMODATION_ID, IMAGE_URL) VALUES (3863, 205, 'https://a0.muscache.com/im/pictures/df3a53e6-034b-4305-9be9-ffb488f8dec9.jpg?im_w=720');
INSERT INTO IMAGE (IMAGE_ID, ACCOMODATION_ID, IMAGE_URL) VALUES (3864, 205, 'https://a0.muscache.com/im/pictures/6b59a771-80d2-4199-852f-5b15adb17295.jpg?im_w=720');
INSERT INTO IMAGE (IMAGE_ID, ACCOMODATION_ID, IMAGE_URL) VALUES (3865, 205, 'https://a0.muscache.com/im/pictures/2ef02239-6498-417b-9992-b8288631c162.jpg?im_w=720');
INSERT INTO IMAGE (IMAGE_ID, ACCOMODATION_ID, IMAGE_URL) VALUES (3866, 205, 'https://a0.muscache.com/im/pictures/miso/Hosting-17847429/original/bfeb29a3-82b9-4706-a726-24ddcc5f4eee.jpeg?im_w=720');

INSERT INTO LOCATION (LOCATION_ID, LOCATION_NAME, COUNTRY, REGION, CITY, LATITUDE, LONGITUDE) VALUES (206, '지명206', ' 서울', ' Gangnam-gu', 'Segok-dong', 37.47408, 127.10766);
INSERT INTO ACCOMODATION (`ACCOMODATION_ID`, `LOCATION_ID`, `ACCOMODATION_NAME`, `HOST_NAME`, `DISCRIPTION`, `ACCOMODATION_TYPE`, `PRICE`, `MAXIMUM_OCCUPANCY`, `AVERAGE_POINT`, `BED_ROOM`, `BATH_ROOM`, `BED_COUNT`,`OPTION`) VALUES (206, 206, '★수서역★ 청결하고 교통이 편리한 꾸꾸 하우스 ~~', '호스트206', '설명206', '집 전체', 185041, 2, 4.5, 1, 1,1, '주방,무선 인터넷,에어컨,헤어드라이어');
INSERT INTO IMAGE (IMAGE_ID, ACCOMODATION_ID, IMAGE_URL) VALUES (3867, 206, 'https://a0.muscache.com/im/pictures/192ace06-9b03-4af0-aceb-955bcdd65e18.jpg?im_w=720');
INSERT INTO IMAGE (IMAGE_ID, ACCOMODATION_ID, IMAGE_URL) VALUES (3868, 206, 'https://a0.muscache.com/im/pictures/bd7c78ec-4efa-4faf-80f2-eed04abe050b.jpg?im_w=720');
INSERT INTO IMAGE (IMAGE_ID, ACCOMODATION_ID, IMAGE_URL) VALUES (3869, 206, 'https://a0.muscache.com/im/pictures/52004e28-b6cc-46ab-b94a-1cf0dd53da9f.jpg?im_w=720');
INSERT INTO IMAGE (IMAGE_ID, ACCOMODATION_ID, IMAGE_URL) VALUES (3870, 206, 'https://a0.muscache.com/im/pictures/ae9ed285-96f1-48a3-981b-6ddbf9d145f7.jpg?im_w=720');
INSERT INTO IMAGE (IMAGE_ID, ACCOMODATION_ID, IMAGE_URL) VALUES (3871, 206, 'https://a0.muscache.com/im/pictures/0835c059-3e42-4cbe-9712-74e5cb406c22.jpg?im_w=720');
INSERT INTO IMAGE (IMAGE_ID, ACCOMODATION_ID, IMAGE_URL) VALUES (3872, 206, 'https://a0.muscache.com/im/pictures/20fa81e4-2d5c-43e2-a77c-049eb7dbc723.jpg?im_w=720');
INSERT INTO IMAGE (IMAGE_ID, ACCOMODATION_ID, IMAGE_URL) VALUES (3873, 206, 'https://a0.muscache.com/im/pictures/044b2e94-802d-47db-8cee-7bfa4e416526.jpg?im_w=720');
INSERT INTO IMAGE (IMAGE_ID, ACCOMODATION_ID, IMAGE_URL) VALUES (3874, 206, 'https://a0.muscache.com/im/pictures/4647cf6c-efec-4382-a572-f88acc422814.jpg?im_w=720');
INSERT INTO IMAGE (IMAGE_ID, ACCOMODATION_ID, IMAGE_URL) VALUES (3875, 206, 'https://a0.muscache.com/im/pictures/724f16fc-b591-4207-8445-74c39816de8a.jpg?im_w=720');
INSERT INTO IMAGE (IMAGE_ID, ACCOMODATION_ID, IMAGE_URL) VALUES (3876, 206, 'https://a0.muscache.com/im/pictures/a2206042-94a2-4532-89fb-4da29949a5f8.jpg?im_w=720');
INSERT INTO IMAGE (IMAGE_ID, ACCOMODATION_ID, IMAGE_URL) VALUES (3877, 206, 'https://a0.muscache.com/im/pictures/d89f90f3-dcde-48db-9495-c3bc143df34b.jpg?im_w=720');
INSERT INTO IMAGE (IMAGE_ID, ACCOMODATION_ID, IMAGE_URL) VALUES (3878, 206, 'https://a0.muscache.com/im/pictures/c725cd2e-9f35-482a-b376-6a12dea4067a.jpg?im_w=720');
INSERT INTO IMAGE (IMAGE_ID, ACCOMODATION_ID, IMAGE_URL) VALUES (3879, 206, 'https://a0.muscache.com/im/pictures/01217913-c569-4829-903d-346c2959e6df.jpg?im_w=720');
INSERT INTO IMAGE (IMAGE_ID, ACCOMODATION_ID, IMAGE_URL) VALUES (3880, 206, 'https://a0.muscache.com/im/pictures/e5debd21-22aa-4282-a33b-f257f1b80c2f.jpg?im_w=720');
INSERT INTO IMAGE (IMAGE_ID, ACCOMODATION_ID, IMAGE_URL) VALUES (3881, 206, 'https://a0.muscache.com/im/pictures/84482925-89af-4458-bea0-d5350aae6e7d.jpg?im_w=720');
INSERT INTO IMAGE (IMAGE_ID, ACCOMODATION_ID, IMAGE_URL) VALUES (3882, 206, 'https://a0.muscache.com/im/pictures/37834b73-3b09-493d-9687-891e95dc9bd8.jpg?im_w=720');
INSERT INTO IMAGE (IMAGE_ID, ACCOMODATION_ID, IMAGE_URL) VALUES (3883, 206, 'https://a0.muscache.com/im/pictures/5635a34b-9906-4a6e-9c72-ac67864d8c45.jpg?im_w=720');
INSERT INTO IMAGE (IMAGE_ID, ACCOMODATION_ID, IMAGE_URL) VALUES (3884, 206, 'https://a0.muscache.com/im/pictures/c80dc5fd-2802-4dcf-b59a-912029f3e50e.jpg?im_w=720');

INSERT INTO LOCATION (LOCATION_ID, LOCATION_NAME, COUNTRY, REGION, CITY, LATITUDE, LONGITUDE) VALUES (207, '지명207', ' 한국', ' 서울', '강남구', 37.48947, 127.08364);
INSERT INTO ACCOMODATION (`ACCOMODATION_ID`, `LOCATION_ID`, `ACCOMODATION_NAME`, `HOST_NAME`, `DISCRIPTION`, `ACCOMODATION_TYPE`, `PRICE`, `MAXIMUM_OCCUPANCY`, `AVERAGE_POINT`, `BED_ROOM`, `BATH_ROOM`, `BED_COUNT`,`OPTION`) VALUES (207, 207, '@삼성병원 도보 5분, 일원역, 대청역 인근 풀옵션 원룸', '호스트207', '설명207', '집 전체', 419223, 2, 2.3, 0, 1,0, '주방,무선 인터넷,에어컨,헤어드라이어');
INSERT INTO IMAGE (IMAGE_ID, ACCOMODATION_ID, IMAGE_URL) VALUES (3885, 207, 'https://a0.muscache.com/im/pictures/1188ac88-59ba-4675-a37f-ad04e4d23185.jpg?im_w=720');
INSERT INTO IMAGE (IMAGE_ID, ACCOMODATION_ID, IMAGE_URL) VALUES (3886, 207, 'https://a0.muscache.com/im/pictures/33c47bd8-8da5-4c23-b673-30db3e566fc9.jpg?im_w=720');
INSERT INTO IMAGE (IMAGE_ID, ACCOMODATION_ID, IMAGE_URL) VALUES (3887, 207, 'https://a0.muscache.com/im/pictures/27d6f997-07a5-45f2-94a8-0e4571b3ccf9.jpg?im_w=720');
INSERT INTO IMAGE (IMAGE_ID, ACCOMODATION_ID, IMAGE_URL) VALUES (3888, 207, 'https://a0.muscache.com/im/pictures/5fb2f325-3444-4cf6-9741-3c5e85a170c0.jpg?im_w=720');
INSERT INTO IMAGE (IMAGE_ID, ACCOMODATION_ID, IMAGE_URL) VALUES (3889, 207, 'https://a0.muscache.com/im/pictures/6084ce47-15b3-4883-abf0-36ae1cc534be.jpg?im_w=720');
INSERT INTO IMAGE (IMAGE_ID, ACCOMODATION_ID, IMAGE_URL) VALUES (3890, 207, 'https://a0.muscache.com/im/pictures/e997f972-ac3c-4a51-98ae-812a7a343703.jpg?im_w=720');
INSERT INTO IMAGE (IMAGE_ID, ACCOMODATION_ID, IMAGE_URL) VALUES (3891, 207, 'https://a0.muscache.com/im/pictures/bd164fad-1bc8-43c3-b049-1da04a360d72.jpg?im_w=720');
INSERT INTO IMAGE (IMAGE_ID, ACCOMODATION_ID, IMAGE_URL) VALUES (3892, 207, 'https://a0.muscache.com/im/pictures/3a95bcb7-2434-4afb-aae4-3c330d99c064.jpg?im_w=720');

INSERT INTO LOCATION (LOCATION_ID, LOCATION_NAME, COUNTRY, REGION, CITY, LATITUDE, LONGITUDE) VALUES (208, '지명208', ' 서울', ' Gangnam-gu', 'Suseo-dong', 37.4875, 127.10298);
INSERT INTO ACCOMODATION (`ACCOMODATION_ID`, `LOCATION_ID`, `ACCOMODATION_NAME`, `HOST_NAME`, `DISCRIPTION`, `ACCOMODATION_TYPE`, `PRICE`, `MAXIMUM_OCCUPANCY`, `AVERAGE_POINT`, `BED_ROOM`, `BATH_ROOM`, `BED_COUNT`,`OPTION`) VALUES (208, 208, '그린티~/*수서역 걸어서 3분이내*/ *일원동삼성병원*/*잠실*/대치동*', '호스트208', '설명208', '집 전체', 104414, 4, 0.6, 1, 1,1, '주방,무선 인터넷,에어컨,헤어드라이어');
INSERT INTO IMAGE (IMAGE_ID, ACCOMODATION_ID, IMAGE_URL) VALUES (3893, 208, 'https://a0.muscache.com/im/pictures/853d9e92-2a94-491c-ad8f-fa93ab39d9e9.jpg?im_w=720');
INSERT INTO IMAGE (IMAGE_ID, ACCOMODATION_ID, IMAGE_URL) VALUES (3894, 208, 'https://a0.muscache.com/im/pictures/6fe08215-4c95-413f-94da-41fc0d5ffd5f.jpg?im_w=720');
INSERT INTO IMAGE (IMAGE_ID, ACCOMODATION_ID, IMAGE_URL) VALUES (3895, 208, 'https://a0.muscache.com/im/pictures/a63a8a60-582f-4194-9108-bc60b10671f1.jpg?im_w=720');
INSERT INTO IMAGE (IMAGE_ID, ACCOMODATION_ID, IMAGE_URL) VALUES (3896, 208, 'https://a0.muscache.com/im/pictures/48a74a18-8e23-40db-8009-0f9d69cea570.jpg?im_w=720');
INSERT INTO IMAGE (IMAGE_ID, ACCOMODATION_ID, IMAGE_URL) VALUES (3897, 208, 'https://a0.muscache.com/im/pictures/ff0c7a89-0392-42a0-894a-3d72e3f1c727.jpg?im_w=720');
INSERT INTO IMAGE (IMAGE_ID, ACCOMODATION_ID, IMAGE_URL) VALUES (3898, 208, 'https://a0.muscache.com/im/pictures/afad3bbd-a2d7-449b-acf2-d541ae15314e.jpg?im_w=720');
INSERT INTO IMAGE (IMAGE_ID, ACCOMODATION_ID, IMAGE_URL) VALUES (3899, 208, 'https://a0.muscache.com/im/pictures/19b4d65a-ab22-422b-a80d-57798072fa4d.jpg?im_w=720');
INSERT INTO IMAGE (IMAGE_ID, ACCOMODATION_ID, IMAGE_URL) VALUES (3900, 208, 'https://a0.muscache.com/im/pictures/dd1ec977-4045-47f4-b515-4c11adea023b.jpg?im_w=720');
INSERT INTO IMAGE (IMAGE_ID, ACCOMODATION_ID, IMAGE_URL) VALUES (3901, 208, 'https://a0.muscache.com/im/pictures/f5c69c89-c26e-4c3c-bb1e-1f7ff454530a.jpg?im_w=720');
INSERT INTO IMAGE (IMAGE_ID, ACCOMODATION_ID, IMAGE_URL) VALUES (3902, 208, 'https://a0.muscache.com/im/pictures/8e4a177b-09dd-446c-8d52-4ace36fe1779.jpg?im_w=720');
INSERT INTO IMAGE (IMAGE_ID, ACCOMODATION_ID, IMAGE_URL) VALUES (3903, 208, 'https://a0.muscache.com/im/pictures/b2593407-61ff-4b11-864f-24043782354a.jpg?im_w=720');
INSERT INTO IMAGE (IMAGE_ID, ACCOMODATION_ID, IMAGE_URL) VALUES (3904, 208, 'https://a0.muscache.com/im/pictures/e529db93-9f8a-4033-86f7-f8207626e5b5.jpg?im_w=720');
INSERT INTO IMAGE (IMAGE_ID, ACCOMODATION_ID, IMAGE_URL) VALUES (3905, 208, 'https://a0.muscache.com/im/pictures/d0117c68-0577-49f8-9f80-c4d6d2c48263.jpg?im_w=720');
INSERT INTO IMAGE (IMAGE_ID, ACCOMODATION_ID, IMAGE_URL) VALUES (3906, 208, 'https://a0.muscache.com/im/pictures/e6bced06-3506-424f-8149-6d56a78859e0.jpg?im_w=720');
INSERT INTO IMAGE (IMAGE_ID, ACCOMODATION_ID, IMAGE_URL) VALUES (3907, 208, 'https://a0.muscache.com/im/pictures/4305a28d-742b-4c74-aadd-0b356522f6e8.jpg?im_w=720');
INSERT INTO IMAGE (IMAGE_ID, ACCOMODATION_ID, IMAGE_URL) VALUES (3908, 208, 'https://a0.muscache.com/im/pictures/adee0311-9d2f-45bf-91b0-8353f63b88c6.jpg?im_w=720');
INSERT INTO IMAGE (IMAGE_ID, ACCOMODATION_ID, IMAGE_URL) VALUES (3909, 208, 'https://a0.muscache.com/im/pictures/bfcbdb4d-32fb-4b13-b45a-c82922c5ef65.jpg?im_w=720');
INSERT INTO IMAGE (IMAGE_ID, ACCOMODATION_ID, IMAGE_URL) VALUES (3910, 208, 'https://a0.muscache.com/im/pictures/022cdcd0-deba-47a0-9bd8-877ed6eabb5a.jpg?im_w=720');
INSERT INTO IMAGE (IMAGE_ID, ACCOMODATION_ID, IMAGE_URL) VALUES (3911, 208, 'https://a0.muscache.com/im/pictures/93c3fd7f-2cbb-46a2-b825-252261adbf4d.jpg?im_w=720');
INSERT INTO IMAGE (IMAGE_ID, ACCOMODATION_ID, IMAGE_URL) VALUES (3912, 208, 'https://a0.muscache.com/im/pictures/8770ca5f-bfea-46f4-b7f6-8f93db1023f3.jpg?im_w=720');
INSERT INTO IMAGE (IMAGE_ID, ACCOMODATION_ID, IMAGE_URL) VALUES (3913, 208, 'https://a0.muscache.com/im/pictures/b0d3cf3e-e952-4360-b673-c7ce75a09e64.jpg?im_w=720');
INSERT INTO IMAGE (IMAGE_ID, ACCOMODATION_ID, IMAGE_URL) VALUES (3914, 208, 'https://a0.muscache.com/im/pictures/ed58c2d3-a7ad-45e8-a58d-b768beb65d70.jpg?im_w=720');
INSERT INTO IMAGE (IMAGE_ID, ACCOMODATION_ID, IMAGE_URL) VALUES (3915, 208, 'https://a0.muscache.com/im/pictures/c482637d-de48-4513-90f4-fea51690cc49.jpg?im_w=720');
INSERT INTO IMAGE (IMAGE_ID, ACCOMODATION_ID, IMAGE_URL) VALUES (3916, 208, 'https://a0.muscache.com/im/pictures/b4b2edcb-04a8-4b54-8d92-c701460f5d90.jpg?im_w=720');
INSERT INTO IMAGE (IMAGE_ID, ACCOMODATION_ID, IMAGE_URL) VALUES (3917, 208, 'https://a0.muscache.com/im/pictures/e3790672-7cdf-4f92-b646-7d6f7f31e80e.jpg?im_w=720');
INSERT INTO IMAGE (IMAGE_ID, ACCOMODATION_ID, IMAGE_URL) VALUES (3918, 208, 'https://a0.muscache.com/im/pictures/c68d113a-0713-43df-8453-1901c67f4795.jpg?im_w=720');
INSERT INTO IMAGE (IMAGE_ID, ACCOMODATION_ID, IMAGE_URL) VALUES (3919, 208, 'https://a0.muscache.com/im/pictures/6b7f86e3-7e94-4c1f-acf8-c20c34abef76.jpg?im_w=720');
INSERT INTO IMAGE (IMAGE_ID, ACCOMODATION_ID, IMAGE_URL) VALUES (3920, 208, 'https://a0.muscache.com/im/pictures/bba063cc-bf64-4658-823e-52365f3ac4d4.jpg?im_w=720');
INSERT INTO IMAGE (IMAGE_ID, ACCOMODATION_ID, IMAGE_URL) VALUES (3921, 208, 'https://a0.muscache.com/im/pictures/5765ab0f-97fc-47a0-ba42-775c4ae53f93.jpg?im_w=720');
INSERT INTO IMAGE (IMAGE_ID, ACCOMODATION_ID, IMAGE_URL) VALUES (3922, 208, 'https://a0.muscache.com/im/pictures/080079bf-8e51-415e-bb06-83a536329c45.jpg?im_w=720');

INSERT INTO LOCATION (LOCATION_ID, LOCATION_NAME, COUNTRY, REGION, CITY, LATITUDE, LONGITUDE) VALUES (209, '지명209', ' 한국', ' 서울', 'Songpa-gu', 37.50037, 127.10015);
INSERT INTO ACCOMODATION (`ACCOMODATION_ID`, `LOCATION_ID`, `ACCOMODATION_NAME`, `HOST_NAME`, `DISCRIPTION`, `ACCOMODATION_TYPE`, `PRICE`, `MAXIMUM_OCCUPANCY`, `AVERAGE_POINT`, `BED_ROOM`, `BATH_ROOM`, `BED_COUNT`,`OPTION`) VALUES (209, 209, '#Hans House #NETFLIX #무료주차장', '호스트209', '설명209', '집 전체', 424894, 2, 4.8, 1, 1,1, '주방,무선 인터넷,에어컨,헤어드라이어');
INSERT INTO IMAGE (IMAGE_ID, ACCOMODATION_ID, IMAGE_URL) VALUES (3923, 209, 'https://a0.muscache.com/im/pictures/b093a69a-b4cd-487a-9bf5-4510e7bb569b.jpg?im_w=720');
INSERT INTO IMAGE (IMAGE_ID, ACCOMODATION_ID, IMAGE_URL) VALUES (3924, 209, 'https://a0.muscache.com/im/pictures/9c5034c4-43e5-4149-a984-89a7430399d4.jpg?im_w=720');
INSERT INTO IMAGE (IMAGE_ID, ACCOMODATION_ID, IMAGE_URL) VALUES (3925, 209, 'https://a0.muscache.com/im/pictures/e71ca5ca-588c-4e99-a901-c0b69c58f84b.jpg?im_w=720');
INSERT INTO IMAGE (IMAGE_ID, ACCOMODATION_ID, IMAGE_URL) VALUES (3926, 209, 'https://a0.muscache.com/im/pictures/2e0d2b47-b111-41e2-9dd5-04d806474b49.jpg?im_w=720');
INSERT INTO IMAGE (IMAGE_ID, ACCOMODATION_ID, IMAGE_URL) VALUES (3927, 209, 'https://a0.muscache.com/im/pictures/968333e5-ac66-4c74-9123-d42462b75051.jpg?im_w=720');
INSERT INTO IMAGE (IMAGE_ID, ACCOMODATION_ID, IMAGE_URL) VALUES (3928, 209, 'https://a0.muscache.com/im/pictures/20091281-da8a-4f07-80f2-b010aa60c733.jpg?im_w=720');
INSERT INTO IMAGE (IMAGE_ID, ACCOMODATION_ID, IMAGE_URL) VALUES (3929, 209, 'https://a0.muscache.com/im/pictures/cab3ac84-bbfa-44e9-95f1-b2415e3416d3.jpg?im_w=720');
INSERT INTO IMAGE (IMAGE_ID, ACCOMODATION_ID, IMAGE_URL) VALUES (3930, 209, 'https://a0.muscache.com/im/pictures/63609d7d-4bac-4474-8d54-a262c5351f27.jpg?im_w=720');
INSERT INTO IMAGE (IMAGE_ID, ACCOMODATION_ID, IMAGE_URL) VALUES (3931, 209, 'https://a0.muscache.com/im/pictures/41b79c26-8dd2-4a2e-8c78-100ce3a623a6.jpg?im_w=720');
INSERT INTO IMAGE (IMAGE_ID, ACCOMODATION_ID, IMAGE_URL) VALUES (3932, 209, 'https://a0.muscache.com/im/pictures/d892792e-0f5d-4b9e-bf27-10f2aa1970e0.jpg?im_w=720');
INSERT INTO IMAGE (IMAGE_ID, ACCOMODATION_ID, IMAGE_URL) VALUES (3933, 209, 'https://a0.muscache.com/im/pictures/043da37a-2bf1-4dfe-971f-48a862bace39.jpg?im_w=720');
INSERT INTO IMAGE (IMAGE_ID, ACCOMODATION_ID, IMAGE_URL) VALUES (3934, 209, 'https://a0.muscache.com/im/pictures/a58912f2-50ea-48ff-98c6-910078a77378.jpg?im_w=720');
INSERT INTO IMAGE (IMAGE_ID, ACCOMODATION_ID, IMAGE_URL) VALUES (3935, 209, 'https://a0.muscache.com/im/pictures/cf117173-c0e9-4ed9-991d-905721c2f957.jpg?im_w=720');
INSERT INTO IMAGE (IMAGE_ID, ACCOMODATION_ID, IMAGE_URL) VALUES (3936, 209, 'https://a0.muscache.com/im/pictures/16979621-d89c-4e63-bb27-90a2ef2c9117.jpg?im_w=720');
INSERT INTO IMAGE (IMAGE_ID, ACCOMODATION_ID, IMAGE_URL) VALUES (3937, 209, 'https://a0.muscache.com/im/pictures/8e7d21d4-4e87-4e59-a8ac-67d166406128.jpg?im_w=720');
INSERT INTO IMAGE (IMAGE_ID, ACCOMODATION_ID, IMAGE_URL) VALUES (3938, 209, 'https://a0.muscache.com/im/pictures/ab80e6ef-c773-499e-9ccc-f37c96d07ea8.jpg?im_w=720');
INSERT INTO IMAGE (IMAGE_ID, ACCOMODATION_ID, IMAGE_URL) VALUES (3939, 209, 'https://a0.muscache.com/im/pictures/067d76cd-c943-483b-a283-48a6aa5636cd.jpg?im_w=720');
INSERT INTO IMAGE (IMAGE_ID, ACCOMODATION_ID, IMAGE_URL) VALUES (3940, 209, 'https://a0.muscache.com/im/pictures/d571464b-a871-40ef-b764-35b53a66e80f.jpg?im_w=720');
INSERT INTO IMAGE (IMAGE_ID, ACCOMODATION_ID, IMAGE_URL) VALUES (3941, 209, 'https://a0.muscache.com/im/pictures/ea3717ef-7052-4917-a468-0463ce54f312.jpg?im_w=720');
INSERT INTO IMAGE (IMAGE_ID, ACCOMODATION_ID, IMAGE_URL) VALUES (3942, 209, 'https://a0.muscache.com/im/pictures/11ba1b30-ee96-4649-adf1-50c1a59a43aa.jpg?im_w=720');
INSERT INTO IMAGE (IMAGE_ID, ACCOMODATION_ID, IMAGE_URL) VALUES (3943, 209, 'https://a0.muscache.com/im/pictures/d0f5160b-e654-4b7a-a96d-3af260ef7150.jpg?im_w=720');
INSERT INTO IMAGE (IMAGE_ID, ACCOMODATION_ID, IMAGE_URL) VALUES (3944, 209, 'https://a0.muscache.com/im/pictures/894b3997-908c-42a4-bbb6-dfb3a2ded6a1.jpg?im_w=720');
INSERT INTO IMAGE (IMAGE_ID, ACCOMODATION_ID, IMAGE_URL) VALUES (3945, 209, 'https://a0.muscache.com/im/pictures/ad6552e4-1324-4282-999f-7365cabdeea8.jpg?im_w=720');
INSERT INTO IMAGE (IMAGE_ID, ACCOMODATION_ID, IMAGE_URL) VALUES (3946, 209, 'https://a0.muscache.com/im/pictures/d5fe61dc-b438-47df-a066-315ed415d3f4.jpg?im_w=720');
INSERT INTO IMAGE (IMAGE_ID, ACCOMODATION_ID, IMAGE_URL) VALUES (3947, 209, 'https://a0.muscache.com/im/pictures/e6cf7717-ae77-4d42-a63c-daca70672b18.jpg?im_w=720');
INSERT INTO IMAGE (IMAGE_ID, ACCOMODATION_ID, IMAGE_URL) VALUES (3948, 209, 'https://a0.muscache.com/im/pictures/17a57426-57e9-4b16-9a03-8ef051594fe3.jpg?im_w=720');
INSERT INTO IMAGE (IMAGE_ID, ACCOMODATION_ID, IMAGE_URL) VALUES (3949, 209, 'https://a0.muscache.com/im/pictures/dbbe5d93-c2e6-46b5-b841-f0b7c1767fd3.jpg?im_w=720');
INSERT INTO IMAGE (IMAGE_ID, ACCOMODATION_ID, IMAGE_URL) VALUES (3950, 209, 'https://a0.muscache.com/im/pictures/d59cf04e-854b-4445-8a38-1494bf882013.jpg?im_w=720');
INSERT INTO IMAGE (IMAGE_ID, ACCOMODATION_ID, IMAGE_URL) VALUES (3951, 209, 'https://a0.muscache.com/im/pictures/fd753983-b888-41e1-ad78-1fc8e2c030dc.jpg?im_w=720');
INSERT INTO IMAGE (IMAGE_ID, ACCOMODATION_ID, IMAGE_URL) VALUES (3952, 209, 'https://a0.muscache.com/im/pictures/3813c34e-5782-4e76-95af-5b13a9c67ede.jpg?im_w=720');

INSERT INTO LOCATION (LOCATION_ID, LOCATION_NAME, COUNTRY, REGION, CITY, LATITUDE, LONGITUDE) VALUES (210, '지명210', ' 서울', ' Gangnam-gu', 'Irwon 1(il)-dong', 37.495, 127.08522);
INSERT INTO ACCOMODATION (`ACCOMODATION_ID`, `LOCATION_ID`, `ACCOMODATION_NAME`, `HOST_NAME`, `DISCRIPTION`, `ACCOMODATION_TYPE`, `PRICE`, `MAXIMUM_OCCUPANCY`, `AVERAGE_POINT`, `BED_ROOM`, `BATH_ROOM`, `BED_COUNT`,`OPTION`) VALUES (210, 210, '일원동 21년 오픈한 호호하우스 3호, (삼성병원 가까운 깨끗하고, 편안하고 조용한집)', '호스트210', '설명210', '집 전체', 343189, 2, 5.5, 1, 1,1, '주방,무선 인터넷,에어컨,헤어드라이어');
INSERT INTO IMAGE (IMAGE_ID, ACCOMODATION_ID, IMAGE_URL) VALUES (3953, 210, 'https://a0.muscache.com/im/pictures/a942b1a5-6bb1-455a-9851-a0ba596b2e62.jpg?im_w=720');
INSERT INTO IMAGE (IMAGE_ID, ACCOMODATION_ID, IMAGE_URL) VALUES (3954, 210, 'https://a0.muscache.com/im/pictures/458ef6f4-5d2f-4daf-9cc8-12fcd6357dd1.jpg?im_w=720');
INSERT INTO IMAGE (IMAGE_ID, ACCOMODATION_ID, IMAGE_URL) VALUES (3955, 210, 'https://a0.muscache.com/im/pictures/744e2a09-35bf-4ea4-8e84-76398e3c9ff6.jpg?im_w=720');
INSERT INTO IMAGE (IMAGE_ID, ACCOMODATION_ID, IMAGE_URL) VALUES (3956, 210, 'https://a0.muscache.com/im/pictures/7f3b7e23-5e5f-47dd-a6cc-ad7536ae1d47.jpg?im_w=720');
INSERT INTO IMAGE (IMAGE_ID, ACCOMODATION_ID, IMAGE_URL) VALUES (3957, 210, 'https://a0.muscache.com/im/pictures/2969a5c5-59ad-4b45-9c56-434f41d4f4f3.jpg?im_w=720');
INSERT INTO IMAGE (IMAGE_ID, ACCOMODATION_ID, IMAGE_URL) VALUES (3958, 210, 'https://a0.muscache.com/im/pictures/a39aa670-297a-49eb-8921-f20a8b3ecdea.jpg?im_w=720');
INSERT INTO IMAGE (IMAGE_ID, ACCOMODATION_ID, IMAGE_URL) VALUES (3959, 210, 'https://a0.muscache.com/im/pictures/c31e41a7-841a-4286-b11a-dfa06f18c90d.jpg?im_w=720');
INSERT INTO IMAGE (IMAGE_ID, ACCOMODATION_ID, IMAGE_URL) VALUES (3960, 210, 'https://a0.muscache.com/im/pictures/3a39426f-1bf9-44cb-b381-060b23dfaff7.jpg?im_w=720');
INSERT INTO IMAGE (IMAGE_ID, ACCOMODATION_ID, IMAGE_URL) VALUES (3961, 210, 'https://a0.muscache.com/im/pictures/c1ca010b-e732-440b-9b93-7ff6aca62f80.jpg?im_w=720');
INSERT INTO IMAGE (IMAGE_ID, ACCOMODATION_ID, IMAGE_URL) VALUES (3962, 210, 'https://a0.muscache.com/im/pictures/9cd7752d-d380-4a09-a4c9-88c6dd402a07.jpg?im_w=720');
INSERT INTO IMAGE (IMAGE_ID, ACCOMODATION_ID, IMAGE_URL) VALUES (3963, 210, 'https://a0.muscache.com/im/pictures/de82f3f8-8107-43ad-a448-59082751dbed.jpg?im_w=720');

INSERT INTO LOCATION (LOCATION_ID, LOCATION_NAME, COUNTRY, REGION, CITY, LATITUDE, LONGITUDE) VALUES (211, '지명211', ' 서울', ' Gangnam-gu', 'Irwon 1(il)-dong', 37.49281, 127.08371);
INSERT INTO ACCOMODATION (`ACCOMODATION_ID`, `LOCATION_ID`, `ACCOMODATION_NAME`, `HOST_NAME`, `DISCRIPTION`, `ACCOMODATION_TYPE`, `PRICE`, `MAXIMUM_OCCUPANCY`, `AVERAGE_POINT`, `BED_ROOM`, `BATH_ROOM`, `BED_COUNT`,`OPTION`) VALUES (211, 211, '일원동 20년 오픈한 호호하우스 2호, (삼성병원 가까운 깨끗하고, 편안하고 조용한집)', '호스트211', '설명211', '집 전체', 170963, 2, 5.2, 1, 1,1, '주방,무선 인터넷,에어컨,헤어드라이어');
INSERT INTO IMAGE (IMAGE_ID, ACCOMODATION_ID, IMAGE_URL) VALUES (3964, 211, 'https://a0.muscache.com/im/pictures/cff22e8e-7ee1-4b3d-8607-4948f7a25856.jpg?im_w=720');
INSERT INTO IMAGE (IMAGE_ID, ACCOMODATION_ID, IMAGE_URL) VALUES (3965, 211, 'https://a0.muscache.com/im/pictures/ac4f7c3f-9e5f-4f2d-9ff3-25a9f2764916.jpg?im_w=720');
INSERT INTO IMAGE (IMAGE_ID, ACCOMODATION_ID, IMAGE_URL) VALUES (3966, 211, 'https://a0.muscache.com/im/pictures/91436d87-ab8c-4554-9a82-69dc3a33268b.jpg?im_w=720');
INSERT INTO IMAGE (IMAGE_ID, ACCOMODATION_ID, IMAGE_URL) VALUES (3967, 211, 'https://a0.muscache.com/im/pictures/900bc591-f286-4b18-842c-27d9729416d1.jpg?im_w=720');
INSERT INTO IMAGE (IMAGE_ID, ACCOMODATION_ID, IMAGE_URL) VALUES (3968, 211, 'https://a0.muscache.com/im/pictures/dd4eb95f-f76f-495b-9a27-f70456097c76.jpg?im_w=720');
INSERT INTO IMAGE (IMAGE_ID, ACCOMODATION_ID, IMAGE_URL) VALUES (3969, 211, 'https://a0.muscache.com/im/pictures/44ad5ae8-0648-4064-b339-62d826b2c0c9.jpg?im_w=720');
INSERT INTO IMAGE (IMAGE_ID, ACCOMODATION_ID, IMAGE_URL) VALUES (3970, 211, 'https://a0.muscache.com/im/pictures/badc175f-1091-4bd4-b320-477f21f08c11.jpg?im_w=720');
INSERT INTO IMAGE (IMAGE_ID, ACCOMODATION_ID, IMAGE_URL) VALUES (3971, 211, 'https://a0.muscache.com/im/pictures/1ff5e7b2-9c46-485f-be2a-8ebf85e71c45.jpg?im_w=720');
INSERT INTO IMAGE (IMAGE_ID, ACCOMODATION_ID, IMAGE_URL) VALUES (3972, 211, 'https://a0.muscache.com/im/pictures/e9c1fb81-7dfb-4ef6-9d49-3cec3d12d135.jpg?im_w=720');
INSERT INTO IMAGE (IMAGE_ID, ACCOMODATION_ID, IMAGE_URL) VALUES (3973, 211, 'https://a0.muscache.com/im/pictures/01d5dc86-3ebe-4853-b13a-50b435b088e5.jpg?im_w=720');
INSERT INTO IMAGE (IMAGE_ID, ACCOMODATION_ID, IMAGE_URL) VALUES (3974, 211, 'https://a0.muscache.com/im/pictures/44956c58-3a66-42fb-977b-1447a90c75df.jpg?im_w=720');
INSERT INTO IMAGE (IMAGE_ID, ACCOMODATION_ID, IMAGE_URL) VALUES (3975, 211, 'https://a0.muscache.com/im/pictures/309eb6f1-c664-4ccb-8695-06a0870849c5.jpg?im_w=720');
INSERT INTO IMAGE (IMAGE_ID, ACCOMODATION_ID, IMAGE_URL) VALUES (3976, 211, 'https://a0.muscache.com/im/pictures/77e0ca09-5105-4374-a88e-4a2cd42350e0.jpg?im_w=720');
INSERT INTO IMAGE (IMAGE_ID, ACCOMODATION_ID, IMAGE_URL) VALUES (3977, 211, 'https://a0.muscache.com/im/pictures/80f9755e-96a4-4fd4-9c54-fc86c6c8996c.jpg?im_w=720');
INSERT INTO IMAGE (IMAGE_ID, ACCOMODATION_ID, IMAGE_URL) VALUES (3978, 211, 'https://a0.muscache.com/im/pictures/5ba28b5e-93dd-4fad-8bfd-b71eeb7d1189.jpg?im_w=720');
INSERT INTO IMAGE (IMAGE_ID, ACCOMODATION_ID, IMAGE_URL) VALUES (3979, 211, 'https://a0.muscache.com/im/pictures/848a1b75-9864-4938-86c7-c4e832f40e31.jpg?im_w=720');
INSERT INTO IMAGE (IMAGE_ID, ACCOMODATION_ID, IMAGE_URL) VALUES (3980, 211, 'https://a0.muscache.com/im/pictures/40d10c62-1b84-415e-8bec-4d9fe4756a33.jpg?im_w=720');
INSERT INTO IMAGE (IMAGE_ID, ACCOMODATION_ID, IMAGE_URL) VALUES (3981, 211, 'https://a0.muscache.com/im/pictures/e826b8f9-e548-4a9d-a09f-21a601bfead6.jpg?im_w=720');
INSERT INTO IMAGE (IMAGE_ID, ACCOMODATION_ID, IMAGE_URL) VALUES (3982, 211, 'https://a0.muscache.com/im/pictures/88a65fb9-fd94-40d1-9d53-48a58bc66720.jpg?im_w=720');

INSERT INTO LOCATION (LOCATION_ID, LOCATION_NAME, COUNTRY, REGION, CITY, LATITUDE, LONGITUDE) VALUES (212, '지명212', ' 한국', ' 서울', '강남구', 37.49145, 127.08728);
INSERT INTO ACCOMODATION (`ACCOMODATION_ID`, `LOCATION_ID`, `ACCOMODATION_NAME`, `HOST_NAME`, `DISCRIPTION`, `ACCOMODATION_TYPE`, `PRICE`, `MAXIMUM_OCCUPANCY`, `AVERAGE_POINT`, `BED_ROOM`, `BATH_ROOM`, `BED_COUNT`,`OPTION`) VALUES (212, 212, '로즈하우스 Ⅱ(B1)', '호스트212', '설명212', '집 전체', 600697, 4, 1.0, 2, 1,2, '주방,무선 인터넷,에어컨,헤어드라이어');
INSERT INTO IMAGE (IMAGE_ID, ACCOMODATION_ID, IMAGE_URL) VALUES (3983, 212, 'https://a0.muscache.com/im/pictures/miso/Hosting-9734707/original/65373270-e93f-469c-b88a-008d749860b1.jpeg?im_w=720');
INSERT INTO IMAGE (IMAGE_ID, ACCOMODATION_ID, IMAGE_URL) VALUES (3984, 212, 'https://a0.muscache.com/im/pictures/miso/Hosting-9734707/original/c7fadf95-589c-4be4-86c0-5f1396274189.jpeg?im_w=720');
INSERT INTO IMAGE (IMAGE_ID, ACCOMODATION_ID, IMAGE_URL) VALUES (3985, 212, 'https://a0.muscache.com/im/pictures/miso/Hosting-9734707/original/31dae878-3893-4cf2-8744-c655fdffc003.jpeg?im_w=720');
INSERT INTO IMAGE (IMAGE_ID, ACCOMODATION_ID, IMAGE_URL) VALUES (3986, 212, 'https://a0.muscache.com/im/pictures/miso/Hosting-9734707/original/5f4d8294-aa3c-4fdb-a010-b5eacfe35e9d.jpeg?im_w=720');
INSERT INTO IMAGE (IMAGE_ID, ACCOMODATION_ID, IMAGE_URL) VALUES (3987, 212, 'https://a0.muscache.com/im/pictures/miso/Hosting-9734707/original/904301fd-b62f-4351-a740-1b7a30351ea6.jpeg?im_w=720');
INSERT INTO IMAGE (IMAGE_ID, ACCOMODATION_ID, IMAGE_URL) VALUES (3988, 212, 'https://a0.muscache.com/im/pictures/miso/Hosting-9734707/original/60791dce-8c01-4df3-9481-ac174a4cb1fc.jpeg?im_w=720');
INSERT INTO IMAGE (IMAGE_ID, ACCOMODATION_ID, IMAGE_URL) VALUES (3989, 212, 'https://a0.muscache.com/im/pictures/miso/Hosting-9734707/original/50353178-f41f-4042-a346-6b65257fb96d.jpeg?im_w=720');
INSERT INTO IMAGE (IMAGE_ID, ACCOMODATION_ID, IMAGE_URL) VALUES (3990, 212, 'https://a0.muscache.com/im/pictures/7c2658c6-1148-4732-a187-3a543e525d29.jpg?im_w=720');
INSERT INTO IMAGE (IMAGE_ID, ACCOMODATION_ID, IMAGE_URL) VALUES (3991, 212, 'https://a0.muscache.com/im/pictures/miso/Hosting-9734707/original/874018d2-794d-4923-8ecb-aca2fe517303.jpeg?im_w=720');
INSERT INTO IMAGE (IMAGE_ID, ACCOMODATION_ID, IMAGE_URL) VALUES (3992, 212, 'https://a0.muscache.com/im/pictures/27cf27cc-8747-4474-a47b-476a8cc56b76.jpg?im_w=720');
INSERT INTO IMAGE (IMAGE_ID, ACCOMODATION_ID, IMAGE_URL) VALUES (3993, 212, 'https://a0.muscache.com/im/pictures/miso/Hosting-9734707/original/65eda9dc-efd0-408f-b658-01a59cfc279d.jpeg?im_w=720');
INSERT INTO IMAGE (IMAGE_ID, ACCOMODATION_ID, IMAGE_URL) VALUES (3994, 212, 'https://a0.muscache.com/im/pictures/miso/Hosting-9734707/original/e02c6b4c-8833-404d-998c-46e2fc70a0ed.jpeg?im_w=720');
INSERT INTO IMAGE (IMAGE_ID, ACCOMODATION_ID, IMAGE_URL) VALUES (3995, 212, 'https://a0.muscache.com/im/pictures/miso/Hosting-9734707/original/07b3aab5-f991-4524-ab0e-99361fabdb6c.jpeg?im_w=720');
INSERT INTO IMAGE (IMAGE_ID, ACCOMODATION_ID, IMAGE_URL) VALUES (3996, 212, 'https://a0.muscache.com/im/pictures/miso/Hosting-9734707/original/91a5fb1c-3718-472f-af78-f925f62b7d3e.jpeg?im_w=720');
INSERT INTO IMAGE (IMAGE_ID, ACCOMODATION_ID, IMAGE_URL) VALUES (3997, 212, 'https://a0.muscache.com/im/pictures/41b4ec96-19fc-4124-b99d-b42f7eead7b2.jpg?im_w=720');
INSERT INTO IMAGE (IMAGE_ID, ACCOMODATION_ID, IMAGE_URL) VALUES (3998, 212, 'https://a0.muscache.com/im/pictures/ca744c59-406b-4cee-bb1b-e60c6165b27e.jpg?im_w=720');
INSERT INTO IMAGE (IMAGE_ID, ACCOMODATION_ID, IMAGE_URL) VALUES (3999, 212, 'https://a0.muscache.com/im/pictures/miso/Hosting-9734707/original/52e4dbbf-07c2-4735-a7cd-f815d88fcb71.jpeg?im_w=720');
INSERT INTO IMAGE (IMAGE_ID, ACCOMODATION_ID, IMAGE_URL) VALUES (4000, 212, 'https://a0.muscache.com/im/pictures/ff00d87d-d58a-428b-b4d9-f6b2235ccd53.jpg?im_w=720');
INSERT INTO IMAGE (IMAGE_ID, ACCOMODATION_ID, IMAGE_URL) VALUES (4001, 212, 'https://a0.muscache.com/im/pictures/b94f862d-c59c-4856-be68-b3ce6c7cb8c4.jpg?im_w=720');
INSERT INTO IMAGE (IMAGE_ID, ACCOMODATION_ID, IMAGE_URL) VALUES (4002, 212, 'https://a0.muscache.com/im/pictures/miso/Hosting-9734707/original/188b3900-f1dd-4f10-929c-926c3447a781.jpeg?im_w=720');
INSERT INTO IMAGE (IMAGE_ID, ACCOMODATION_ID, IMAGE_URL) VALUES (4003, 212, 'https://a0.muscache.com/im/pictures/miso/Hosting-9734707/original/2a7262f2-2c2f-4f2f-bc2a-da5c7494902e.jpeg?im_w=720');
INSERT INTO IMAGE (IMAGE_ID, ACCOMODATION_ID, IMAGE_URL) VALUES (4004, 212, 'https://a0.muscache.com/im/pictures/84645e25-8fe6-4931-980c-b4620864120a.jpg?im_w=720');
INSERT INTO IMAGE (IMAGE_ID, ACCOMODATION_ID, IMAGE_URL) VALUES (4005, 212, 'https://a0.muscache.com/im/pictures/miso/Hosting-9734707/original/ae8355fa-5f28-46f7-8743-7875569cb1bb.jpeg?im_w=720');
INSERT INTO IMAGE (IMAGE_ID, ACCOMODATION_ID, IMAGE_URL) VALUES (4006, 212, 'https://a0.muscache.com/im/pictures/miso/Hosting-9734707/original/6e5b1995-1b59-4484-b4ea-cacd997b9e6b.jpeg?im_w=720');
INSERT INTO IMAGE (IMAGE_ID, ACCOMODATION_ID, IMAGE_URL) VALUES (4007, 212, 'https://a0.muscache.com/im/pictures/miso/Hosting-9734707/original/06a9c4d2-f513-4ebc-8983-2ac99dbf01b6.jpeg?im_w=720');
INSERT INTO IMAGE (IMAGE_ID, ACCOMODATION_ID, IMAGE_URL) VALUES (4008, 212, 'https://a0.muscache.com/im/pictures/miso/Hosting-9734707/original/1d84b26f-3b01-4f07-9fe3-103f7f12feaf.jpeg?im_w=720');
INSERT INTO IMAGE (IMAGE_ID, ACCOMODATION_ID, IMAGE_URL) VALUES (4009, 212, 'https://a0.muscache.com/im/pictures/b7e181c7-57e1-432a-b906-1e692080ff39.jpg?im_w=720');
INSERT INTO IMAGE (IMAGE_ID, ACCOMODATION_ID, IMAGE_URL) VALUES (4010, 212, 'https://a0.muscache.com/im/pictures/197ce709-efda-43d6-8d77-25039fd6e40f.jpg?im_w=720');
INSERT INTO IMAGE (IMAGE_ID, ACCOMODATION_ID, IMAGE_URL) VALUES (4011, 212, 'https://a0.muscache.com/im/pictures/miso/Hosting-9734707/original/83e3b978-7192-42ef-b299-8137f3de31c4.jpeg?im_w=720');
INSERT INTO IMAGE (IMAGE_ID, ACCOMODATION_ID, IMAGE_URL) VALUES (4012, 212, 'https://a0.muscache.com/im/pictures/miso/Hosting-9734707/original/a141fbeb-809c-4a1b-919b-1995d5871ef8.jpeg?im_w=720');

INSERT INTO LOCATION (LOCATION_ID, LOCATION_NAME, COUNTRY, REGION, CITY, LATITUDE, LONGITUDE) VALUES (213, '지명213', ' 한국', ' 서울특별시', '강남구', 37.49211, 127.08371);
INSERT INTO ACCOMODATION (`ACCOMODATION_ID`, `LOCATION_ID`, `ACCOMODATION_NAME`, `HOST_NAME`, `DISCRIPTION`, `ACCOMODATION_TYPE`, `PRICE`, `MAXIMUM_OCCUPANCY`, `AVERAGE_POINT`, `BED_ROOM`, `BATH_ROOM`, `BED_COUNT`,`OPTION`) VALUES (213, 213, '삼성병원 후문 깨끗한 원룸', '호스트213', '설명213', '개인실', 490366, 1, 5.2, 0, 1,0, '주방,무선 인터넷,에어컨,헤어드라이어');
INSERT INTO IMAGE (IMAGE_ID, ACCOMODATION_ID, IMAGE_URL) VALUES (4013, 213, 'https://a0.muscache.com/im/pictures/4f606bb8-f185-4da5-971f-0255ccb719fe.jpg?im_w=720');
INSERT INTO IMAGE (IMAGE_ID, ACCOMODATION_ID, IMAGE_URL) VALUES (4014, 213, 'https://a0.muscache.com/im/pictures/9d4625bd-3796-4dc5-b5f6-fee01310c5f2.jpg?im_w=720');
INSERT INTO IMAGE (IMAGE_ID, ACCOMODATION_ID, IMAGE_URL) VALUES (4015, 213, 'https://a0.muscache.com/im/pictures/63a4aa18-88d5-434f-a61e-d1e887c81d96.jpg?im_w=720');
INSERT INTO IMAGE (IMAGE_ID, ACCOMODATION_ID, IMAGE_URL) VALUES (4016, 213, 'https://a0.muscache.com/im/pictures/e13b8929-e72a-4429-b1ea-cd24acb1b663.jpg?im_w=720');
INSERT INTO IMAGE (IMAGE_ID, ACCOMODATION_ID, IMAGE_URL) VALUES (4017, 213, 'https://a0.muscache.com/im/pictures/adb1e431-7340-497d-8274-c448429ebbdc.jpg?im_w=720');
INSERT INTO IMAGE (IMAGE_ID, ACCOMODATION_ID, IMAGE_URL) VALUES (4018, 213, 'https://a0.muscache.com/im/pictures/5e747997-7174-4163-8dbd-a940e535734c.jpg?im_w=720');
INSERT INTO IMAGE (IMAGE_ID, ACCOMODATION_ID, IMAGE_URL) VALUES (4019, 213, 'https://a0.muscache.com/im/pictures/e1ee3316-9711-449a-a4d1-9f87170d70b4.jpg?im_w=720');
INSERT INTO IMAGE (IMAGE_ID, ACCOMODATION_ID, IMAGE_URL) VALUES (4020, 213, 'https://a0.muscache.com/im/pictures/741c1b85-f371-4eaa-8ff7-9650b41e4893.jpg?im_w=720');
INSERT INTO IMAGE (IMAGE_ID, ACCOMODATION_ID, IMAGE_URL) VALUES (4021, 213, 'https://a0.muscache.com/im/pictures/15a7db23-0b4f-42b6-84ea-a56068c9e869.jpg?im_w=720');
INSERT INTO IMAGE (IMAGE_ID, ACCOMODATION_ID, IMAGE_URL) VALUES (4022, 213, 'https://a0.muscache.com/im/pictures/499a4358-6385-48a1-9c4f-b4c08b001e1c.jpg?im_w=720');
INSERT INTO IMAGE (IMAGE_ID, ACCOMODATION_ID, IMAGE_URL) VALUES (4023, 213, 'https://a0.muscache.com/im/pictures/86f728d7-0d49-4263-8d35-906b804e3bd4.jpg?im_w=720');

INSERT INTO LOCATION (LOCATION_ID, LOCATION_NAME, COUNTRY, REGION, CITY, LATITUDE, LONGITUDE) VALUES (214, '지명214', ' 서울', ' Gangnam-gu', 'Suseo-dong', 37.48559, 127.10381);
INSERT INTO ACCOMODATION (`ACCOMODATION_ID`, `LOCATION_ID`, `ACCOMODATION_NAME`, `HOST_NAME`, `DISCRIPTION`, `ACCOMODATION_TYPE`, `PRICE`, `MAXIMUM_OCCUPANCY`, `AVERAGE_POINT`, `BED_ROOM`, `BATH_ROOM`, `BED_COUNT`,`OPTION`) VALUES (214, 214, '수서역/ 5인까지/ 주차1대가능/SRT기차역 바로! 삼성병원 셔틀정거장앞/ 교통편리!', '호스트214', '설명214', '집 전체', 268494, 5, 6.9, 0, 1,0, '주방,무선 인터넷,에어컨,헤어드라이어');
INSERT INTO IMAGE (IMAGE_ID, ACCOMODATION_ID, IMAGE_URL) VALUES (4024, 214, 'https://a0.muscache.com/im/pictures/9e7cb134-0b12-4964-a5a6-5df642b965ff.jpg?im_w=720');
INSERT INTO IMAGE (IMAGE_ID, ACCOMODATION_ID, IMAGE_URL) VALUES (4025, 214, 'https://a0.muscache.com/im/pictures/715f289f-e103-4813-8196-e482cba30f19.jpg?im_w=720');
INSERT INTO IMAGE (IMAGE_ID, ACCOMODATION_ID, IMAGE_URL) VALUES (4026, 214, 'https://a0.muscache.com/im/pictures/29c5e493-e91f-4c38-baa4-1c20153151d4.jpg?im_w=720');
INSERT INTO IMAGE (IMAGE_ID, ACCOMODATION_ID, IMAGE_URL) VALUES (4027, 214, 'https://a0.muscache.com/im/pictures/d2cb84c0-deed-4fa2-b822-97df3d45da0b.jpg?im_w=720');
INSERT INTO IMAGE (IMAGE_ID, ACCOMODATION_ID, IMAGE_URL) VALUES (4028, 214, 'https://a0.muscache.com/im/pictures/4e01ecb1-1e10-4518-af8f-54419616a096.jpg?im_w=720');
INSERT INTO IMAGE (IMAGE_ID, ACCOMODATION_ID, IMAGE_URL) VALUES (4029, 214, 'https://a0.muscache.com/im/pictures/48865bce-a029-4398-993b-106c97281b01.jpg?im_w=720');
INSERT INTO IMAGE (IMAGE_ID, ACCOMODATION_ID, IMAGE_URL) VALUES (4030, 214, 'https://a0.muscache.com/im/pictures/10559bf4-c7cc-4e02-b765-ba2fcfb79aab.jpg?im_w=720');
INSERT INTO IMAGE (IMAGE_ID, ACCOMODATION_ID, IMAGE_URL) VALUES (4031, 214, 'https://a0.muscache.com/im/pictures/bdfeef70-68ed-4ede-aa72-686b901d79e5.jpg?im_w=720');
INSERT INTO IMAGE (IMAGE_ID, ACCOMODATION_ID, IMAGE_URL) VALUES (4032, 214, 'https://a0.muscache.com/im/pictures/ac0687c5-4117-49ba-8d95-5698824d99f5.jpg?im_w=720');
INSERT INTO IMAGE (IMAGE_ID, ACCOMODATION_ID, IMAGE_URL) VALUES (4033, 214, 'https://a0.muscache.com/im/pictures/9d352966-4e3e-42ea-ac5e-85dfcb530697.jpg?im_w=720');
INSERT INTO IMAGE (IMAGE_ID, ACCOMODATION_ID, IMAGE_URL) VALUES (4034, 214, 'https://a0.muscache.com/im/pictures/b75004f8-7b9a-4ebb-bf20-ddc33aab2cde.jpg?im_w=720');
INSERT INTO IMAGE (IMAGE_ID, ACCOMODATION_ID, IMAGE_URL) VALUES (4035, 214, 'https://a0.muscache.com/im/pictures/9029a8e6-d6f9-47e6-993e-6cfdf6156086.jpg?im_w=720');
INSERT INTO IMAGE (IMAGE_ID, ACCOMODATION_ID, IMAGE_URL) VALUES (4036, 214, 'https://a0.muscache.com/im/pictures/a14fdc3f-97fa-4f88-82c5-279c45498f37.jpg?im_w=720');
INSERT INTO IMAGE (IMAGE_ID, ACCOMODATION_ID, IMAGE_URL) VALUES (4037, 214, 'https://a0.muscache.com/im/pictures/7afabee7-4a2b-4adb-908f-56c976b1607a.jpg?im_w=720');
INSERT INTO IMAGE (IMAGE_ID, ACCOMODATION_ID, IMAGE_URL) VALUES (4038, 214, 'https://a0.muscache.com/im/pictures/175440d9-1435-4a09-95dc-b4d89e3ea428.jpg?im_w=720');
INSERT INTO IMAGE (IMAGE_ID, ACCOMODATION_ID, IMAGE_URL) VALUES (4039, 214, 'https://a0.muscache.com/im/pictures/6250783a-f282-4b58-9abd-a15b8186ad4a.jpg?im_w=720');
INSERT INTO IMAGE (IMAGE_ID, ACCOMODATION_ID, IMAGE_URL) VALUES (4040, 214, 'https://a0.muscache.com/im/pictures/8ae426b7-0c31-4490-9a14-40cdcca026a5.jpg?im_w=720');
INSERT INTO IMAGE (IMAGE_ID, ACCOMODATION_ID, IMAGE_URL) VALUES (4041, 214, 'https://a0.muscache.com/im/pictures/1d98dc0c-711b-401c-a3a1-e672c04357cf.jpg?im_w=720');
INSERT INTO IMAGE (IMAGE_ID, ACCOMODATION_ID, IMAGE_URL) VALUES (4042, 214, 'https://a0.muscache.com/im/pictures/6dbe3e39-c293-4688-b371-de29f28244ad.jpg?im_w=720');

INSERT INTO LOCATION (LOCATION_ID, LOCATION_NAME, COUNTRY, REGION, CITY, LATITUDE, LONGITUDE) VALUES (215, '지명215', ' 한국', ' 서울', '강남구', 37.49541, 127.08113);
INSERT INTO ACCOMODATION (`ACCOMODATION_ID`, `LOCATION_ID`, `ACCOMODATION_NAME`, `HOST_NAME`, `DISCRIPTION`, `ACCOMODATION_TYPE`, `PRICE`, `MAXIMUM_OCCUPANCY`, `AVERAGE_POINT`, `BED_ROOM`, `BATH_ROOM`, `BED_COUNT`,`OPTION`) VALUES (215, 215, '서울삼성병원 도보 15분/대청역 1분/ 대치동학원가/SRT수서역근처', '호스트215', '설명215', '집 전체', 542641, 3, 7.6, 1, 1,1, '주방,무선 인터넷,에어컨,헤어드라이어');
INSERT INTO IMAGE (IMAGE_ID, ACCOMODATION_ID, IMAGE_URL) VALUES (4043, 215, 'https://a0.muscache.com/im/pictures/c05731da-6fc6-4056-a396-b55cc54185d8.jpg?im_w=720');
INSERT INTO IMAGE (IMAGE_ID, ACCOMODATION_ID, IMAGE_URL) VALUES (4044, 215, 'https://a0.muscache.com/im/pictures/14d6c312-6e6f-4370-aa57-749a960d26c1.jpg?im_w=720');
INSERT INTO IMAGE (IMAGE_ID, ACCOMODATION_ID, IMAGE_URL) VALUES (4045, 215, 'https://a0.muscache.com/im/pictures/91644453-3fcf-496c-b0db-766ad7c3ba7b.jpg?im_w=720');
INSERT INTO IMAGE (IMAGE_ID, ACCOMODATION_ID, IMAGE_URL) VALUES (4046, 215, 'https://a0.muscache.com/im/pictures/652e4094-7cbd-488e-8440-0dfe7dbd159a.jpg?im_w=720');
INSERT INTO IMAGE (IMAGE_ID, ACCOMODATION_ID, IMAGE_URL) VALUES (4047, 215, 'https://a0.muscache.com/im/pictures/293a0897-0753-403c-9304-c10f290ec70e.jpg?im_w=720');
INSERT INTO IMAGE (IMAGE_ID, ACCOMODATION_ID, IMAGE_URL) VALUES (4048, 215, 'https://a0.muscache.com/im/pictures/601eccce-a54f-45f8-b6de-a7e48f4182b3.jpg?im_w=720');
INSERT INTO IMAGE (IMAGE_ID, ACCOMODATION_ID, IMAGE_URL) VALUES (4049, 215, 'https://a0.muscache.com/im/pictures/58606cdf-f1d0-41c8-ab9f-8da8575fa999.jpg?im_w=720');
INSERT INTO IMAGE (IMAGE_ID, ACCOMODATION_ID, IMAGE_URL) VALUES (4050, 215, 'https://a0.muscache.com/im/pictures/48ead951-bbea-4fa7-ba91-bbc4d194ab3d.jpg?im_w=720');
INSERT INTO IMAGE (IMAGE_ID, ACCOMODATION_ID, IMAGE_URL) VALUES (4051, 215, 'https://a0.muscache.com/im/pictures/2550832c-86ad-412b-a47a-6ad7c82747e3.jpg?im_w=720');
INSERT INTO IMAGE (IMAGE_ID, ACCOMODATION_ID, IMAGE_URL) VALUES (4052, 215, 'https://a0.muscache.com/im/pictures/d30996fb-f2e0-4d5c-8941-59c31287196b.jpg?im_w=720');
INSERT INTO IMAGE (IMAGE_ID, ACCOMODATION_ID, IMAGE_URL) VALUES (4053, 215, 'https://a0.muscache.com/im/pictures/31d1d6f9-3f55-476f-8668-beb68e5d5ded.jpg?im_w=720');
INSERT INTO IMAGE (IMAGE_ID, ACCOMODATION_ID, IMAGE_URL) VALUES (4054, 215, 'https://a0.muscache.com/im/pictures/1bbe8631-9762-4fec-a427-0105c2655f4d.jpg?im_w=720');
INSERT INTO IMAGE (IMAGE_ID, ACCOMODATION_ID, IMAGE_URL) VALUES (4055, 215, 'https://a0.muscache.com/im/pictures/6c95d2e5-7ada-43eb-9f79-328e3013c0dd.jpg?im_w=720');
INSERT INTO IMAGE (IMAGE_ID, ACCOMODATION_ID, IMAGE_URL) VALUES (4056, 215, 'https://a0.muscache.com/im/pictures/746021ea-4b69-40a5-ac36-02b250763ce6.jpg?im_w=720');
INSERT INTO IMAGE (IMAGE_ID, ACCOMODATION_ID, IMAGE_URL) VALUES (4057, 215, 'https://a0.muscache.com/im/pictures/70d59987-6dfd-4964-9a1f-784cc6df4270.jpg?im_w=720');
INSERT INTO IMAGE (IMAGE_ID, ACCOMODATION_ID, IMAGE_URL) VALUES (4058, 215, 'https://a0.muscache.com/im/pictures/49c253b4-c495-4123-86c4-55a2842f3d28.jpg?im_w=720');
INSERT INTO IMAGE (IMAGE_ID, ACCOMODATION_ID, IMAGE_URL) VALUES (4059, 215, 'https://a0.muscache.com/im/pictures/05a7f3a3-5c10-4a02-afab-75db0c5052df.jpg?im_w=720');
INSERT INTO IMAGE (IMAGE_ID, ACCOMODATION_ID, IMAGE_URL) VALUES (4060, 215, 'https://a0.muscache.com/im/pictures/85b57aa5-5cc0-4b28-9837-5400901dc6b8.jpg?im_w=720');
INSERT INTO IMAGE (IMAGE_ID, ACCOMODATION_ID, IMAGE_URL) VALUES (4061, 215, 'https://a0.muscache.com/im/pictures/999145a5-5c50-4ef5-af0f-19367785e2e6.jpg?im_w=720');
INSERT INTO IMAGE (IMAGE_ID, ACCOMODATION_ID, IMAGE_URL) VALUES (4062, 215, 'https://a0.muscache.com/im/pictures/68a4b6ae-7b1f-4f4f-bad4-42f50a139cb3.jpg?im_w=720');
INSERT INTO IMAGE (IMAGE_ID, ACCOMODATION_ID, IMAGE_URL) VALUES (4063, 215, 'https://a0.muscache.com/im/pictures/4582d996-9806-4107-8d54-cb2a7af27a45.jpg?im_w=720');
INSERT INTO IMAGE (IMAGE_ID, ACCOMODATION_ID, IMAGE_URL) VALUES (4064, 215, 'https://a0.muscache.com/im/pictures/1364adaf-5649-407a-a7da-a458e342f7f9.jpg?im_w=720');
INSERT INTO IMAGE (IMAGE_ID, ACCOMODATION_ID, IMAGE_URL) VALUES (4065, 215, 'https://a0.muscache.com/im/pictures/89b81bfa-e041-4909-a5f8-b01c6fb62492.jpg?im_w=720');
INSERT INTO IMAGE (IMAGE_ID, ACCOMODATION_ID, IMAGE_URL) VALUES (4066, 215, 'https://a0.muscache.com/im/pictures/8d189beb-0b70-4d0a-ac0d-151cad9c03b2.jpg?im_w=720');

INSERT INTO LOCATION (LOCATION_ID, LOCATION_NAME, COUNTRY, REGION, CITY, LATITUDE, LONGITUDE) VALUES (216, '지명216', ' 서울', ' Songpa-gu', 'Songpa 2(i)-dong', 37.50173, 127.11397);
INSERT INTO ACCOMODATION (`ACCOMODATION_ID`, `LOCATION_ID`, `ACCOMODATION_NAME`, `HOST_NAME`, `DISCRIPTION`, `ACCOMODATION_TYPE`, `PRICE`, `MAXIMUM_OCCUPANCY`, `AVERAGE_POINT`, `BED_ROOM`, `BATH_ROOM`, `BED_COUNT`,`OPTION`) VALUES (216, 216, 'Linas House 리나의 집 침실1 거실1
자가격리 어렵습니다', '호스트216', '설명216', '집 전체', 974551, 4, 9.7, 1, 1,1, '주방,무선 인터넷,에어컨,헤어드라이어');
INSERT INTO IMAGE (IMAGE_ID, ACCOMODATION_ID, IMAGE_URL) VALUES (4067, 216, 'https://a0.muscache.com/im/pictures/1f7dd50e-65f0-4ded-b138-9d88f2d31ee8.jpg?im_w=720');
INSERT INTO IMAGE (IMAGE_ID, ACCOMODATION_ID, IMAGE_URL) VALUES (4068, 216, 'https://a0.muscache.com/im/pictures/470951f0-20a4-4b0e-8d37-bdcff067a042.jpg?im_w=720');
INSERT INTO IMAGE (IMAGE_ID, ACCOMODATION_ID, IMAGE_URL) VALUES (4069, 216, 'https://a0.muscache.com/im/pictures/19494b20-32e5-4e08-97f8-7da8cfac5bcf.jpg?im_w=720');
INSERT INTO IMAGE (IMAGE_ID, ACCOMODATION_ID, IMAGE_URL) VALUES (4070, 216, 'https://a0.muscache.com/im/pictures/38914fdb-452b-4f47-9a37-8df2d9bbd359.jpg?im_w=720');
INSERT INTO IMAGE (IMAGE_ID, ACCOMODATION_ID, IMAGE_URL) VALUES (4071, 216, 'https://a0.muscache.com/im/pictures/a947e81f-9f86-439e-aee4-220bd4424391.jpg?im_w=720');
INSERT INTO IMAGE (IMAGE_ID, ACCOMODATION_ID, IMAGE_URL) VALUES (4072, 216, 'https://a0.muscache.com/im/pictures/632e9111-e0f6-4ae8-918f-ced465af088f.jpg?im_w=720');
INSERT INTO IMAGE (IMAGE_ID, ACCOMODATION_ID, IMAGE_URL) VALUES (4073, 216, 'https://a0.muscache.com/im/pictures/6a93f95a-77bc-4575-81dc-bd3710e5523e.jpg?im_w=720');
INSERT INTO IMAGE (IMAGE_ID, ACCOMODATION_ID, IMAGE_URL) VALUES (4074, 216, 'https://a0.muscache.com/im/pictures/3cc2e00e-eb47-4b4f-983d-4c7c34be23ab.jpg?im_w=720');
INSERT INTO IMAGE (IMAGE_ID, ACCOMODATION_ID, IMAGE_URL) VALUES (4075, 216, 'https://a0.muscache.com/im/pictures/499df887-6e6f-4ed9-b23c-de5d1ddf014e.jpg?im_w=720');
INSERT INTO IMAGE (IMAGE_ID, ACCOMODATION_ID, IMAGE_URL) VALUES (4076, 216, 'https://a0.muscache.com/im/pictures/aa97fc93-8d5d-44a5-9826-001f56f806c3.jpg?im_w=720');
INSERT INTO IMAGE (IMAGE_ID, ACCOMODATION_ID, IMAGE_URL) VALUES (4077, 216, 'https://a0.muscache.com/im/pictures/c75a0e38-bedd-4cc6-9d90-565cf862d92a.jpg?im_w=720');
INSERT INTO IMAGE (IMAGE_ID, ACCOMODATION_ID, IMAGE_URL) VALUES (4078, 216, 'https://a0.muscache.com/im/pictures/76273cbc-7cf7-4b6e-9261-4e4489405b4d.jpg?im_w=720');
INSERT INTO IMAGE (IMAGE_ID, ACCOMODATION_ID, IMAGE_URL) VALUES (4079, 216, 'https://a0.muscache.com/im/pictures/4b594031-fe6d-440c-9423-238d5e245984.jpg?im_w=720');
INSERT INTO IMAGE (IMAGE_ID, ACCOMODATION_ID, IMAGE_URL) VALUES (4080, 216, 'https://a0.muscache.com/im/pictures/91b590de-3c5c-468b-9eee-7cfd8d195afa.jpg?im_w=720');
INSERT INTO IMAGE (IMAGE_ID, ACCOMODATION_ID, IMAGE_URL) VALUES (4081, 216, 'https://a0.muscache.com/im/pictures/9cc59ae5-e1d3-4e93-8133-70e8c1cb6fb5.jpg?im_w=720');
INSERT INTO IMAGE (IMAGE_ID, ACCOMODATION_ID, IMAGE_URL) VALUES (4082, 216, 'https://a0.muscache.com/im/pictures/376b437f-ca4d-4f2a-abaa-0c3bd59c50ba.jpg?im_w=720');
INSERT INTO IMAGE (IMAGE_ID, ACCOMODATION_ID, IMAGE_URL) VALUES (4083, 216, 'https://a0.muscache.com/im/pictures/d0e10387-fa99-491a-ad76-a9eb12b91a39.jpg?im_w=720');
INSERT INTO IMAGE (IMAGE_ID, ACCOMODATION_ID, IMAGE_URL) VALUES (4084, 216, 'https://a0.muscache.com/im/pictures/1f4f2dac-9827-492d-baf4-6267f846199e.jpg?im_w=720');
INSERT INTO IMAGE (IMAGE_ID, ACCOMODATION_ID, IMAGE_URL) VALUES (4085, 216, 'https://a0.muscache.com/im/pictures/d1cd3794-464b-44c1-bed5-71236bb87171.jpg?im_w=720');
INSERT INTO IMAGE (IMAGE_ID, ACCOMODATION_ID, IMAGE_URL) VALUES (4086, 216, 'https://a0.muscache.com/im/pictures/d9451cd2-0c59-48e7-a99f-d7733186fcc8.jpg?im_w=720');

INSERT INTO LOCATION (LOCATION_ID, LOCATION_NAME, COUNTRY, REGION, CITY, LATITUDE, LONGITUDE) VALUES (217, '지명217', ' 한국', ' 서울', 'Songpa-gu', 37.4842, 127.12297);
INSERT INTO ACCOMODATION (`ACCOMODATION_ID`, `LOCATION_ID`, `ACCOMODATION_NAME`, `HOST_NAME`, `DISCRIPTION`, `ACCOMODATION_TYPE`, `PRICE`, `MAXIMUM_OCCUPANCY`, `AVERAGE_POINT`, `BED_ROOM`, `BATH_ROOM`, `BED_COUNT`,`OPTION`) VALUES (217, 217, '[Get 20% Sale] Soul House- 잠실/수서SRT,지하철역 연결,생활편리', '호스트217', '설명217', '집 전체', 353421, 4, 0.9, 1, 1,1, '주방,무선 인터넷,에어컨,헤어드라이어');
INSERT INTO IMAGE (IMAGE_ID, ACCOMODATION_ID, IMAGE_URL) VALUES (4087, 217, 'https://a0.muscache.com/im/pictures/1eaac908-6e15-4991-acef-07f04e241f1e.jpg?im_w=720');
INSERT INTO IMAGE (IMAGE_ID, ACCOMODATION_ID, IMAGE_URL) VALUES (4088, 217, 'https://a0.muscache.com/im/pictures/02de676a-4555-4b56-bc14-ef8f984c7a1d.jpg?im_w=720');
INSERT INTO IMAGE (IMAGE_ID, ACCOMODATION_ID, IMAGE_URL) VALUES (4089, 217, 'https://a0.muscache.com/im/pictures/5d6ba6ab-ab05-4d82-9126-4ce7bdb87fde.jpg?im_w=720');
INSERT INTO IMAGE (IMAGE_ID, ACCOMODATION_ID, IMAGE_URL) VALUES (4090, 217, 'https://a0.muscache.com/im/pictures/a3e29700-e87c-4f54-af6b-d61102fd5662.jpg?im_w=720');
INSERT INTO IMAGE (IMAGE_ID, ACCOMODATION_ID, IMAGE_URL) VALUES (4091, 217, 'https://a0.muscache.com/im/pictures/21abd13b-7598-4414-9d2e-0bac1924841d.jpg?im_w=720');
INSERT INTO IMAGE (IMAGE_ID, ACCOMODATION_ID, IMAGE_URL) VALUES (4092, 217, 'https://a0.muscache.com/im/pictures/5263b611-be23-4520-b5e4-d88f26932c02.jpg?im_w=720');
INSERT INTO IMAGE (IMAGE_ID, ACCOMODATION_ID, IMAGE_URL) VALUES (4093, 217, 'https://a0.muscache.com/im/pictures/830faf33-9e56-4d74-b3aa-9965bf636515.jpg?im_w=720');
INSERT INTO IMAGE (IMAGE_ID, ACCOMODATION_ID, IMAGE_URL) VALUES (4094, 217, 'https://a0.muscache.com/im/pictures/348ebc79-7b2e-4d46-a3ee-d47eb78b10a5.jpg?im_w=720');
INSERT INTO IMAGE (IMAGE_ID, ACCOMODATION_ID, IMAGE_URL) VALUES (4095, 217, 'https://a0.muscache.com/im/pictures/d146bded-95fb-4d8a-95bb-c669d16dbeb4.jpg?im_w=720');
INSERT INTO IMAGE (IMAGE_ID, ACCOMODATION_ID, IMAGE_URL) VALUES (4096, 217, 'https://a0.muscache.com/im/pictures/332867de-f5c5-4e7e-a415-2533bbe809ac.jpg?im_w=720');
INSERT INTO IMAGE (IMAGE_ID, ACCOMODATION_ID, IMAGE_URL) VALUES (4097, 217, 'https://a0.muscache.com/im/pictures/685e0a0b-d7a3-4eca-9fb1-8b4847369279.jpg?im_w=720');
INSERT INTO IMAGE (IMAGE_ID, ACCOMODATION_ID, IMAGE_URL) VALUES (4098, 217, 'https://a0.muscache.com/im/pictures/ad1a5c60-855f-4eaa-909a-ccabbdc2c714.jpg?im_w=720');
INSERT INTO IMAGE (IMAGE_ID, ACCOMODATION_ID, IMAGE_URL) VALUES (4099, 217, 'https://a0.muscache.com/im/pictures/4b89c598-a5cd-4850-ab68-a0a70a91418e.jpg?im_w=720');
INSERT INTO IMAGE (IMAGE_ID, ACCOMODATION_ID, IMAGE_URL) VALUES (4100, 217, 'https://a0.muscache.com/im/pictures/ea1576c2-d136-4e36-9a1d-54d40a709ce8.jpg?im_w=720');
INSERT INTO IMAGE (IMAGE_ID, ACCOMODATION_ID, IMAGE_URL) VALUES (4101, 217, 'https://a0.muscache.com/im/pictures/e4297060-e2a5-41c2-87ae-fbb14a957952.jpg?im_w=720');
INSERT INTO IMAGE (IMAGE_ID, ACCOMODATION_ID, IMAGE_URL) VALUES (4102, 217, 'https://a0.muscache.com/im/pictures/fbbe5e5f-efb7-4187-b407-197f8941171f.jpg?im_w=720');
INSERT INTO IMAGE (IMAGE_ID, ACCOMODATION_ID, IMAGE_URL) VALUES (4103, 217, 'https://a0.muscache.com/im/pictures/36c1b6b8-ade9-4962-830a-e5c6d2a2a917.jpg?im_w=720');
INSERT INTO IMAGE (IMAGE_ID, ACCOMODATION_ID, IMAGE_URL) VALUES (4104, 217, 'https://a0.muscache.com/im/pictures/e2afff88-ac8e-4695-828b-f8f1377cc0b0.jpg?im_w=720');
INSERT INTO IMAGE (IMAGE_ID, ACCOMODATION_ID, IMAGE_URL) VALUES (4105, 217, 'https://a0.muscache.com/im/pictures/cc102cd6-0015-45fa-b4d3-0eee8ed22845.jpg?im_w=720');
INSERT INTO IMAGE (IMAGE_ID, ACCOMODATION_ID, IMAGE_URL) VALUES (4106, 217, 'https://a0.muscache.com/im/pictures/b8439b80-d17f-48ec-a6a7-372ed15313c4.jpg?im_w=720');
INSERT INTO IMAGE (IMAGE_ID, ACCOMODATION_ID, IMAGE_URL) VALUES (4107, 217, 'https://a0.muscache.com/im/pictures/c08b316a-61e6-4ece-ad81-eee89193635e.jpg?im_w=720');
INSERT INTO IMAGE (IMAGE_ID, ACCOMODATION_ID, IMAGE_URL) VALUES (4108, 217, 'https://a0.muscache.com/im/pictures/e5b4bdbe-7c4a-4c70-92bd-04e6f6d897fe.jpg?im_w=720');
INSERT INTO IMAGE (IMAGE_ID, ACCOMODATION_ID, IMAGE_URL) VALUES (4109, 217, 'https://a0.muscache.com/im/pictures/4af97986-6930-4990-935c-c4fc60cda6ef.jpg?im_w=720');
INSERT INTO IMAGE (IMAGE_ID, ACCOMODATION_ID, IMAGE_URL) VALUES (4110, 217, 'https://a0.muscache.com/im/pictures/a2be6a6b-e6de-475a-b3c2-692900857a03.jpg?im_w=720');
INSERT INTO IMAGE (IMAGE_ID, ACCOMODATION_ID, IMAGE_URL) VALUES (4111, 217, 'https://a0.muscache.com/im/pictures/e4bcb9f9-8a23-4ba1-946b-99ae372ee5b1.jpg?im_w=720');
INSERT INTO IMAGE (IMAGE_ID, ACCOMODATION_ID, IMAGE_URL) VALUES (4112, 217, 'https://a0.muscache.com/im/pictures/6bda094f-ef87-4872-a09e-457e9b93602b.jpg?im_w=720');
INSERT INTO IMAGE (IMAGE_ID, ACCOMODATION_ID, IMAGE_URL) VALUES (4113, 217, 'https://a0.muscache.com/im/pictures/cb7919c3-d6a1-4858-a5b5-cdb8dae70c04.jpg?im_w=720');
INSERT INTO IMAGE (IMAGE_ID, ACCOMODATION_ID, IMAGE_URL) VALUES (4114, 217, 'https://a0.muscache.com/im/pictures/5b46ab32-c8a7-4068-b7b6-833833c34b44.jpg?im_w=720');
INSERT INTO IMAGE (IMAGE_ID, ACCOMODATION_ID, IMAGE_URL) VALUES (4115, 217, 'https://a0.muscache.com/im/pictures/e6967c46-b297-4ea0-b15f-28edba636411.jpg?im_w=720');
INSERT INTO IMAGE (IMAGE_ID, ACCOMODATION_ID, IMAGE_URL) VALUES (4116, 217, 'https://a0.muscache.com/im/pictures/40f9d9b2-4c85-44cf-a6a3-ab8677ccf827.jpg?im_w=720');

INSERT INTO LOCATION (LOCATION_ID, LOCATION_NAME, COUNTRY, REGION, CITY, LATITUDE, LONGITUDE) VALUES (218, '지명218', ' 서울', ' Gangnam-gu', 'Irwon 1(il)-dong', 37.49149, 127.08588);
INSERT INTO ACCOMODATION (`ACCOMODATION_ID`, `LOCATION_ID`, `ACCOMODATION_NAME`, `HOST_NAME`, `DISCRIPTION`, `ACCOMODATION_TYPE`, `PRICE`, `MAXIMUM_OCCUPANCY`, `AVERAGE_POINT`, `BED_ROOM`, `BATH_ROOM`, `BED_COUNT`,`OPTION`) VALUES (218, 218, '삼성의료원 인근 정원이 아름다운 일원동  flower house', '호스트218', '설명218', '집 전체', 620583, 3, 7.8, 2, 1,2, '주방,무선 인터넷,에어컨,헤어드라이어');
INSERT INTO IMAGE (IMAGE_ID, ACCOMODATION_ID, IMAGE_URL) VALUES (4117, 218, 'https://a0.muscache.com/im/pictures/6ca48b4a-2cf7-450d-a204-e55e8db11a35.jpg?im_w=720');
INSERT INTO IMAGE (IMAGE_ID, ACCOMODATION_ID, IMAGE_URL) VALUES (4118, 218, 'https://a0.muscache.com/im/pictures/a7903238-859b-4103-ace4-de6f02d6d212.jpg?im_w=720');
INSERT INTO IMAGE (IMAGE_ID, ACCOMODATION_ID, IMAGE_URL) VALUES (4119, 218, 'https://a0.muscache.com/im/pictures/ecbb071d-3552-46b8-8dcd-269c49f445d4.jpg?im_w=720');
INSERT INTO IMAGE (IMAGE_ID, ACCOMODATION_ID, IMAGE_URL) VALUES (4120, 218, 'https://a0.muscache.com/im/pictures/cb384a6b-2ebd-4d92-88e7-5979d6aed1ff.jpg?im_w=720');
INSERT INTO IMAGE (IMAGE_ID, ACCOMODATION_ID, IMAGE_URL) VALUES (4121, 218, 'https://a0.muscache.com/im/pictures/d4583b28-fc3d-4153-a6c5-b4c012fd95ca.jpg?im_w=720');
INSERT INTO IMAGE (IMAGE_ID, ACCOMODATION_ID, IMAGE_URL) VALUES (4122, 218, 'https://a0.muscache.com/im/pictures/cd7456fa-4765-45b6-9107-2e490241f74a.jpg?im_w=720');
INSERT INTO IMAGE (IMAGE_ID, ACCOMODATION_ID, IMAGE_URL) VALUES (4123, 218, 'https://a0.muscache.com/im/pictures/d8d85abe-dad2-4584-b8b7-0088f7eab2a1.jpg?im_w=720');
INSERT INTO IMAGE (IMAGE_ID, ACCOMODATION_ID, IMAGE_URL) VALUES (4124, 218, 'https://a0.muscache.com/im/pictures/05677dac-f296-4c81-91e0-7f6e8172fb00.jpg?im_w=720');
INSERT INTO IMAGE (IMAGE_ID, ACCOMODATION_ID, IMAGE_URL) VALUES (4125, 218, 'https://a0.muscache.com/im/pictures/ac8af77d-314b-4cc7-abae-cdd863ef3ddc.jpg?im_w=720');
INSERT INTO IMAGE (IMAGE_ID, ACCOMODATION_ID, IMAGE_URL) VALUES (4126, 218, 'https://a0.muscache.com/im/pictures/e390f4fd-a12c-4710-853c-91af538b286e.jpg?im_w=720');
INSERT INTO IMAGE (IMAGE_ID, ACCOMODATION_ID, IMAGE_URL) VALUES (4127, 218, 'https://a0.muscache.com/im/pictures/55727886-2d3a-4d63-baf9-524adc042c84.jpg?im_w=720');
INSERT INTO IMAGE (IMAGE_ID, ACCOMODATION_ID, IMAGE_URL) VALUES (4128, 218, 'https://a0.muscache.com/im/pictures/9f931962-8752-4fa8-be80-33aca0268f4b.jpg?im_w=720');
INSERT INTO IMAGE (IMAGE_ID, ACCOMODATION_ID, IMAGE_URL) VALUES (4129, 218, 'https://a0.muscache.com/im/pictures/f2fa6d7a-b5d8-4256-970c-a52a2b7cf9a7.jpg?im_w=720');
INSERT INTO IMAGE (IMAGE_ID, ACCOMODATION_ID, IMAGE_URL) VALUES (4130, 218, 'https://a0.muscache.com/im/pictures/d6753cfa-3173-4bca-92b5-795d673fb131.jpg?im_w=720');
INSERT INTO IMAGE (IMAGE_ID, ACCOMODATION_ID, IMAGE_URL) VALUES (4131, 218, 'https://a0.muscache.com/im/pictures/0817c8be-4226-4375-92fc-26eb2610b196.jpg?im_w=720');
INSERT INTO IMAGE (IMAGE_ID, ACCOMODATION_ID, IMAGE_URL) VALUES (4132, 218, 'https://a0.muscache.com/im/pictures/8d47e67d-32da-40d4-b1d8-e7c8e5c18910.jpg?im_w=720');
INSERT INTO IMAGE (IMAGE_ID, ACCOMODATION_ID, IMAGE_URL) VALUES (4133, 218, 'https://a0.muscache.com/im/pictures/54e3ae8c-655b-4682-9989-c2d264007675.jpg?im_w=720');
INSERT INTO IMAGE (IMAGE_ID, ACCOMODATION_ID, IMAGE_URL) VALUES (4134, 218, 'https://a0.muscache.com/im/pictures/e845319a-16e6-43cc-a0c9-46cff48d5790.jpg?im_w=720');
INSERT INTO IMAGE (IMAGE_ID, ACCOMODATION_ID, IMAGE_URL) VALUES (4135, 218, 'https://a0.muscache.com/im/pictures/7db638e0-6aed-4ade-8797-2e51d33ffddf.jpg?im_w=720');
INSERT INTO IMAGE (IMAGE_ID, ACCOMODATION_ID, IMAGE_URL) VALUES (4136, 218, 'https://a0.muscache.com/im/pictures/bbce99c4-c1ac-4c2d-899a-710a2656bbd1.jpg?im_w=720');
INSERT INTO IMAGE (IMAGE_ID, ACCOMODATION_ID, IMAGE_URL) VALUES (4137, 218, 'https://a0.muscache.com/im/pictures/9d76bb9b-f878-4d97-9b8b-5813c40d89ab.jpg?im_w=720');
INSERT INTO IMAGE (IMAGE_ID, ACCOMODATION_ID, IMAGE_URL) VALUES (4138, 218, 'https://a0.muscache.com/im/pictures/82ca8208-c770-4aec-ac7e-880656f6c1d0.jpg?im_w=720');
INSERT INTO IMAGE (IMAGE_ID, ACCOMODATION_ID, IMAGE_URL) VALUES (4139, 218, 'https://a0.muscache.com/im/pictures/5dcd212c-52e6-4a9a-9c15-a74b9b997ece.jpg?im_w=720');
INSERT INTO IMAGE (IMAGE_ID, ACCOMODATION_ID, IMAGE_URL) VALUES (4140, 218, 'https://a0.muscache.com/im/pictures/a9f775da-6981-4d2e-a957-3628ab9d580f.jpg?im_w=720');
INSERT INTO IMAGE (IMAGE_ID, ACCOMODATION_ID, IMAGE_URL) VALUES (4141, 218, 'https://a0.muscache.com/im/pictures/59461632-771f-47f2-87b3-8c4b9e1153e4.jpg?im_w=720');
INSERT INTO IMAGE (IMAGE_ID, ACCOMODATION_ID, IMAGE_URL) VALUES (4142, 218, 'https://a0.muscache.com/im/pictures/9592ec6e-afaa-4489-8eb4-1fad015fcafd.jpg?im_w=720');
INSERT INTO IMAGE (IMAGE_ID, ACCOMODATION_ID, IMAGE_URL) VALUES (4143, 218, 'https://a0.muscache.com/im/pictures/644f21ba-3685-4d23-9a2b-99f2d9e16706.jpg?im_w=720');
INSERT INTO IMAGE (IMAGE_ID, ACCOMODATION_ID, IMAGE_URL) VALUES (4144, 218, 'https://a0.muscache.com/im/pictures/c3de7719-d3a2-4853-9762-eca349fca5bc.jpg?im_w=720');
INSERT INTO IMAGE (IMAGE_ID, ACCOMODATION_ID, IMAGE_URL) VALUES (4145, 218, 'https://a0.muscache.com/im/pictures/90722345-9d75-457f-8ebe-6ba15e4d79b8.jpg?im_w=720');
INSERT INTO IMAGE (IMAGE_ID, ACCOMODATION_ID, IMAGE_URL) VALUES (4146, 218, 'https://a0.muscache.com/im/pictures/13a3b26b-7d1e-4d5f-868b-ad865169fc73.jpg?im_w=720');

INSERT INTO LOCATION (LOCATION_ID, LOCATION_NAME, COUNTRY, REGION, CITY, LATITUDE, LONGITUDE) VALUES (219, '지명219', ' 한국', ' 서울', 'Songpa-gu', 37.48375, 127.12146);
INSERT INTO ACCOMODATION (`ACCOMODATION_ID`, `LOCATION_ID`, `ACCOMODATION_NAME`, `HOST_NAME`, `DISCRIPTION`, `ACCOMODATION_TYPE`, `PRICE`, `MAXIMUM_OCCUPANCY`, `AVERAGE_POINT`, `BED_ROOM`, `BATH_ROOM`, `BED_COUNT`,`OPTION`) VALUES (219, 219, '☆슈퍼 호스트☆문정역 연결 ☆문정법조☆장지역☆잠실역 10분☆힐링 감성 숙소', '호스트219', '설명219', '집 전체', 309494, 2, 3.9, 1, 1,1, '주방,무선 인터넷,에어컨,헤어드라이어');
INSERT INTO IMAGE (IMAGE_ID, ACCOMODATION_ID, IMAGE_URL) VALUES (4147, 219, 'https://a0.muscache.com/im/pictures/c72d817b-a738-48bd-924b-168b03e60784.jpg?im_w=720');
INSERT INTO IMAGE (IMAGE_ID, ACCOMODATION_ID, IMAGE_URL) VALUES (4148, 219, 'https://a0.muscache.com/im/pictures/9150f6d9-b7a4-4709-b641-ed6046258d21.jpg?im_w=720');
INSERT INTO IMAGE (IMAGE_ID, ACCOMODATION_ID, IMAGE_URL) VALUES (4149, 219, 'https://a0.muscache.com/im/pictures/3e22221a-3a6a-4bec-8b9c-b4acf3d863f8.jpg?im_w=720');
INSERT INTO IMAGE (IMAGE_ID, ACCOMODATION_ID, IMAGE_URL) VALUES (4150, 219, 'https://a0.muscache.com/im/pictures/bafd19f7-45cb-450a-baaa-e36aeaa7629a.jpg?im_w=720');
INSERT INTO IMAGE (IMAGE_ID, ACCOMODATION_ID, IMAGE_URL) VALUES (4151, 219, 'https://a0.muscache.com/im/pictures/3575a4dc-4b79-4c9c-9448-30dafb7380b4.jpg?im_w=720');
INSERT INTO IMAGE (IMAGE_ID, ACCOMODATION_ID, IMAGE_URL) VALUES (4152, 219, 'https://a0.muscache.com/im/pictures/37629c70-7c76-407d-babf-3ef3782f3e99.jpg?im_w=720');
INSERT INTO IMAGE (IMAGE_ID, ACCOMODATION_ID, IMAGE_URL) VALUES (4153, 219, 'https://a0.muscache.com/im/pictures/51bedb16-da61-450a-a2e2-d1f90a5c616e.jpg?im_w=720');
INSERT INTO IMAGE (IMAGE_ID, ACCOMODATION_ID, IMAGE_URL) VALUES (4154, 219, 'https://a0.muscache.com/im/pictures/0285845d-93e1-48d7-893c-5eab9b6f0ec8.jpg?im_w=720');
INSERT INTO IMAGE (IMAGE_ID, ACCOMODATION_ID, IMAGE_URL) VALUES (4155, 219, 'https://a0.muscache.com/im/pictures/bbd0339e-861a-45ae-a76b-f6bfb89c15bb.jpg?im_w=720');
INSERT INTO IMAGE (IMAGE_ID, ACCOMODATION_ID, IMAGE_URL) VALUES (4156, 219, 'https://a0.muscache.com/im/pictures/ea6c600c-6811-43e7-bf54-11954ae78364.jpg?im_w=720');
INSERT INTO IMAGE (IMAGE_ID, ACCOMODATION_ID, IMAGE_URL) VALUES (4157, 219, 'https://a0.muscache.com/im/pictures/8f04b8d4-8a15-4141-8b15-95846838e814.jpg?im_w=720');
INSERT INTO IMAGE (IMAGE_ID, ACCOMODATION_ID, IMAGE_URL) VALUES (4158, 219, 'https://a0.muscache.com/im/pictures/6eb416dd-1cfd-42ec-9928-944c7d0c4ae3.jpg?im_w=720');
INSERT INTO IMAGE (IMAGE_ID, ACCOMODATION_ID, IMAGE_URL) VALUES (4159, 219, 'https://a0.muscache.com/im/pictures/ed679ecb-661b-4ad2-b133-fb8788338f81.jpg?im_w=720');
INSERT INTO IMAGE (IMAGE_ID, ACCOMODATION_ID, IMAGE_URL) VALUES (4160, 219, 'https://a0.muscache.com/im/pictures/72ba8a1c-3d53-4607-9761-a8e8959020aa.jpg?im_w=720');
INSERT INTO IMAGE (IMAGE_ID, ACCOMODATION_ID, IMAGE_URL) VALUES (4161, 219, 'https://a0.muscache.com/im/pictures/40e24b02-d7d9-4947-ad08-022dcd5ddd0b.jpg?im_w=720');
INSERT INTO IMAGE (IMAGE_ID, ACCOMODATION_ID, IMAGE_URL) VALUES (4162, 219, 'https://a0.muscache.com/im/pictures/976974ab-3037-40e5-9d72-d225221f6d23.jpg?im_w=720');
INSERT INTO IMAGE (IMAGE_ID, ACCOMODATION_ID, IMAGE_URL) VALUES (4163, 219, 'https://a0.muscache.com/im/pictures/4df4b02f-082c-4800-be8c-27c4bdf20c83.jpg?im_w=720');
INSERT INTO IMAGE (IMAGE_ID, ACCOMODATION_ID, IMAGE_URL) VALUES (4164, 219, 'https://a0.muscache.com/im/pictures/241212c5-5760-4f4b-8972-4be7a99689d8.jpg?im_w=720');
INSERT INTO IMAGE (IMAGE_ID, ACCOMODATION_ID, IMAGE_URL) VALUES (4165, 219, 'https://a0.muscache.com/im/pictures/cf43da2f-59ca-45d0-9703-9df55bb282c3.jpg?im_w=720');
INSERT INTO IMAGE (IMAGE_ID, ACCOMODATION_ID, IMAGE_URL) VALUES (4166, 219, 'https://a0.muscache.com/im/pictures/a04bda01-dabe-4b68-a1d1-cc54ecffad82.jpg?im_w=720');
INSERT INTO IMAGE (IMAGE_ID, ACCOMODATION_ID, IMAGE_URL) VALUES (4167, 219, 'https://a0.muscache.com/im/pictures/b7c2e332-7435-4d81-9881-e973268ef0bb.jpg?im_w=720');
INSERT INTO IMAGE (IMAGE_ID, ACCOMODATION_ID, IMAGE_URL) VALUES (4168, 219, 'https://a0.muscache.com/im/pictures/e01e6af4-7d5e-4a89-a5fa-73c500292733.jpg?im_w=720');
INSERT INTO IMAGE (IMAGE_ID, ACCOMODATION_ID, IMAGE_URL) VALUES (4169, 219, 'https://a0.muscache.com/im/pictures/8615382e-d712-4b63-8b50-4569ad925e86.jpg?im_w=720');

INSERT INTO LOCATION (LOCATION_ID, LOCATION_NAME, COUNTRY, REGION, CITY, LATITUDE, LONGITUDE) VALUES (220, '지명220', ' 한국', ' 서울', 'Songpa-gu', 37.48367, 127.12416);
INSERT INTO ACCOMODATION (`ACCOMODATION_ID`, `LOCATION_ID`, `ACCOMODATION_NAME`, `HOST_NAME`, `DISCRIPTION`, `ACCOMODATION_TYPE`, `PRICE`, `MAXIMUM_OCCUPANCY`, `AVERAGE_POINT`, `BED_ROOM`, `BATH_ROOM`, `BED_COUNT`,`OPTION`) VALUES (220, 220, '[STAY] 문정역 3분컷/문정역 지하도 연결/대로변 위치/편안한 휴식과 아늑한 공간̈', '호스트220', '설명220', '집 전체', 199418, 2, 0.5, 1, 1,1, '주방,무선 인터넷,에어컨,헤어드라이어');
INSERT INTO IMAGE (IMAGE_ID, ACCOMODATION_ID, IMAGE_URL) VALUES (4170, 220, 'https://a0.muscache.com/im/pictures/d52aa02d-6335-42f4-9fb2-a65c6c9f08ce.jpg?im_w=720');
INSERT INTO IMAGE (IMAGE_ID, ACCOMODATION_ID, IMAGE_URL) VALUES (4171, 220, 'https://a0.muscache.com/im/pictures/133fb585-9d23-408d-aa3a-8052f03d7dd9.jpg?im_w=720');
INSERT INTO IMAGE (IMAGE_ID, ACCOMODATION_ID, IMAGE_URL) VALUES (4172, 220, 'https://a0.muscache.com/im/pictures/67ac6016-8c08-4f02-838e-55b905fb7fda.jpg?im_w=720');
INSERT INTO IMAGE (IMAGE_ID, ACCOMODATION_ID, IMAGE_URL) VALUES (4173, 220, 'https://a0.muscache.com/im/pictures/7d7666d0-2833-4389-9266-e26203dfbfff.jpg?im_w=720');
INSERT INTO IMAGE (IMAGE_ID, ACCOMODATION_ID, IMAGE_URL) VALUES (4174, 220, 'https://a0.muscache.com/im/pictures/8d414bed-d18f-4d7e-b612-73eb5b86fe13.jpg?im_w=720');
INSERT INTO IMAGE (IMAGE_ID, ACCOMODATION_ID, IMAGE_URL) VALUES (4175, 220, 'https://a0.muscache.com/im/pictures/7e4f29f2-d342-4e71-bd93-a4c44426f03b.jpg?im_w=720');
INSERT INTO IMAGE (IMAGE_ID, ACCOMODATION_ID, IMAGE_URL) VALUES (4176, 220, 'https://a0.muscache.com/im/pictures/0ee2ab1f-367b-4985-8086-be9e87aaa1f7.jpg?im_w=720');
INSERT INTO IMAGE (IMAGE_ID, ACCOMODATION_ID, IMAGE_URL) VALUES (4177, 220, 'https://a0.muscache.com/im/pictures/f531222e-cfa4-4924-8231-966c249af0fe.jpg?im_w=720');
INSERT INTO IMAGE (IMAGE_ID, ACCOMODATION_ID, IMAGE_URL) VALUES (4178, 220, 'https://a0.muscache.com/im/pictures/c00d3c1b-66ec-4fb2-ac7c-c7cc6cf8018a.jpg?im_w=720');
INSERT INTO IMAGE (IMAGE_ID, ACCOMODATION_ID, IMAGE_URL) VALUES (4179, 220, 'https://a0.muscache.com/im/pictures/1276a560-9d35-4715-9da7-74fdf6dfd8d0.jpg?im_w=720');
INSERT INTO IMAGE (IMAGE_ID, ACCOMODATION_ID, IMAGE_URL) VALUES (4180, 220, 'https://a0.muscache.com/im/pictures/cd4f2d09-ad08-46dd-b12c-d2d444539790.jpg?im_w=720');
INSERT INTO IMAGE (IMAGE_ID, ACCOMODATION_ID, IMAGE_URL) VALUES (4181, 220, 'https://a0.muscache.com/im/pictures/1401e844-74c8-4e52-ad35-6fad2ded744f.jpg?im_w=720');
INSERT INTO IMAGE (IMAGE_ID, ACCOMODATION_ID, IMAGE_URL) VALUES (4182, 220, 'https://a0.muscache.com/im/pictures/3b641d63-e4d2-4db0-97f5-36ef21d5df0c.jpg?im_w=720');
INSERT INTO IMAGE (IMAGE_ID, ACCOMODATION_ID, IMAGE_URL) VALUES (4183, 220, 'https://a0.muscache.com/im/pictures/8e4c6956-7133-43c9-afc7-77e7bf14ac70.jpg?im_w=720');
INSERT INTO IMAGE (IMAGE_ID, ACCOMODATION_ID, IMAGE_URL) VALUES (4184, 220, 'https://a0.muscache.com/im/pictures/01957513-d797-4e7b-9275-3b4d29b60cb1.jpg?im_w=720');
INSERT INTO IMAGE (IMAGE_ID, ACCOMODATION_ID, IMAGE_URL) VALUES (4185, 220, 'https://a0.muscache.com/im/pictures/395026e7-0568-46c7-9061-3ae9f0ae0d0e.jpg?im_w=720');
INSERT INTO IMAGE (IMAGE_ID, ACCOMODATION_ID, IMAGE_URL) VALUES (4186, 220, 'https://a0.muscache.com/im/pictures/5fadd584-0465-4030-84b4-ed8206bcaa26.jpg?im_w=720');
INSERT INTO IMAGE (IMAGE_ID, ACCOMODATION_ID, IMAGE_URL) VALUES (4187, 220, 'https://a0.muscache.com/im/pictures/a1eaa3b4-06f0-4155-a602-f5fe91089e18.jpg?im_w=720');
INSERT INTO IMAGE (IMAGE_ID, ACCOMODATION_ID, IMAGE_URL) VALUES (4188, 220, 'https://a0.muscache.com/im/pictures/9cc28d4a-d31f-4b90-9c9b-dece5fda849e.jpg?im_w=720');
INSERT INTO IMAGE (IMAGE_ID, ACCOMODATION_ID, IMAGE_URL) VALUES (4189, 220, 'https://a0.muscache.com/im/pictures/065c3f01-fcc2-43e4-a6f4-9354506ac727.jpg?im_w=720');
INSERT INTO IMAGE (IMAGE_ID, ACCOMODATION_ID, IMAGE_URL) VALUES (4190, 220, 'https://a0.muscache.com/im/pictures/afc3aa29-4489-4011-8c43-9d05efe36544.jpg?im_w=720');
INSERT INTO IMAGE (IMAGE_ID, ACCOMODATION_ID, IMAGE_URL) VALUES (4191, 220, 'https://a0.muscache.com/im/pictures/59fff6c0-d8d1-4c37-8813-a9f2d61191f7.jpg?im_w=720');
INSERT INTO IMAGE (IMAGE_ID, ACCOMODATION_ID, IMAGE_URL) VALUES (4192, 220, 'https://a0.muscache.com/im/pictures/c19b9ab2-9f63-4872-a4d5-85eb746fe0d5.jpg?im_w=720');
INSERT INTO IMAGE (IMAGE_ID, ACCOMODATION_ID, IMAGE_URL) VALUES (4193, 220, 'https://a0.muscache.com/im/pictures/65abac64-1e75-462a-b93a-3d402c12855d.jpg?im_w=720');
INSERT INTO IMAGE (IMAGE_ID, ACCOMODATION_ID, IMAGE_URL) VALUES (4194, 220, 'https://a0.muscache.com/im/pictures/2098cb6c-3668-4915-9691-776c6611b1c9.jpg?im_w=720');
INSERT INTO IMAGE (IMAGE_ID, ACCOMODATION_ID, IMAGE_URL) VALUES (4195, 220, 'https://a0.muscache.com/im/pictures/82559fef-e7ac-4ee4-9134-38c12a3049f1.jpg?im_w=720');
INSERT INTO IMAGE (IMAGE_ID, ACCOMODATION_ID, IMAGE_URL) VALUES (4196, 220, 'https://a0.muscache.com/im/pictures/a6f2e397-59e4-42f8-a9b6-d98c936d8e83.jpg?im_w=720');

INSERT INTO LOCATION (LOCATION_ID, LOCATION_NAME, COUNTRY, REGION, CITY, LATITUDE, LONGITUDE) VALUES (221, '지명221', ' 한국', ' 서울', 'Songpa-gu', 37.4826, 127.12148);
INSERT INTO ACCOMODATION (`ACCOMODATION_ID`, `LOCATION_ID`, `ACCOMODATION_NAME`, `HOST_NAME`, `DISCRIPTION`, `ACCOMODATION_TYPE`, `PRICE`, `MAXIMUM_OCCUPANCY`, `AVERAGE_POINT`, `BED_ROOM`, `BATH_ROOM`, `BED_COUNT`,`OPTION`) VALUES (221, 221, 'COZY SINGLE STUDIO near Munjung stn(Pink Line 8)', '호스트221', '설명221', '집 전체', 510850, 2, 1.0, 1, 1,1, '주방,무선 인터넷,에어컨,헤어드라이어');
INSERT INTO IMAGE (IMAGE_ID, ACCOMODATION_ID, IMAGE_URL) VALUES (4197, 221, 'https://a0.muscache.com/im/pictures/de3c5001-456e-4004-a403-45f768e40608.jpg?im_w=720');
INSERT INTO IMAGE (IMAGE_ID, ACCOMODATION_ID, IMAGE_URL) VALUES (4198, 221, 'https://a0.muscache.com/im/pictures/70d567a7-551f-4d2b-99fd-3a54d0084f0e.jpg?im_w=720');
INSERT INTO IMAGE (IMAGE_ID, ACCOMODATION_ID, IMAGE_URL) VALUES (4199, 221, 'https://a0.muscache.com/im/pictures/72ba602a-7889-4879-afb9-c05d6a14a4a0.jpg?im_w=720');
INSERT INTO IMAGE (IMAGE_ID, ACCOMODATION_ID, IMAGE_URL) VALUES (4200, 221, 'https://a0.muscache.com/im/pictures/8c99c798-4343-4171-8fad-b57f72a03626.jpg?im_w=720');
INSERT INTO IMAGE (IMAGE_ID, ACCOMODATION_ID, IMAGE_URL) VALUES (4201, 221, 'https://a0.muscache.com/im/pictures/8e1f9118-127e-48dc-bb89-56ec437e43d3.jpg?im_w=720');
INSERT INTO IMAGE (IMAGE_ID, ACCOMODATION_ID, IMAGE_URL) VALUES (4202, 221, 'https://a0.muscache.com/im/pictures/c3916576-e7a4-4dc5-b3cc-4a8826843b9d.jpg?im_w=720');
INSERT INTO IMAGE (IMAGE_ID, ACCOMODATION_ID, IMAGE_URL) VALUES (4203, 221, 'https://a0.muscache.com/im/pictures/19100369-d74d-4c13-a479-b4ec1d0fd6c3.jpg?im_w=720');
INSERT INTO IMAGE (IMAGE_ID, ACCOMODATION_ID, IMAGE_URL) VALUES (4204, 221, 'https://a0.muscache.com/im/pictures/24feb148-ecad-4ffc-b3ce-5669b51ea691.jpg?im_w=720');
INSERT INTO IMAGE (IMAGE_ID, ACCOMODATION_ID, IMAGE_URL) VALUES (4205, 221, 'https://a0.muscache.com/im/pictures/15d16350-3783-43f1-8ea3-a7842d16097b.jpg?im_w=720');
INSERT INTO IMAGE (IMAGE_ID, ACCOMODATION_ID, IMAGE_URL) VALUES (4206, 221, 'https://a0.muscache.com/im/pictures/5dab15ab-40d0-4f4f-872f-4292915187d7.jpg?im_w=720');
INSERT INTO IMAGE (IMAGE_ID, ACCOMODATION_ID, IMAGE_URL) VALUES (4207, 221, 'https://a0.muscache.com/im/pictures/64532464-d87e-4e46-90bb-83d695fb0883.jpg?im_w=720');
INSERT INTO IMAGE (IMAGE_ID, ACCOMODATION_ID, IMAGE_URL) VALUES (4208, 221, 'https://a0.muscache.com/im/pictures/55a7d3de-60be-4085-8e19-0d7ad678ebde.jpg?im_w=720');
INSERT INTO IMAGE (IMAGE_ID, ACCOMODATION_ID, IMAGE_URL) VALUES (4209, 221, 'https://a0.muscache.com/im/pictures/138b8ca4-561f-4723-b1fd-febb4b4fd024.jpg?im_w=720');
INSERT INTO IMAGE (IMAGE_ID, ACCOMODATION_ID, IMAGE_URL) VALUES (4210, 221, 'https://a0.muscache.com/im/pictures/adbac8f1-47a1-4e84-bbd2-0c2e44903a3f.jpg?im_w=720');
INSERT INTO IMAGE (IMAGE_ID, ACCOMODATION_ID, IMAGE_URL) VALUES (4211, 221, 'https://a0.muscache.com/im/pictures/5533749f-ccb9-4c09-a93b-ad06846104b4.jpg?im_w=720');
INSERT INTO IMAGE (IMAGE_ID, ACCOMODATION_ID, IMAGE_URL) VALUES (4212, 221, 'https://a0.muscache.com/im/pictures/ff37f52d-2f9f-4fa6-b9fb-a964ab3c22dc.jpg?im_w=720');

INSERT INTO LOCATION (LOCATION_ID, LOCATION_NAME, COUNTRY, REGION, CITY, LATITUDE, LONGITUDE) VALUES (222, '지명222', ' 서울', ' Gangnam-gu', 'Irwonbon-dong', 37.49445, 127.08445);
INSERT INTO ACCOMODATION (`ACCOMODATION_ID`, `LOCATION_ID`, `ACCOMODATION_NAME`, `HOST_NAME`, `DISCRIPTION`, `ACCOMODATION_TYPE`, `PRICE`, `MAXIMUM_OCCUPANCY`, `AVERAGE_POINT`, `BED_ROOM`, `BATH_ROOM`, `BED_COUNT`,`OPTION`) VALUES (222, 222, '일원동에 19년 오픈한 2층집 호호하우스
(삼성병원 가까운 깨끗하고, 편안하고 조용한 집)', '호스트222', '설명222', '집 전체', 103180, 2, 8.4, 1, 1,1, '주방,무선 인터넷,에어컨,헤어드라이어');
INSERT INTO IMAGE (IMAGE_ID, ACCOMODATION_ID, IMAGE_URL) VALUES (4213, 222, 'https://a0.muscache.com/im/pictures/24668b52-c2e8-4725-91fb-a6ea0f44c160.jpg?im_w=720');
INSERT INTO IMAGE (IMAGE_ID, ACCOMODATION_ID, IMAGE_URL) VALUES (4214, 222, 'https://a0.muscache.com/im/pictures/ddd7f111-9d3f-4434-80f6-3fb11b313840.jpg?im_w=720');
INSERT INTO IMAGE (IMAGE_ID, ACCOMODATION_ID, IMAGE_URL) VALUES (4215, 222, 'https://a0.muscache.com/im/pictures/f8375d50-ec4d-40db-85b1-c4a386c64ced.jpg?im_w=720');
INSERT INTO IMAGE (IMAGE_ID, ACCOMODATION_ID, IMAGE_URL) VALUES (4216, 222, 'https://a0.muscache.com/im/pictures/587e6350-f411-44b4-ae0e-13886bbebe35.jpg?im_w=720');
INSERT INTO IMAGE (IMAGE_ID, ACCOMODATION_ID, IMAGE_URL) VALUES (4217, 222, 'https://a0.muscache.com/im/pictures/d44c4ffb-d02c-402a-9e33-896f4856dc06.jpg?im_w=720');
INSERT INTO IMAGE (IMAGE_ID, ACCOMODATION_ID, IMAGE_URL) VALUES (4218, 222, 'https://a0.muscache.com/im/pictures/90c8eb27-b647-4d85-921e-0121385691bc.jpg?im_w=720');
INSERT INTO IMAGE (IMAGE_ID, ACCOMODATION_ID, IMAGE_URL) VALUES (4219, 222, 'https://a0.muscache.com/im/pictures/583477f2-ddb3-46f5-828c-fad9ec4a7068.jpg?im_w=720');
INSERT INTO IMAGE (IMAGE_ID, ACCOMODATION_ID, IMAGE_URL) VALUES (4220, 222, 'https://a0.muscache.com/im/pictures/7d14f032-a89d-4a7a-ae3b-28ec39a23d6c.jpg?im_w=720');
INSERT INTO IMAGE (IMAGE_ID, ACCOMODATION_ID, IMAGE_URL) VALUES (4221, 222, 'https://a0.muscache.com/im/pictures/5bea978b-d277-4157-b1da-d17d42508968.jpg?im_w=720');
INSERT INTO IMAGE (IMAGE_ID, ACCOMODATION_ID, IMAGE_URL) VALUES (4222, 222, 'https://a0.muscache.com/im/pictures/0ce2142c-23a5-4de5-aa31-20d2ad527134.jpg?im_w=720');
INSERT INTO IMAGE (IMAGE_ID, ACCOMODATION_ID, IMAGE_URL) VALUES (4223, 222, 'https://a0.muscache.com/im/pictures/8be5567c-658f-4535-8a32-e64e34227178.jpg?im_w=720');
INSERT INTO IMAGE (IMAGE_ID, ACCOMODATION_ID, IMAGE_URL) VALUES (4224, 222, 'https://a0.muscache.com/im/pictures/14484f46-f499-4019-bc66-fe68ef2c7f27.jpg?im_w=720');
INSERT INTO IMAGE (IMAGE_ID, ACCOMODATION_ID, IMAGE_URL) VALUES (4225, 222, 'https://a0.muscache.com/im/pictures/b1693dee-b51c-4040-8be2-b4084ced42d3.jpg?im_w=720');
INSERT INTO IMAGE (IMAGE_ID, ACCOMODATION_ID, IMAGE_URL) VALUES (4226, 222, 'https://a0.muscache.com/im/pictures/861c8b38-e576-4887-8e76-ee829db67c18.jpg?im_w=720');
INSERT INTO IMAGE (IMAGE_ID, ACCOMODATION_ID, IMAGE_URL) VALUES (4227, 222, 'https://a0.muscache.com/im/pictures/516c8be9-1cf6-48f1-8c68-ad20fa1ca5ef.jpg?im_w=720');
INSERT INTO IMAGE (IMAGE_ID, ACCOMODATION_ID, IMAGE_URL) VALUES (4228, 222, 'https://a0.muscache.com/im/pictures/20807727-ee5e-48c2-bc43-57cad9426a26.jpg?im_w=720');
INSERT INTO IMAGE (IMAGE_ID, ACCOMODATION_ID, IMAGE_URL) VALUES (4229, 222, 'https://a0.muscache.com/im/pictures/2face9d2-9910-4faf-a8d4-dc94b6a2a94e.jpg?im_w=720');
INSERT INTO IMAGE (IMAGE_ID, ACCOMODATION_ID, IMAGE_URL) VALUES (4230, 222, 'https://a0.muscache.com/im/pictures/41b41780-d709-48d6-8173-4295066874e3.jpg?im_w=720');
INSERT INTO IMAGE (IMAGE_ID, ACCOMODATION_ID, IMAGE_URL) VALUES (4231, 222, 'https://a0.muscache.com/im/pictures/2c8a6eea-da25-4022-9289-713798f2f3ad.jpg?im_w=720');
INSERT INTO IMAGE (IMAGE_ID, ACCOMODATION_ID, IMAGE_URL) VALUES (4232, 222, 'https://a0.muscache.com/im/pictures/00593ee2-fb9a-4f2c-a410-127709912ae7.jpg?im_w=720');
INSERT INTO IMAGE (IMAGE_ID, ACCOMODATION_ID, IMAGE_URL) VALUES (4233, 222, 'https://a0.muscache.com/im/pictures/ed1b49b9-9c01-426b-9870-f47c833ae897.jpg?im_w=720');
INSERT INTO IMAGE (IMAGE_ID, ACCOMODATION_ID, IMAGE_URL) VALUES (4234, 222, 'https://a0.muscache.com/im/pictures/5f5e52c7-6a51-467a-a408-07f8530d8d64.jpg?im_w=720');
INSERT INTO IMAGE (IMAGE_ID, ACCOMODATION_ID, IMAGE_URL) VALUES (4235, 222, 'https://a0.muscache.com/im/pictures/2b7a0a97-2125-4b8a-9ba2-55942c3c5454.jpg?im_w=720');
INSERT INTO IMAGE (IMAGE_ID, ACCOMODATION_ID, IMAGE_URL) VALUES (4236, 222, 'https://a0.muscache.com/im/pictures/dceef142-5a9b-4ecc-bb0b-4b53323078e8.jpg?im_w=720');
INSERT INTO IMAGE (IMAGE_ID, ACCOMODATION_ID, IMAGE_URL) VALUES (4237, 222, 'https://a0.muscache.com/im/pictures/b6944831-5c67-48f1-bc44-b88261aa4bc2.jpg?im_w=720');

INSERT INTO LOCATION (LOCATION_ID, LOCATION_NAME, COUNTRY, REGION, CITY, LATITUDE, LONGITUDE) VALUES (223, '지명223', ' 서울', ' Gangnam-gu', 'Irwon 1(il)-dong', 37.49329, 127.08767);
INSERT INTO ACCOMODATION (`ACCOMODATION_ID`, `LOCATION_ID`, `ACCOMODATION_NAME`, `HOST_NAME`, `DISCRIPTION`, `ACCOMODATION_TYPE`, `PRICE`, `MAXIMUM_OCCUPANCY`, `AVERAGE_POINT`, `BED_ROOM`, `BATH_ROOM`, `BED_COUNT`,`OPTION`) VALUES (223, 223, '5월 오픈! 삼성병원 5분거리  flower house 3호 숙소(풀옵션 원룸)', '호스트223', '설명223', '집 전체', 993156, 2, 5.0, 1, 1,1, '주방,무선 인터넷,에어컨,헤어드라이어');
INSERT INTO IMAGE (IMAGE_ID, ACCOMODATION_ID, IMAGE_URL) VALUES (4238, 223, 'https://a0.muscache.com/im/pictures/63d70834-ac36-4448-bb24-22d4c612afb5.jpg?im_w=720');
INSERT INTO IMAGE (IMAGE_ID, ACCOMODATION_ID, IMAGE_URL) VALUES (4239, 223, 'https://a0.muscache.com/im/pictures/2e51a879-b080-4429-a4fa-36380a51a02f.jpg?im_w=720');
INSERT INTO IMAGE (IMAGE_ID, ACCOMODATION_ID, IMAGE_URL) VALUES (4240, 223, 'https://a0.muscache.com/im/pictures/8f85b41b-c010-4fc9-b250-3891654a62b2.jpg?im_w=720');
INSERT INTO IMAGE (IMAGE_ID, ACCOMODATION_ID, IMAGE_URL) VALUES (4241, 223, 'https://a0.muscache.com/im/pictures/e758c30e-2685-4750-9932-1ed3ab769baf.jpg?im_w=720');
INSERT INTO IMAGE (IMAGE_ID, ACCOMODATION_ID, IMAGE_URL) VALUES (4242, 223, 'https://a0.muscache.com/im/pictures/4b290e42-4ceb-48be-8deb-9f67ddaf61cf.jpg?im_w=720');
INSERT INTO IMAGE (IMAGE_ID, ACCOMODATION_ID, IMAGE_URL) VALUES (4243, 223, 'https://a0.muscache.com/im/pictures/6b518f3d-6514-42ac-b836-f6c269acc7cc.jpg?im_w=720');
INSERT INTO IMAGE (IMAGE_ID, ACCOMODATION_ID, IMAGE_URL) VALUES (4244, 223, 'https://a0.muscache.com/im/pictures/18d34927-0dcc-4b02-b50a-3a2a0806f148.jpg?im_w=720');
INSERT INTO IMAGE (IMAGE_ID, ACCOMODATION_ID, IMAGE_URL) VALUES (4245, 223, 'https://a0.muscache.com/im/pictures/9c25ee33-09c0-4e30-9277-d8598fcefa51.jpg?im_w=720');
INSERT INTO IMAGE (IMAGE_ID, ACCOMODATION_ID, IMAGE_URL) VALUES (4246, 223, 'https://a0.muscache.com/im/pictures/ad1b3713-0540-4039-a3cc-52766f85289a.jpg?im_w=720');
INSERT INTO IMAGE (IMAGE_ID, ACCOMODATION_ID, IMAGE_URL) VALUES (4247, 223, 'https://a0.muscache.com/im/pictures/584979ec-fe90-499e-b3a2-ef4a8f4cae7c.jpg?im_w=720');
INSERT INTO IMAGE (IMAGE_ID, ACCOMODATION_ID, IMAGE_URL) VALUES (4248, 223, 'https://a0.muscache.com/im/pictures/d2ac3d96-cc00-4358-9fed-8c1141625b4d.jpg?im_w=720');
INSERT INTO IMAGE (IMAGE_ID, ACCOMODATION_ID, IMAGE_URL) VALUES (4249, 223, 'https://a0.muscache.com/im/pictures/5b62e85b-a62a-45fc-87cd-c8128ba01af6.jpg?im_w=720');
INSERT INTO IMAGE (IMAGE_ID, ACCOMODATION_ID, IMAGE_URL) VALUES (4250, 223, 'https://a0.muscache.com/im/pictures/4bae464d-364e-40e0-9310-cca9a5eaf7bc.jpg?im_w=720');
INSERT INTO IMAGE (IMAGE_ID, ACCOMODATION_ID, IMAGE_URL) VALUES (4251, 223, 'https://a0.muscache.com/im/pictures/199afc9c-b41a-4bde-b655-c28181a6d8cd.jpg?im_w=720');
INSERT INTO IMAGE (IMAGE_ID, ACCOMODATION_ID, IMAGE_URL) VALUES (4252, 223, 'https://a0.muscache.com/im/pictures/a8aa4bac-7a08-46b1-b685-dbf356c6b9f2.jpg?im_w=720');
INSERT INTO IMAGE (IMAGE_ID, ACCOMODATION_ID, IMAGE_URL) VALUES (4253, 223, 'https://a0.muscache.com/im/pictures/bc6b4a92-db27-460f-a6c3-4e9086485b07.jpg?im_w=720');
INSERT INTO IMAGE (IMAGE_ID, ACCOMODATION_ID, IMAGE_URL) VALUES (4254, 223, 'https://a0.muscache.com/im/pictures/956acd35-761f-4011-a526-5fd185ab4c8d.jpg?im_w=720');
INSERT INTO IMAGE (IMAGE_ID, ACCOMODATION_ID, IMAGE_URL) VALUES (4255, 223, 'https://a0.muscache.com/im/pictures/08c8f6cb-5e0b-4bc8-a8aa-3202054bdc80.jpg?im_w=720');
INSERT INTO IMAGE (IMAGE_ID, ACCOMODATION_ID, IMAGE_URL) VALUES (4256, 223, 'https://a0.muscache.com/im/pictures/f3229591-acf8-4235-9f34-a5a7ec5eea7e.jpg?im_w=720');
INSERT INTO IMAGE (IMAGE_ID, ACCOMODATION_ID, IMAGE_URL) VALUES (4257, 223, 'https://a0.muscache.com/im/pictures/4a0b38f0-2658-4eca-83e7-f8b75d3c461d.jpg?im_w=720');
INSERT INTO IMAGE (IMAGE_ID, ACCOMODATION_ID, IMAGE_URL) VALUES (4258, 223, 'https://a0.muscache.com/im/pictures/1a6c6832-710d-4b40-ab08-4b5471ade3b5.jpg?im_w=720');
INSERT INTO IMAGE (IMAGE_ID, ACCOMODATION_ID, IMAGE_URL) VALUES (4259, 223, 'https://a0.muscache.com/im/pictures/a5d3b30a-9313-420f-b849-72d95f11bd30.jpg?im_w=720');
INSERT INTO IMAGE (IMAGE_ID, ACCOMODATION_ID, IMAGE_URL) VALUES (4260, 223, 'https://a0.muscache.com/im/pictures/8f80282b-7c7e-41a9-9ac2-6af21c0d3e0d.jpg?im_w=720');

INSERT INTO LOCATION (LOCATION_ID, LOCATION_NAME, COUNTRY, REGION, CITY, LATITUDE, LONGITUDE) VALUES (224, '지명224', ' 한국', ' 서울', 'Songpa-gu', 37.48249001101813, 127.12314161866159);
INSERT INTO ACCOMODATION (`ACCOMODATION_ID`, `LOCATION_ID`, `ACCOMODATION_NAME`, `HOST_NAME`, `DISCRIPTION`, `ACCOMODATION_TYPE`, `PRICE`, `MAXIMUM_OCCUPANCY`, `AVERAGE_POINT`, `BED_ROOM`, `BATH_ROOM`, `BED_COUNT`,`OPTION`) VALUES (224, 224, '문정역 연결 /문정 법조타운 /장지역 도보 5분
송파 지하철 인접', '호스트224', '설명224', '집 전체', 149728, 2, 4.3, 1, 1,1, '주방,무선 인터넷,에어컨,헤어드라이어');
INSERT INTO IMAGE (IMAGE_ID, ACCOMODATION_ID, IMAGE_URL) VALUES (4261, 224, 'https://a0.muscache.com/im/pictures/a6f2887f-ba1a-4237-8a28-14069560515d.jpg?im_w=720');
INSERT INTO IMAGE (IMAGE_ID, ACCOMODATION_ID, IMAGE_URL) VALUES (4262, 224, 'https://a0.muscache.com/im/pictures/65520732-bdcf-4072-a85d-c2be8062964b.jpg?im_w=720');
INSERT INTO IMAGE (IMAGE_ID, ACCOMODATION_ID, IMAGE_URL) VALUES (4263, 224, 'https://a0.muscache.com/im/pictures/9150f6d9-b7a4-4709-b641-ed6046258d21.jpg?im_w=720');
INSERT INTO IMAGE (IMAGE_ID, ACCOMODATION_ID, IMAGE_URL) VALUES (4264, 224, 'https://a0.muscache.com/im/pictures/3e22221a-3a6a-4bec-8b9c-b4acf3d863f8.jpg?im_w=720');
INSERT INTO IMAGE (IMAGE_ID, ACCOMODATION_ID, IMAGE_URL) VALUES (4265, 224, 'https://a0.muscache.com/im/pictures/bafd19f7-45cb-450a-baaa-e36aeaa7629a.jpg?im_w=720');
INSERT INTO IMAGE (IMAGE_ID, ACCOMODATION_ID, IMAGE_URL) VALUES (4266, 224, 'https://a0.muscache.com/im/pictures/3575a4dc-4b79-4c9c-9448-30dafb7380b4.jpg?im_w=720');
INSERT INTO IMAGE (IMAGE_ID, ACCOMODATION_ID, IMAGE_URL) VALUES (4267, 224, 'https://a0.muscache.com/im/pictures/37629c70-7c76-407d-babf-3ef3782f3e99.jpg?im_w=720');
INSERT INTO IMAGE (IMAGE_ID, ACCOMODATION_ID, IMAGE_URL) VALUES (4268, 224, 'https://a0.muscache.com/im/pictures/51bedb16-da61-450a-a2e2-d1f90a5c616e.jpg?im_w=720');
INSERT INTO IMAGE (IMAGE_ID, ACCOMODATION_ID, IMAGE_URL) VALUES (4269, 224, 'https://a0.muscache.com/im/pictures/78099a62-a2f6-4e7a-bb7d-3bc402eb0920.jpg?im_w=720');
INSERT INTO IMAGE (IMAGE_ID, ACCOMODATION_ID, IMAGE_URL) VALUES (4270, 224, 'https://a0.muscache.com/im/pictures/bbd0339e-861a-45ae-a76b-f6bfb89c15bb.jpg?im_w=720');
INSERT INTO IMAGE (IMAGE_ID, ACCOMODATION_ID, IMAGE_URL) VALUES (4271, 224, 'https://a0.muscache.com/im/pictures/ea6c600c-6811-43e7-bf54-11954ae78364.jpg?im_w=720');
INSERT INTO IMAGE (IMAGE_ID, ACCOMODATION_ID, IMAGE_URL) VALUES (4272, 224, 'https://a0.muscache.com/im/pictures/8f04b8d4-8a15-4141-8b15-95846838e814.jpg?im_w=720');
INSERT INTO IMAGE (IMAGE_ID, ACCOMODATION_ID, IMAGE_URL) VALUES (4273, 224, 'https://a0.muscache.com/im/pictures/6eb416dd-1cfd-42ec-9928-944c7d0c4ae3.jpg?im_w=720');
INSERT INTO IMAGE (IMAGE_ID, ACCOMODATION_ID, IMAGE_URL) VALUES (4274, 224, 'https://a0.muscache.com/im/pictures/ed679ecb-661b-4ad2-b133-fb8788338f81.jpg?im_w=720');
INSERT INTO IMAGE (IMAGE_ID, ACCOMODATION_ID, IMAGE_URL) VALUES (4275, 224, 'https://a0.muscache.com/im/pictures/72ba8a1c-3d53-4607-9761-a8e8959020aa.jpg?im_w=720');
INSERT INTO IMAGE (IMAGE_ID, ACCOMODATION_ID, IMAGE_URL) VALUES (4276, 224, 'https://a0.muscache.com/im/pictures/40e24b02-d7d9-4947-ad08-022dcd5ddd0b.jpg?im_w=720');
INSERT INTO IMAGE (IMAGE_ID, ACCOMODATION_ID, IMAGE_URL) VALUES (4277, 224, 'https://a0.muscache.com/im/pictures/976974ab-3037-40e5-9d72-d225221f6d23.jpg?im_w=720');
INSERT INTO IMAGE (IMAGE_ID, ACCOMODATION_ID, IMAGE_URL) VALUES (4278, 224, 'https://a0.muscache.com/im/pictures/4df4b02f-082c-4800-be8c-27c4bdf20c83.jpg?im_w=720');
INSERT INTO IMAGE (IMAGE_ID, ACCOMODATION_ID, IMAGE_URL) VALUES (4279, 224, 'https://a0.muscache.com/im/pictures/241212c5-5760-4f4b-8972-4be7a99689d8.jpg?im_w=720');
INSERT INTO IMAGE (IMAGE_ID, ACCOMODATION_ID, IMAGE_URL) VALUES (4280, 224, 'https://a0.muscache.com/im/pictures/cf43da2f-59ca-45d0-9703-9df55bb282c3.jpg?im_w=720');
INSERT INTO IMAGE (IMAGE_ID, ACCOMODATION_ID, IMAGE_URL) VALUES (4281, 224, 'https://a0.muscache.com/im/pictures/a04bda01-dabe-4b68-a1d1-cc54ecffad82.jpg?im_w=720');
INSERT INTO IMAGE (IMAGE_ID, ACCOMODATION_ID, IMAGE_URL) VALUES (4282, 224, 'https://a0.muscache.com/im/pictures/b7c2e332-7435-4d81-9881-e973268ef0bb.jpg?im_w=720');
INSERT INTO IMAGE (IMAGE_ID, ACCOMODATION_ID, IMAGE_URL) VALUES (4283, 224, 'https://a0.muscache.com/im/pictures/e01e6af4-7d5e-4a89-a5fa-73c500292733.jpg?im_w=720');

INSERT INTO LOCATION (LOCATION_ID, LOCATION_NAME, COUNTRY, REGION, CITY, LATITUDE, LONGITUDE) VALUES (225, '지명225', ' 한국', ' 서울', 'Songpa-gu', 37.48001, 127.11649);
INSERT INTO ACCOMODATION (`ACCOMODATION_ID`, `LOCATION_ID`, `ACCOMODATION_NAME`, `HOST_NAME`, `DISCRIPTION`, `ACCOMODATION_TYPE`, `PRICE`, `MAXIMUM_OCCUPANCY`, `AVERAGE_POINT`, `BED_ROOM`, `BATH_ROOM`, `BED_COUNT`,`OPTION`) VALUES (225, 225, '[슈퍼호스트] 송파 잠실 jamsil Cozy 감성숙소무료 안마의자.문정 장지 수서역 부근', '호스트225', '설명225', '집 전체', 641173, 2, 8.8, 1, 1,1, '주방,무선 인터넷,에어컨,헤어드라이어');
INSERT INTO IMAGE (IMAGE_ID, ACCOMODATION_ID, IMAGE_URL) VALUES (4284, 225, 'https://a0.muscache.com/im/pictures/d9582c2f-f19d-4e12-8a66-946753b35ec0.jpg?im_w=720');
INSERT INTO IMAGE (IMAGE_ID, ACCOMODATION_ID, IMAGE_URL) VALUES (4285, 225, 'https://a0.muscache.com/im/pictures/7a18dcca-b58f-4e3c-bcee-6c6bb4b3d394.jpg?im_w=720');
INSERT INTO IMAGE (IMAGE_ID, ACCOMODATION_ID, IMAGE_URL) VALUES (4286, 225, 'https://a0.muscache.com/im/pictures/c91ebedc-0e3c-4dc0-9603-c47614f09d2c.jpg?im_w=720');
INSERT INTO IMAGE (IMAGE_ID, ACCOMODATION_ID, IMAGE_URL) VALUES (4287, 225, 'https://a0.muscache.com/im/pictures/e924bf10-e137-47f8-8bf0-f031063455a9.jpg?im_w=720');
INSERT INTO IMAGE (IMAGE_ID, ACCOMODATION_ID, IMAGE_URL) VALUES (4288, 225, 'https://a0.muscache.com/im/pictures/f55bfa2a-9c71-4cdc-b7a9-2acd4021fb53.jpg?im_w=720');
INSERT INTO IMAGE (IMAGE_ID, ACCOMODATION_ID, IMAGE_URL) VALUES (4289, 225, 'https://a0.muscache.com/im/pictures/fc154de2-49d7-4337-b41d-5f33016016e7.jpg?im_w=720');
INSERT INTO IMAGE (IMAGE_ID, ACCOMODATION_ID, IMAGE_URL) VALUES (4290, 225, 'https://a0.muscache.com/im/pictures/969a030b-933c-4811-8122-7fa98dcc1d3f.jpg?im_w=720');
INSERT INTO IMAGE (IMAGE_ID, ACCOMODATION_ID, IMAGE_URL) VALUES (4291, 225, 'https://a0.muscache.com/im/pictures/a02d48c2-c7b7-4dbf-844a-e52e7a3faf77.jpg?im_w=720');
INSERT INTO IMAGE (IMAGE_ID, ACCOMODATION_ID, IMAGE_URL) VALUES (4292, 225, 'https://a0.muscache.com/im/pictures/48d69914-8d58-4f3f-bb16-83f5fe44ae0c.jpg?im_w=720');
INSERT INTO IMAGE (IMAGE_ID, ACCOMODATION_ID, IMAGE_URL) VALUES (4293, 225, 'https://a0.muscache.com/im/pictures/0711e16d-beed-487f-a5a3-0c2f76109342.jpg?im_w=720');
INSERT INTO IMAGE (IMAGE_ID, ACCOMODATION_ID, IMAGE_URL) VALUES (4294, 225, 'https://a0.muscache.com/im/pictures/0ac4e318-59d7-4ea1-8cb1-07be76903cbc.jpg?im_w=720');
INSERT INTO IMAGE (IMAGE_ID, ACCOMODATION_ID, IMAGE_URL) VALUES (4295, 225, 'https://a0.muscache.com/im/pictures/ae3a96c1-e32d-4162-a036-18ffa5679cb8.jpg?im_w=720');
INSERT INTO IMAGE (IMAGE_ID, ACCOMODATION_ID, IMAGE_URL) VALUES (4296, 225, 'https://a0.muscache.com/im/pictures/f4ffdbf6-a3c8-46a6-8c99-bdb345afc934.jpg?im_w=720');
INSERT INTO IMAGE (IMAGE_ID, ACCOMODATION_ID, IMAGE_URL) VALUES (4297, 225, 'https://a0.muscache.com/im/pictures/02763540-c706-41bf-9da8-f4112786020b.jpg?im_w=720');
INSERT INTO IMAGE (IMAGE_ID, ACCOMODATION_ID, IMAGE_URL) VALUES (4298, 225, 'https://a0.muscache.com/im/pictures/fc27f73e-eca1-47ab-ae67-9b69cd8aaf32.jpg?im_w=720');
INSERT INTO IMAGE (IMAGE_ID, ACCOMODATION_ID, IMAGE_URL) VALUES (4299, 225, 'https://a0.muscache.com/im/pictures/a430ca8f-d444-4864-93e6-5c00846c9c35.jpg?im_w=720');
INSERT INTO IMAGE (IMAGE_ID, ACCOMODATION_ID, IMAGE_URL) VALUES (4300, 225, 'https://a0.muscache.com/im/pictures/f77166e8-5aa0-4723-92ba-d02ac62b62b6.jpg?im_w=720');
INSERT INTO IMAGE (IMAGE_ID, ACCOMODATION_ID, IMAGE_URL) VALUES (4301, 225, 'https://a0.muscache.com/im/pictures/564def55-0e85-4f02-87ca-9fe9dfa21681.jpg?im_w=720');
INSERT INTO IMAGE (IMAGE_ID, ACCOMODATION_ID, IMAGE_URL) VALUES (4302, 225, 'https://a0.muscache.com/im/pictures/7ac4926c-d143-47f1-a1a6-b995460a479c.jpg?im_w=720');
INSERT INTO IMAGE (IMAGE_ID, ACCOMODATION_ID, IMAGE_URL) VALUES (4303, 225, 'https://a0.muscache.com/im/pictures/3997fd2d-ea8a-4821-b51c-ba8547f8af37.jpg?im_w=720');
INSERT INTO IMAGE (IMAGE_ID, ACCOMODATION_ID, IMAGE_URL) VALUES (4304, 225, 'https://a0.muscache.com/im/pictures/625682b5-d02f-4d09-88b6-d44fc248d1ba.jpg?im_w=720');

INSERT INTO LOCATION (LOCATION_ID, LOCATION_NAME, COUNTRY, REGION, CITY, LATITUDE, LONGITUDE) VALUES (226, '지명226', ' 한국', ' 서울', '강남구', 37.49056, 127.08291);
INSERT INTO ACCOMODATION (`ACCOMODATION_ID`, `LOCATION_ID`, `ACCOMODATION_NAME`, `HOST_NAME`, `DISCRIPTION`, `ACCOMODATION_TYPE`, `PRICE`, `MAXIMUM_OCCUPANCY`, `AVERAGE_POINT`, `BED_ROOM`, `BATH_ROOM`, `BED_COUNT`,`OPTION`) VALUES (226, 226, '@삼성병원 도보5분 ,일원역, 대청역 인근 깔끔한 풀옵션 원룸', '호스트226', '설명226', '집 전체', 238362, 2, 9.1, 1, 1,1, '주방,무선 인터넷,에어컨,헤어드라이어');
INSERT INTO IMAGE (IMAGE_ID, ACCOMODATION_ID, IMAGE_URL) VALUES (4305, 226, 'https://a0.muscache.com/im/pictures/12f03714-8cac-4ff5-8c70-fd2837174693.jpg?im_w=720');
INSERT INTO IMAGE (IMAGE_ID, ACCOMODATION_ID, IMAGE_URL) VALUES (4306, 226, 'https://a0.muscache.com/im/pictures/936b7aeb-4ef4-490d-a019-aed2db78f9d4.jpg?im_w=720');
INSERT INTO IMAGE (IMAGE_ID, ACCOMODATION_ID, IMAGE_URL) VALUES (4307, 226, 'https://a0.muscache.com/im/pictures/0fe43917-f62c-479f-ad7a-551f99e923f9.jpg?im_w=720');
INSERT INTO IMAGE (IMAGE_ID, ACCOMODATION_ID, IMAGE_URL) VALUES (4308, 226, 'https://a0.muscache.com/im/pictures/0af249e7-7552-4d03-a4e9-c2f8a5017f2c.jpg?im_w=720');
INSERT INTO IMAGE (IMAGE_ID, ACCOMODATION_ID, IMAGE_URL) VALUES (4309, 226, 'https://a0.muscache.com/im/pictures/27db54c2-be17-4af7-b7b9-9c838465e106.jpg?im_w=720');
INSERT INTO IMAGE (IMAGE_ID, ACCOMODATION_ID, IMAGE_URL) VALUES (4310, 226, 'https://a0.muscache.com/im/pictures/9e8380c8-a35b-4f3b-974c-fe7804112fee.jpg?im_w=720');
INSERT INTO IMAGE (IMAGE_ID, ACCOMODATION_ID, IMAGE_URL) VALUES (4311, 226, 'https://a0.muscache.com/im/pictures/d7a69989-d175-42c3-abf1-e273b81865a6.jpg?im_w=720');
INSERT INTO IMAGE (IMAGE_ID, ACCOMODATION_ID, IMAGE_URL) VALUES (4312, 226, 'https://a0.muscache.com/im/pictures/a874d71f-6067-4c16-81b4-7da36b055cb4.jpg?im_w=720');
INSERT INTO IMAGE (IMAGE_ID, ACCOMODATION_ID, IMAGE_URL) VALUES (4313, 226, 'https://a0.muscache.com/im/pictures/82a533ea-db09-4e2a-9db3-2392e355d3a7.jpg?im_w=720');

INSERT INTO LOCATION (LOCATION_ID, LOCATION_NAME, COUNTRY, REGION, CITY, LATITUDE, LONGITUDE) VALUES (227, '지명227', ' 서울', ' Gangnam-gu', 'Irwon 1(il)-dong', 37.49141, 127.08715);
INSERT INTO ACCOMODATION (`ACCOMODATION_ID`, `LOCATION_ID`, `ACCOMODATION_NAME`, `HOST_NAME`, `DISCRIPTION`, `ACCOMODATION_TYPE`, `PRICE`, `MAXIMUM_OCCUPANCY`, `AVERAGE_POINT`, `BED_ROOM`, `BATH_ROOM`, `BED_COUNT`,`OPTION`) VALUES (227, 227, '로즈하우스Ⅳ(B2)', '호스트227', '설명227', '집 전체', 988187, 4, 8.1, 1, 1,1, '주방,무선 인터넷,에어컨');
INSERT INTO IMAGE (IMAGE_ID, ACCOMODATION_ID, IMAGE_URL) VALUES (4314, 227, 'https://a0.muscache.com/im/pictures/3e4381aa-7a89-4e90-a2b4-2bccabc9dd97.jpg?im_w=720');
INSERT INTO IMAGE (IMAGE_ID, ACCOMODATION_ID, IMAGE_URL) VALUES (4315, 227, 'https://a0.muscache.com/im/pictures/513edd1b-95d2-4b94-ba3f-b099cdace78d.jpg?im_w=720');
INSERT INTO IMAGE (IMAGE_ID, ACCOMODATION_ID, IMAGE_URL) VALUES (4316, 227, 'https://a0.muscache.com/im/pictures/d38e658e-82de-4da7-9b4e-4605b785e219.jpg?im_w=720');
INSERT INTO IMAGE (IMAGE_ID, ACCOMODATION_ID, IMAGE_URL) VALUES (4317, 227, 'https://a0.muscache.com/im/pictures/73dc6a04-887f-4c00-bcd6-9e4eaea7c194.jpg?im_w=720');
INSERT INTO IMAGE (IMAGE_ID, ACCOMODATION_ID, IMAGE_URL) VALUES (4318, 227, 'https://a0.muscache.com/im/pictures/5ab816e5-9909-40c8-bc13-ef8260d5265b.jpg?im_w=720');
INSERT INTO IMAGE (IMAGE_ID, ACCOMODATION_ID, IMAGE_URL) VALUES (4319, 227, 'https://a0.muscache.com/im/pictures/6f62815a-8a49-4008-aa25-9fd9bee471e8.jpg?im_w=720');
INSERT INTO IMAGE (IMAGE_ID, ACCOMODATION_ID, IMAGE_URL) VALUES (4320, 227, 'https://a0.muscache.com/im/pictures/4c9e37b0-5b5e-47fc-9f22-22ccdd697a4d.jpg?im_w=720');
INSERT INTO IMAGE (IMAGE_ID, ACCOMODATION_ID, IMAGE_URL) VALUES (4321, 227, 'https://a0.muscache.com/im/pictures/5ffcd229-9be5-4dcc-94f5-300a1240fd98.jpg?im_w=720');
INSERT INTO IMAGE (IMAGE_ID, ACCOMODATION_ID, IMAGE_URL) VALUES (4322, 227, 'https://a0.muscache.com/im/pictures/7b6d0d22-7a07-4443-88fe-4a9411b3b769.jpg?im_w=720');
INSERT INTO IMAGE (IMAGE_ID, ACCOMODATION_ID, IMAGE_URL) VALUES (4323, 227, 'https://a0.muscache.com/im/pictures/173ffd84-efa7-483a-818e-16c238d0f4fc.jpg?im_w=720');
INSERT INTO IMAGE (IMAGE_ID, ACCOMODATION_ID, IMAGE_URL) VALUES (4324, 227, 'https://a0.muscache.com/im/pictures/6591edb4-c412-4027-af0f-8ed5808f0278.jpg?im_w=720');
INSERT INTO IMAGE (IMAGE_ID, ACCOMODATION_ID, IMAGE_URL) VALUES (4325, 227, 'https://a0.muscache.com/im/pictures/c34908b4-994a-4105-8268-eb364ea85813.jpg?im_w=720');
INSERT INTO IMAGE (IMAGE_ID, ACCOMODATION_ID, IMAGE_URL) VALUES (4326, 227, 'https://a0.muscache.com/im/pictures/db45b508-7d2f-4358-8f87-42926492e068.jpg?im_w=720');
INSERT INTO IMAGE (IMAGE_ID, ACCOMODATION_ID, IMAGE_URL) VALUES (4327, 227, 'https://a0.muscache.com/im/pictures/fd649f2b-8b3d-4cb9-96db-a9f452f258cc.jpg?im_w=720');
INSERT INTO IMAGE (IMAGE_ID, ACCOMODATION_ID, IMAGE_URL) VALUES (4328, 227, 'https://a0.muscache.com/im/pictures/0e8e8341-f778-408c-9b7a-1ab1257bfa56.jpg?im_w=720');
INSERT INTO IMAGE (IMAGE_ID, ACCOMODATION_ID, IMAGE_URL) VALUES (4329, 227, 'https://a0.muscache.com/im/pictures/f426b5df-5677-4e53-bba2-ed9e933d6744.jpg?im_w=720');
INSERT INTO IMAGE (IMAGE_ID, ACCOMODATION_ID, IMAGE_URL) VALUES (4330, 227, 'https://a0.muscache.com/im/pictures/e3938c91-ef2a-4241-b375-44c0fe8fade6.jpg?im_w=720');
INSERT INTO IMAGE (IMAGE_ID, ACCOMODATION_ID, IMAGE_URL) VALUES (4331, 227, 'https://a0.muscache.com/im/pictures/cba8ce5e-e497-4047-bb45-b32dfbe72b92.jpg?im_w=720');
INSERT INTO IMAGE (IMAGE_ID, ACCOMODATION_ID, IMAGE_URL) VALUES (4332, 227, 'https://a0.muscache.com/im/pictures/7c50b841-3e0a-4b52-b29d-a3e49bb2deb5.jpg?im_w=720');
INSERT INTO IMAGE (IMAGE_ID, ACCOMODATION_ID, IMAGE_URL) VALUES (4333, 227, 'https://a0.muscache.com/im/pictures/08aff27d-f5b1-40b5-9b53-1ccc6438d10a.jpg?im_w=720');
INSERT INTO IMAGE (IMAGE_ID, ACCOMODATION_ID, IMAGE_URL) VALUES (4334, 227, 'https://a0.muscache.com/im/pictures/9020cded-551d-4ff3-8111-e868a4103c36.jpg?im_w=720');
INSERT INTO IMAGE (IMAGE_ID, ACCOMODATION_ID, IMAGE_URL) VALUES (4335, 227, 'https://a0.muscache.com/im/pictures/fb1f15ca-de62-4825-ad66-ffcf7ff7bc52.jpg?im_w=720');
INSERT INTO IMAGE (IMAGE_ID, ACCOMODATION_ID, IMAGE_URL) VALUES (4336, 227, 'https://a0.muscache.com/im/pictures/c7a7531a-81c4-4ffe-ba85-01557ea1fd60.jpg?im_w=720');
INSERT INTO IMAGE (IMAGE_ID, ACCOMODATION_ID, IMAGE_URL) VALUES (4337, 227, 'https://a0.muscache.com/im/pictures/8a7cc74a-5a69-4e96-84c3-e3250c5ae087.jpg?im_w=720');
INSERT INTO IMAGE (IMAGE_ID, ACCOMODATION_ID, IMAGE_URL) VALUES (4338, 227, 'https://a0.muscache.com/im/pictures/b3b72a37-392b-4736-bfbb-e57071751016.jpg?im_w=720');
INSERT INTO IMAGE (IMAGE_ID, ACCOMODATION_ID, IMAGE_URL) VALUES (4339, 227, 'https://a0.muscache.com/im/pictures/5d7d585b-27e0-4a9d-9db1-576e5710f203.jpg?im_w=720');
INSERT INTO IMAGE (IMAGE_ID, ACCOMODATION_ID, IMAGE_URL) VALUES (4340, 227, 'https://a0.muscache.com/im/pictures/511070e3-7260-4af9-8373-514c97ae4003.jpg?im_w=720');
INSERT INTO IMAGE (IMAGE_ID, ACCOMODATION_ID, IMAGE_URL) VALUES (4341, 227, 'https://a0.muscache.com/im/pictures/84fe5c8e-1024-4878-8d8d-326b15a85dbc.jpg?im_w=720');
INSERT INTO IMAGE (IMAGE_ID, ACCOMODATION_ID, IMAGE_URL) VALUES (4342, 227, 'https://a0.muscache.com/im/pictures/729e8b1a-2f27-47ad-9fd7-e484e993de3f.jpg?im_w=720');
INSERT INTO IMAGE (IMAGE_ID, ACCOMODATION_ID, IMAGE_URL) VALUES (4343, 227, 'https://a0.muscache.com/im/pictures/8e321b6f-86ae-4220-a1a1-4b1cc3a99717.jpg?im_w=720');

INSERT INTO LOCATION (LOCATION_ID, LOCATION_NAME, COUNTRY, REGION, CITY, LATITUDE, LONGITUDE) VALUES (228, '지명228', ' 서울', ' Gangnam-gu', 'Suseo-dong', 37.48616583169015, 127.106252550095);
INSERT INTO ACCOMODATION (`ACCOMODATION_ID`, `LOCATION_ID`, `ACCOMODATION_NAME`, `HOST_NAME`, `DISCRIPTION`, `ACCOMODATION_TYPE`, `PRICE`, `MAXIMUM_OCCUPANCY`, `AVERAGE_POINT`, `BED_ROOM`, `BATH_ROOM`, `BED_COUNT`,`OPTION`) VALUES (228, 228, '☆넓은원룸☆편안한침구☆수서역도보1분☆삼성병원15분☆편의시설최고☆장기숙박환영☆', '호스트228', '설명228', '집 전체', 112150, 3, 3.9, 1, 1,1, '주방,무선 인터넷,에어컨,헤어드라이어');
INSERT INTO IMAGE (IMAGE_ID, ACCOMODATION_ID, IMAGE_URL) VALUES (4344, 228, 'https://a0.muscache.com/im/pictures/miso/Hosting-44499964/original/8435f7dd-5d38-4ad8-9019-04ec2dbe8beb.png?im_w=720');
INSERT INTO IMAGE (IMAGE_ID, ACCOMODATION_ID, IMAGE_URL) VALUES (4345, 228, 'https://a0.muscache.com/im/pictures/8b03395e-c735-4b1a-a713-30e77570f363.jpg?im_w=720');
INSERT INTO IMAGE (IMAGE_ID, ACCOMODATION_ID, IMAGE_URL) VALUES (4346, 228, 'https://a0.muscache.com/im/pictures/732038bf-5f97-4f2f-9f2a-1cda71014b49.jpg?im_w=720');
INSERT INTO IMAGE (IMAGE_ID, ACCOMODATION_ID, IMAGE_URL) VALUES (4347, 228, 'https://a0.muscache.com/im/pictures/63e20d82-aeb1-483c-b654-9de2f44a9137.jpg?im_w=720');
INSERT INTO IMAGE (IMAGE_ID, ACCOMODATION_ID, IMAGE_URL) VALUES (4348, 228, 'https://a0.muscache.com/im/pictures/380bffe4-d439-47ee-8219-bcef7a2321f1.jpg?im_w=720');
INSERT INTO IMAGE (IMAGE_ID, ACCOMODATION_ID, IMAGE_URL) VALUES (4349, 228, 'https://a0.muscache.com/im/pictures/18c0c33f-6fed-46c1-b17d-c9a5fa5bb880.jpg?im_w=720');
INSERT INTO IMAGE (IMAGE_ID, ACCOMODATION_ID, IMAGE_URL) VALUES (4350, 228, 'https://a0.muscache.com/im/pictures/3203fd77-6855-4f4e-a33b-328bac68c315.jpg?im_w=720');
INSERT INTO IMAGE (IMAGE_ID, ACCOMODATION_ID, IMAGE_URL) VALUES (4351, 228, 'https://a0.muscache.com/im/pictures/e57ddbb6-dccc-49e2-a4f8-37b64ccf60fb.jpg?im_w=720');
INSERT INTO IMAGE (IMAGE_ID, ACCOMODATION_ID, IMAGE_URL) VALUES (4352, 228, 'https://a0.muscache.com/im/pictures/7a1425c1-78fa-4252-8fcf-3053ef120b18.jpg?im_w=720');
INSERT INTO IMAGE (IMAGE_ID, ACCOMODATION_ID, IMAGE_URL) VALUES (4353, 228, 'https://a0.muscache.com/im/pictures/eff60f84-1794-4449-a888-1a0bccb1450e.jpg?im_w=720');
INSERT INTO IMAGE (IMAGE_ID, ACCOMODATION_ID, IMAGE_URL) VALUES (4354, 228, 'https://a0.muscache.com/im/pictures/58404b34-c17e-45a9-9179-8c546066fd7c.jpg?im_w=720');
INSERT INTO IMAGE (IMAGE_ID, ACCOMODATION_ID, IMAGE_URL) VALUES (4355, 228, 'https://a0.muscache.com/im/pictures/33e7e7ae-2660-43c7-b4f1-6120330000d9.jpg?im_w=720');
INSERT INTO IMAGE (IMAGE_ID, ACCOMODATION_ID, IMAGE_URL) VALUES (4356, 228, 'https://a0.muscache.com/im/pictures/20f66c1d-51ca-4671-a919-600cbeef2b6b.jpg?im_w=720');
INSERT INTO IMAGE (IMAGE_ID, ACCOMODATION_ID, IMAGE_URL) VALUES (4357, 228, 'https://a0.muscache.com/im/pictures/94abb0b5-7690-4ce1-933c-5595508b609c.jpg?im_w=720');
INSERT INTO IMAGE (IMAGE_ID, ACCOMODATION_ID, IMAGE_URL) VALUES (4358, 228, 'https://a0.muscache.com/im/pictures/61f650b4-b2b2-479c-b4ee-8692fc0bcf60.jpg?im_w=720');
INSERT INTO IMAGE (IMAGE_ID, ACCOMODATION_ID, IMAGE_URL) VALUES (4359, 228, 'https://a0.muscache.com/im/pictures/7c79b6e3-cd6e-4e33-81d7-c8c6c2219204.jpg?im_w=720');
INSERT INTO IMAGE (IMAGE_ID, ACCOMODATION_ID, IMAGE_URL) VALUES (4360, 228, 'https://a0.muscache.com/im/pictures/ce69ff34-04a0-44e9-a7af-643eef7f015c.jpg?im_w=720');
INSERT INTO IMAGE (IMAGE_ID, ACCOMODATION_ID, IMAGE_URL) VALUES (4361, 228, 'https://a0.muscache.com/im/pictures/aa96ae17-5b71-4b62-b5ac-fc0c335bc474.jpg?im_w=720');
INSERT INTO IMAGE (IMAGE_ID, ACCOMODATION_ID, IMAGE_URL) VALUES (4362, 228, 'https://a0.muscache.com/im/pictures/462e4018-0eef-4c22-a3c2-8a36f2fbd61a.jpg?im_w=720');
INSERT INTO IMAGE (IMAGE_ID, ACCOMODATION_ID, IMAGE_URL) VALUES (4363, 228, 'https://a0.muscache.com/im/pictures/11772574-cffc-4e33-a97b-d9cd8bd723bf.jpg?im_w=720');
INSERT INTO IMAGE (IMAGE_ID, ACCOMODATION_ID, IMAGE_URL) VALUES (4364, 228, 'https://a0.muscache.com/im/pictures/21cf41a0-5bf0-4804-a0b8-885c7dd8e6ed.jpg?im_w=720');
INSERT INTO IMAGE (IMAGE_ID, ACCOMODATION_ID, IMAGE_URL) VALUES (4365, 228, 'https://a0.muscache.com/im/pictures/99169358-fed4-40cc-a391-287ecca60e9c.jpg?im_w=720');
INSERT INTO IMAGE (IMAGE_ID, ACCOMODATION_ID, IMAGE_URL) VALUES (4366, 228, 'https://a0.muscache.com/im/pictures/2956ae16-e818-4275-8992-de453e8cbc5b.jpg?im_w=720');
INSERT INTO IMAGE (IMAGE_ID, ACCOMODATION_ID, IMAGE_URL) VALUES (4367, 228, 'https://a0.muscache.com/im/pictures/800639bf-5cc5-4935-af3b-ccea472b669a.jpg?im_w=720');
INSERT INTO IMAGE (IMAGE_ID, ACCOMODATION_ID, IMAGE_URL) VALUES (4368, 228, 'https://a0.muscache.com/im/pictures/ffbeb85c-569f-48d8-8a75-e4d5a4232a8b.jpg?im_w=720');
INSERT INTO IMAGE (IMAGE_ID, ACCOMODATION_ID, IMAGE_URL) VALUES (4369, 228, 'https://a0.muscache.com/im/pictures/655f35c4-1b00-4539-9037-1997e3d18ceb.jpg?im_w=720');

INSERT INTO LOCATION (LOCATION_ID, LOCATION_NAME, COUNTRY, REGION, CITY, LATITUDE, LONGITUDE) VALUES (229, '지명229', ' 서울', ' Gangnam-gu', 'Irwon 1(il)-dong', 37.49498, 127.08546);
INSERT INTO ACCOMODATION (`ACCOMODATION_ID`, `LOCATION_ID`, `ACCOMODATION_NAME`, `HOST_NAME`, `DISCRIPTION`, `ACCOMODATION_TYPE`, `PRICE`, `MAXIMUM_OCCUPANCY`, `AVERAGE_POINT`, `BED_ROOM`, `BATH_ROOM`, `BED_COUNT`,`OPTION`) VALUES (229, 229, '[NEW]삼성병원/COEX 근처 아늑하고 편리한 방', '호스트229', '설명229', '집 전체', 923180, 3, 7.4, 2, 1,2, '주방,무선 인터넷,에어컨,헤어드라이어');
INSERT INTO IMAGE (IMAGE_ID, ACCOMODATION_ID, IMAGE_URL) VALUES (4370, 229, 'https://a0.muscache.com/im/pictures/6bf52080-2843-4f36-be48-09db040abf63.jpg?im_w=720');
INSERT INTO IMAGE (IMAGE_ID, ACCOMODATION_ID, IMAGE_URL) VALUES (4371, 229, 'https://a0.muscache.com/im/pictures/8226288d-c6fe-42be-8bfc-3755e12bc601.jpg?im_w=720');
INSERT INTO IMAGE (IMAGE_ID, ACCOMODATION_ID, IMAGE_URL) VALUES (4372, 229, 'https://a0.muscache.com/im/pictures/424e99bd-34c7-41c8-a625-2d40ce7e143d.jpg?im_w=720');
INSERT INTO IMAGE (IMAGE_ID, ACCOMODATION_ID, IMAGE_URL) VALUES (4373, 229, 'https://a0.muscache.com/im/pictures/f011b427-7cd4-4f92-92aa-a79845ca7a4a.jpg?im_w=720');
INSERT INTO IMAGE (IMAGE_ID, ACCOMODATION_ID, IMAGE_URL) VALUES (4374, 229, 'https://a0.muscache.com/im/pictures/99c6b3d7-9ae3-4fe8-ae79-d71edf326ef2.jpg?im_w=720');
INSERT INTO IMAGE (IMAGE_ID, ACCOMODATION_ID, IMAGE_URL) VALUES (4375, 229, 'https://a0.muscache.com/im/pictures/da7620e3-7d93-4568-9a4c-340b36e74ddc.jpg?im_w=720');
INSERT INTO IMAGE (IMAGE_ID, ACCOMODATION_ID, IMAGE_URL) VALUES (4376, 229, 'https://a0.muscache.com/im/pictures/a2e6b7a3-54cf-42fe-9153-a3cdf547a4d1.jpg?im_w=720');
INSERT INTO IMAGE (IMAGE_ID, ACCOMODATION_ID, IMAGE_URL) VALUES (4377, 229, 'https://a0.muscache.com/im/pictures/f8e8e170-b091-482e-9701-13d14dfe0d32.jpg?im_w=720');
INSERT INTO IMAGE (IMAGE_ID, ACCOMODATION_ID, IMAGE_URL) VALUES (4378, 229, 'https://a0.muscache.com/im/pictures/139dc57b-f428-4166-a5d4-da4dcc532478.jpg?im_w=720');
INSERT INTO IMAGE (IMAGE_ID, ACCOMODATION_ID, IMAGE_URL) VALUES (4379, 229, 'https://a0.muscache.com/im/pictures/62b0b69e-4684-4b28-9b85-19782c87c111.jpg?im_w=720');
INSERT INTO IMAGE (IMAGE_ID, ACCOMODATION_ID, IMAGE_URL) VALUES (4380, 229, 'https://a0.muscache.com/im/pictures/2ff53c11-e571-40d8-816c-82a3f35a8dc6.jpg?im_w=720');
INSERT INTO IMAGE (IMAGE_ID, ACCOMODATION_ID, IMAGE_URL) VALUES (4381, 229, 'https://a0.muscache.com/im/pictures/a0ef9a48-591d-456c-bcb1-94c7b49c42aa.jpg?im_w=720');
INSERT INTO IMAGE (IMAGE_ID, ACCOMODATION_ID, IMAGE_URL) VALUES (4382, 229, 'https://a0.muscache.com/im/pictures/132e005f-0650-47de-8753-8ceb4c660cfe.jpg?im_w=720');
INSERT INTO IMAGE (IMAGE_ID, ACCOMODATION_ID, IMAGE_URL) VALUES (4383, 229, 'https://a0.muscache.com/im/pictures/895d9caf-6c05-4fd9-af6e-449587f99b83.jpg?im_w=720');
INSERT INTO IMAGE (IMAGE_ID, ACCOMODATION_ID, IMAGE_URL) VALUES (4384, 229, 'https://a0.muscache.com/im/pictures/be93338f-52d8-4ba8-bfe0-0ea2901c54ca.jpg?im_w=720');
INSERT INTO IMAGE (IMAGE_ID, ACCOMODATION_ID, IMAGE_URL) VALUES (4385, 229, 'https://a0.muscache.com/im/pictures/396f134e-4e8f-4fd3-9dde-2c384723d8c1.jpg?im_w=720');
INSERT INTO IMAGE (IMAGE_ID, ACCOMODATION_ID, IMAGE_URL) VALUES (4386, 229, 'https://a0.muscache.com/im/pictures/3da0dd07-e6f1-43fd-bdfb-909218c1e8f4.jpg?im_w=720');

INSERT INTO LOCATION (LOCATION_ID, LOCATION_NAME, COUNTRY, REGION, CITY, LATITUDE, LONGITUDE) VALUES (230, '지명230', ' 서울', ' Gangnam-gu', 'Gaepo-dong', 37.49325, 127.08041);
INSERT INTO ACCOMODATION (`ACCOMODATION_ID`, `LOCATION_ID`, `ACCOMODATION_NAME`, `HOST_NAME`, `DISCRIPTION`, `ACCOMODATION_TYPE`, `PRICE`, `MAXIMUM_OCCUPANCY`, `AVERAGE_POINT`, `BED_ROOM`, `BATH_ROOM`, `BED_COUNT`,`OPTION`) VALUES (230, 230, '*3호선 대청역  연결/일원동/ 삼성병원/ SRT수서역/ 대치학원가/ 잠실 롯데월드/ 세텍', '호스트230', '설명230', '집 전체', 688008, 4, 4.2, 0, 1,0, '주방,무선 인터넷,에어컨,헤어드라이어');
INSERT INTO IMAGE (IMAGE_ID, ACCOMODATION_ID, IMAGE_URL) VALUES (4387, 230, 'https://a0.muscache.com/im/pictures/3c07c6e6-51e1-4409-974e-0600c8972359.jpg?im_w=720');
INSERT INTO IMAGE (IMAGE_ID, ACCOMODATION_ID, IMAGE_URL) VALUES (4388, 230, 'https://a0.muscache.com/im/pictures/5596485c-c9c0-4437-920a-971312029a53.jpg?im_w=720');
INSERT INTO IMAGE (IMAGE_ID, ACCOMODATION_ID, IMAGE_URL) VALUES (4389, 230, 'https://a0.muscache.com/im/pictures/d5212467-9624-41ce-aa21-d44dbd20aad3.jpg?im_w=720');
INSERT INTO IMAGE (IMAGE_ID, ACCOMODATION_ID, IMAGE_URL) VALUES (4390, 230, 'https://a0.muscache.com/im/pictures/c3568b4e-8508-4e9d-aa4c-ca2582b2e09e.jpg?im_w=720');
INSERT INTO IMAGE (IMAGE_ID, ACCOMODATION_ID, IMAGE_URL) VALUES (4391, 230, 'https://a0.muscache.com/im/pictures/78f4dbe3-7322-4889-93a6-2650d1fd767e.jpg?im_w=720');
INSERT INTO IMAGE (IMAGE_ID, ACCOMODATION_ID, IMAGE_URL) VALUES (4392, 230, 'https://a0.muscache.com/im/pictures/a0db1fba-f2b5-4a64-91de-aa7bf0430cba.jpg?im_w=720');
INSERT INTO IMAGE (IMAGE_ID, ACCOMODATION_ID, IMAGE_URL) VALUES (4393, 230, 'https://a0.muscache.com/im/pictures/886b3fa2-2515-4021-997e-0627bb9c43c1.jpg?im_w=720');
INSERT INTO IMAGE (IMAGE_ID, ACCOMODATION_ID, IMAGE_URL) VALUES (4394, 230, 'https://a0.muscache.com/im/pictures/d99e68e0-f09d-4353-bded-78d5171e7986.jpg?im_w=720');
INSERT INTO IMAGE (IMAGE_ID, ACCOMODATION_ID, IMAGE_URL) VALUES (4395, 230, 'https://a0.muscache.com/im/pictures/fb9963f3-fb50-4bd9-8b9a-f006901b9d21.jpg?im_w=720');
INSERT INTO IMAGE (IMAGE_ID, ACCOMODATION_ID, IMAGE_URL) VALUES (4396, 230, 'https://a0.muscache.com/im/pictures/adc32d1a-57b0-46fe-b7f5-95442a1093c1.jpg?im_w=720');
INSERT INTO IMAGE (IMAGE_ID, ACCOMODATION_ID, IMAGE_URL) VALUES (4397, 230, 'https://a0.muscache.com/im/pictures/2002b934-fbfd-4175-a32e-f58c6ecbb504.jpg?im_w=720');
INSERT INTO IMAGE (IMAGE_ID, ACCOMODATION_ID, IMAGE_URL) VALUES (4398, 230, 'https://a0.muscache.com/im/pictures/7bb85b05-284f-4720-a5f5-a578a3099d21.jpg?im_w=720');
INSERT INTO IMAGE (IMAGE_ID, ACCOMODATION_ID, IMAGE_URL) VALUES (4399, 230, 'https://a0.muscache.com/im/pictures/8ad91f5a-b81a-4ee1-adb9-df0de1fc8450.jpg?im_w=720');
INSERT INTO IMAGE (IMAGE_ID, ACCOMODATION_ID, IMAGE_URL) VALUES (4400, 230, 'https://a0.muscache.com/im/pictures/0bb104fc-b742-4a6f-b678-54a7157815db.jpg?im_w=720');
INSERT INTO IMAGE (IMAGE_ID, ACCOMODATION_ID, IMAGE_URL) VALUES (4401, 230, 'https://a0.muscache.com/im/pictures/28975a4e-7061-4bdb-9170-4818521d1490.jpg?im_w=720');
INSERT INTO IMAGE (IMAGE_ID, ACCOMODATION_ID, IMAGE_URL) VALUES (4402, 230, 'https://a0.muscache.com/im/pictures/59cab17f-ab84-4b51-8f7e-b992221f1406.jpg?im_w=720');
INSERT INTO IMAGE (IMAGE_ID, ACCOMODATION_ID, IMAGE_URL) VALUES (4403, 230, 'https://a0.muscache.com/im/pictures/09da50de-17bc-4c26-8598-ba8282581ca6.jpg?im_w=720');

INSERT INTO LOCATION (LOCATION_ID, LOCATION_NAME, COUNTRY, REGION, CITY, LATITUDE, LONGITUDE) VALUES (231, '지명231', ' 한국', ' 서울', 'Songpa-gu', 37.48065, 127.12411);
INSERT INTO ACCOMODATION (`ACCOMODATION_ID`, `LOCATION_ID`, `ACCOMODATION_NAME`, `HOST_NAME`, `DISCRIPTION`, `ACCOMODATION_TYPE`, `PRICE`, `MAXIMUM_OCCUPANCY`, `AVERAGE_POINT`, `BED_ROOM`, `BATH_ROOM`, `BED_COUNT`,`OPTION`) VALUES (231, 231, '★Candice House 최상의 룸 컨디션 #출장 #장기숙박 #Clean #White', '호스트231', '설명231', '집 전체', 278153, 3, 1.4, 1, 1,1, '주방,무선 인터넷,에어컨,헤어드라이어');
INSERT INTO IMAGE (IMAGE_ID, ACCOMODATION_ID, IMAGE_URL) VALUES (4404, 231, 'https://a0.muscache.com/im/pictures/1b98b687-8bfb-4c2e-9687-0c035ce9d3b0.jpg?im_w=720');
INSERT INTO IMAGE (IMAGE_ID, ACCOMODATION_ID, IMAGE_URL) VALUES (4405, 231, 'https://a0.muscache.com/im/pictures/5e258e71-0b61-4b6e-9b62-0ed935f928da.jpg?im_w=720');
INSERT INTO IMAGE (IMAGE_ID, ACCOMODATION_ID, IMAGE_URL) VALUES (4406, 231, 'https://a0.muscache.com/im/pictures/6883500b-20b2-463c-bade-f9a8b2f5ffdd.jpg?im_w=720');
INSERT INTO IMAGE (IMAGE_ID, ACCOMODATION_ID, IMAGE_URL) VALUES (4407, 231, 'https://a0.muscache.com/im/pictures/9e7f8633-2328-401a-a5be-48f159f43d71.jpg?im_w=720');
INSERT INTO IMAGE (IMAGE_ID, ACCOMODATION_ID, IMAGE_URL) VALUES (4408, 231, 'https://a0.muscache.com/im/pictures/039f8525-30a9-4c37-847d-e9f702148f56.jpg?im_w=720');
INSERT INTO IMAGE (IMAGE_ID, ACCOMODATION_ID, IMAGE_URL) VALUES (4409, 231, 'https://a0.muscache.com/im/pictures/9adf4485-f08e-4547-b66e-ce3cd44985a7.jpg?im_w=720');
INSERT INTO IMAGE (IMAGE_ID, ACCOMODATION_ID, IMAGE_URL) VALUES (4410, 231, 'https://a0.muscache.com/im/pictures/b18218f6-0abe-43fe-afeb-b04a8ca0b6df.jpg?im_w=720');
INSERT INTO IMAGE (IMAGE_ID, ACCOMODATION_ID, IMAGE_URL) VALUES (4411, 231, 'https://a0.muscache.com/im/pictures/33320f20-0753-4e1f-9a27-40ed428b4c19.jpg?im_w=720');
INSERT INTO IMAGE (IMAGE_ID, ACCOMODATION_ID, IMAGE_URL) VALUES (4412, 231, 'https://a0.muscache.com/im/pictures/4580d932-f036-4adf-943b-dcea10bbfa3b.jpg?im_w=720');
INSERT INTO IMAGE (IMAGE_ID, ACCOMODATION_ID, IMAGE_URL) VALUES (4413, 231, 'https://a0.muscache.com/im/pictures/32dbf367-7247-458f-b340-78851bc679d5.jpg?im_w=720');
INSERT INTO IMAGE (IMAGE_ID, ACCOMODATION_ID, IMAGE_URL) VALUES (4414, 231, 'https://a0.muscache.com/im/pictures/52358bdb-6b66-418f-a17e-94906e87e803.jpg?im_w=720');
INSERT INTO IMAGE (IMAGE_ID, ACCOMODATION_ID, IMAGE_URL) VALUES (4415, 231, 'https://a0.muscache.com/im/pictures/57c5e9f4-e4fd-4cef-b72a-75e1029bc288.jpg?im_w=720');
INSERT INTO IMAGE (IMAGE_ID, ACCOMODATION_ID, IMAGE_URL) VALUES (4416, 231, 'https://a0.muscache.com/im/pictures/aad963e6-075f-408c-8ba3-dfd7da194401.jpg?im_w=720');
INSERT INTO IMAGE (IMAGE_ID, ACCOMODATION_ID, IMAGE_URL) VALUES (4417, 231, 'https://a0.muscache.com/im/pictures/d0c6423f-d51b-446e-b666-1410c0267df3.jpg?im_w=720');
INSERT INTO IMAGE (IMAGE_ID, ACCOMODATION_ID, IMAGE_URL) VALUES (4418, 231, 'https://a0.muscache.com/im/pictures/263dd330-273c-4433-9ef2-9edec77d8070.jpg?im_w=720');
INSERT INTO IMAGE (IMAGE_ID, ACCOMODATION_ID, IMAGE_URL) VALUES (4419, 231, 'https://a0.muscache.com/im/pictures/bbda31bb-648b-48f8-be41-eddf6deee676.jpg?im_w=720');
INSERT INTO IMAGE (IMAGE_ID, ACCOMODATION_ID, IMAGE_URL) VALUES (4420, 231, 'https://a0.muscache.com/im/pictures/50c0161d-5f04-41cb-8bb8-19a512d053c4.jpg?im_w=720');
INSERT INTO IMAGE (IMAGE_ID, ACCOMODATION_ID, IMAGE_URL) VALUES (4421, 231, 'https://a0.muscache.com/im/pictures/e48dc170-e19e-4a81-8518-882d97789f1e.jpg?im_w=720');
INSERT INTO IMAGE (IMAGE_ID, ACCOMODATION_ID, IMAGE_URL) VALUES (4422, 231, 'https://a0.muscache.com/im/pictures/78d3281d-5a8b-4371-a33d-470f4464d352.jpg?im_w=720');
INSERT INTO IMAGE (IMAGE_ID, ACCOMODATION_ID, IMAGE_URL) VALUES (4423, 231, 'https://a0.muscache.com/im/pictures/2c5879a0-3764-41a9-8ec2-424c1b33d367.jpg?im_w=720');
INSERT INTO IMAGE (IMAGE_ID, ACCOMODATION_ID, IMAGE_URL) VALUES (4424, 231, 'https://a0.muscache.com/im/pictures/b7590044-d6ad-41c2-9f58-270a96e4c040.jpg?im_w=720');
INSERT INTO IMAGE (IMAGE_ID, ACCOMODATION_ID, IMAGE_URL) VALUES (4425, 231, 'https://a0.muscache.com/im/pictures/0bc7368a-e5d7-40bc-9741-fa3211e7de2a.jpg?im_w=720');
INSERT INTO IMAGE (IMAGE_ID, ACCOMODATION_ID, IMAGE_URL) VALUES (4426, 231, 'https://a0.muscache.com/im/pictures/ac95bb86-0032-4973-b3fc-3c5e142548d0.jpg?im_w=720');
INSERT INTO IMAGE (IMAGE_ID, ACCOMODATION_ID, IMAGE_URL) VALUES (4427, 231, 'https://a0.muscache.com/im/pictures/a8b79571-58cb-4295-b03f-74f92af9a7dc.jpg?im_w=720');
INSERT INTO IMAGE (IMAGE_ID, ACCOMODATION_ID, IMAGE_URL) VALUES (4428, 231, 'https://a0.muscache.com/im/pictures/204c380e-aeef-40b5-926f-51eca2d06305.jpg?im_w=720');
INSERT INTO IMAGE (IMAGE_ID, ACCOMODATION_ID, IMAGE_URL) VALUES (4429, 231, 'https://a0.muscache.com/im/pictures/8cd7720e-ca37-455b-b18b-d8d7a5873102.jpg?im_w=720');
INSERT INTO IMAGE (IMAGE_ID, ACCOMODATION_ID, IMAGE_URL) VALUES (4430, 231, 'https://a0.muscache.com/im/pictures/895cad14-4f95-4b3b-885e-af9d580a3f60.jpg?im_w=720');
INSERT INTO IMAGE (IMAGE_ID, ACCOMODATION_ID, IMAGE_URL) VALUES (4431, 231, 'https://a0.muscache.com/im/pictures/cd5277ae-d509-4bb6-bb92-7a89d60f3d4b.jpg?im_w=720');
INSERT INTO IMAGE (IMAGE_ID, ACCOMODATION_ID, IMAGE_URL) VALUES (4432, 231, 'https://a0.muscache.com/im/pictures/39290198-cc81-46b0-96cd-4aa5c3923519.jpg?im_w=720');
INSERT INTO IMAGE (IMAGE_ID, ACCOMODATION_ID, IMAGE_URL) VALUES (4433, 231, 'https://a0.muscache.com/im/pictures/4e6b4fbc-7517-4cf0-9318-c83b57528c38.jpg?im_w=720');

INSERT INTO LOCATION (LOCATION_ID, LOCATION_NAME, COUNTRY, REGION, CITY, LATITUDE, LONGITUDE) VALUES (232, '지명232', ' 한국', ' 서울', '강남구', 37.49201, 127.087);
INSERT INTO ACCOMODATION (`ACCOMODATION_ID`, `LOCATION_ID`, `ACCOMODATION_NAME`, `HOST_NAME`, `DISCRIPTION`, `ACCOMODATION_TYPE`, `PRICE`, `MAXIMUM_OCCUPANCY`, `AVERAGE_POINT`, `BED_ROOM`, `BATH_ROOM`, `BED_COUNT`,`OPTION`) VALUES (232, 232, '예쁜 테라스의 로즈하우스', '호스트232', '설명232', '집 전체', 913508, 5, 2.6, 2, 1,2, '주방,무선 인터넷,에어컨,헤어드라이어');
INSERT INTO IMAGE (IMAGE_ID, ACCOMODATION_ID, IMAGE_URL) VALUES (4434, 232, 'https://a0.muscache.com/im/pictures/51223047/fcabd56f_original.jpg?im_w=720');
INSERT INTO IMAGE (IMAGE_ID, ACCOMODATION_ID, IMAGE_URL) VALUES (4435, 232, 'https://a0.muscache.com/im/pictures/51222702/b8eb4160_original.jpg?im_w=720');
INSERT INTO IMAGE (IMAGE_ID, ACCOMODATION_ID, IMAGE_URL) VALUES (4436, 232, 'https://a0.muscache.com/im/pictures/51222696/d2ee85cb_original.jpg?im_w=720');
INSERT INTO IMAGE (IMAGE_ID, ACCOMODATION_ID, IMAGE_URL) VALUES (4437, 232, 'https://a0.muscache.com/im/pictures/51222713/2edfa700_original.jpg?im_w=720');
INSERT INTO IMAGE (IMAGE_ID, ACCOMODATION_ID, IMAGE_URL) VALUES (4438, 232, 'https://a0.muscache.com/im/pictures/51222827/13ac350f_original.jpg?im_w=720');
INSERT INTO IMAGE (IMAGE_ID, ACCOMODATION_ID, IMAGE_URL) VALUES (4439, 232, 'https://a0.muscache.com/im/pictures/51222853/a44e8150_original.jpg?im_w=720');
INSERT INTO IMAGE (IMAGE_ID, ACCOMODATION_ID, IMAGE_URL) VALUES (4440, 232, 'https://a0.muscache.com/im/pictures/51222839/6446c0f2_original.jpg?im_w=720');
INSERT INTO IMAGE (IMAGE_ID, ACCOMODATION_ID, IMAGE_URL) VALUES (4441, 232, 'https://a0.muscache.com/im/pictures/51222723/0c807c9e_original.jpg?im_w=720');
INSERT INTO IMAGE (IMAGE_ID, ACCOMODATION_ID, IMAGE_URL) VALUES (4442, 232, 'https://a0.muscache.com/im/pictures/51222732/96d279ae_original.jpg?im_w=720');
INSERT INTO IMAGE (IMAGE_ID, ACCOMODATION_ID, IMAGE_URL) VALUES (4443, 232, 'https://a0.muscache.com/im/pictures/51222740/4a1ec573_original.jpg?im_w=720');
INSERT INTO IMAGE (IMAGE_ID, ACCOMODATION_ID, IMAGE_URL) VALUES (4444, 232, 'https://a0.muscache.com/im/pictures/51222750/5847ee41_original.jpg?im_w=720');
INSERT INTO IMAGE (IMAGE_ID, ACCOMODATION_ID, IMAGE_URL) VALUES (4445, 232, 'https://a0.muscache.com/im/pictures/51222766/768bbdbd_original.jpg?im_w=720');
INSERT INTO IMAGE (IMAGE_ID, ACCOMODATION_ID, IMAGE_URL) VALUES (4446, 232, 'https://a0.muscache.com/im/pictures/51222787/b069cda3_original.jpg?im_w=720');
INSERT INTO IMAGE (IMAGE_ID, ACCOMODATION_ID, IMAGE_URL) VALUES (4447, 232, 'https://a0.muscache.com/im/pictures/51222794/fed16885_original.jpg?im_w=720');
INSERT INTO IMAGE (IMAGE_ID, ACCOMODATION_ID, IMAGE_URL) VALUES (4448, 232, 'https://a0.muscache.com/im/pictures/51222812/5eb978ba_original.jpg?im_w=720');
INSERT INTO IMAGE (IMAGE_ID, ACCOMODATION_ID, IMAGE_URL) VALUES (4449, 232, 'https://a0.muscache.com/im/pictures/51222903/fbb36398_original.jpg?im_w=720');
INSERT INTO IMAGE (IMAGE_ID, ACCOMODATION_ID, IMAGE_URL) VALUES (4450, 232, 'https://a0.muscache.com/im/pictures/51222933/6b7864db_original.jpg?im_w=720');
INSERT INTO IMAGE (IMAGE_ID, ACCOMODATION_ID, IMAGE_URL) VALUES (4451, 232, 'https://a0.muscache.com/im/pictures/51222889/6e986ecd_original.jpg?im_w=720');
INSERT INTO IMAGE (IMAGE_ID, ACCOMODATION_ID, IMAGE_URL) VALUES (4452, 232, 'https://a0.muscache.com/im/pictures/51222868/b549f50a_original.jpg?im_w=720');
INSERT INTO IMAGE (IMAGE_ID, ACCOMODATION_ID, IMAGE_URL) VALUES (4453, 232, 'https://a0.muscache.com/im/pictures/51222923/1f19616c_original.jpg?im_w=720');
INSERT INTO IMAGE (IMAGE_ID, ACCOMODATION_ID, IMAGE_URL) VALUES (4454, 232, 'https://a0.muscache.com/im/pictures/51223260/2dc62fe5_original.jpg?im_w=720');
INSERT INTO IMAGE (IMAGE_ID, ACCOMODATION_ID, IMAGE_URL) VALUES (4455, 232, 'https://a0.muscache.com/im/pictures/51223288/02068d30_original.jpg?im_w=720');
INSERT INTO IMAGE (IMAGE_ID, ACCOMODATION_ID, IMAGE_URL) VALUES (4456, 232, 'https://a0.muscache.com/im/pictures/51223219/b23cda6f_original.jpg?im_w=720');
INSERT INTO IMAGE (IMAGE_ID, ACCOMODATION_ID, IMAGE_URL) VALUES (4457, 232, 'https://a0.muscache.com/im/pictures/51223200/9924acb9_original.jpg?im_w=720');
INSERT INTO IMAGE (IMAGE_ID, ACCOMODATION_ID, IMAGE_URL) VALUES (4458, 232, 'https://a0.muscache.com/im/pictures/51223122/c2b6418a_original.jpg?im_w=720');
INSERT INTO IMAGE (IMAGE_ID, ACCOMODATION_ID, IMAGE_URL) VALUES (4459, 232, 'https://a0.muscache.com/im/pictures/51223105/48cfc57a_original.jpg?im_w=720');
INSERT INTO IMAGE (IMAGE_ID, ACCOMODATION_ID, IMAGE_URL) VALUES (4460, 232, 'https://a0.muscache.com/im/pictures/51223164/6223ef10_original.jpg?im_w=720');
INSERT INTO IMAGE (IMAGE_ID, ACCOMODATION_ID, IMAGE_URL) VALUES (4461, 232, 'https://a0.muscache.com/im/pictures/51223178/e4496466_original.jpg?im_w=720');
INSERT INTO IMAGE (IMAGE_ID, ACCOMODATION_ID, IMAGE_URL) VALUES (4462, 232, 'https://a0.muscache.com/im/pictures/51223080/1a3aa205_original.jpg?im_w=720');
INSERT INTO IMAGE (IMAGE_ID, ACCOMODATION_ID, IMAGE_URL) VALUES (4463, 232, 'https://a0.muscache.com/im/pictures/51223146/5a35f383_original.jpg?im_w=720');

INSERT INTO LOCATION (LOCATION_ID, LOCATION_NAME, COUNTRY, REGION, CITY, LATITUDE, LONGITUDE) VALUES (233, '지명233', ' 한국', ' 서울', 'Songpa-gu', 37.48565, 127.12133);
INSERT INTO ACCOMODATION (`ACCOMODATION_ID`, `LOCATION_ID`, `ACCOMODATION_NAME`, `HOST_NAME`, `DISCRIPTION`, `ACCOMODATION_TYPE`, `PRICE`, `MAXIMUM_OCCUPANCY`, `AVERAGE_POINT`, `BED_ROOM`, `BATH_ROOM`, `BED_COUNT`,`OPTION`) VALUES (233, 233, 'Studio Dito문정역/출장/수험/여행(문정역/수서SRT/동부지원 도보2분/잠실12분)', '호스트233', '설명233', '집 전체', 436932, 2, 6.3, 1, 1,1, '주방,무선 인터넷,에어컨,헤어드라이어');
INSERT INTO IMAGE (IMAGE_ID, ACCOMODATION_ID, IMAGE_URL) VALUES (4464, 233, 'https://a0.muscache.com/im/pictures/481ce396-149a-48ca-99ce-ccaa9da5e074.jpg?im_w=720');
INSERT INTO IMAGE (IMAGE_ID, ACCOMODATION_ID, IMAGE_URL) VALUES (4465, 233, 'https://a0.muscache.com/im/pictures/52c512ea-4718-4fd8-b128-cad6133fc93c.jpg?im_w=720');
INSERT INTO IMAGE (IMAGE_ID, ACCOMODATION_ID, IMAGE_URL) VALUES (4466, 233, 'https://a0.muscache.com/im/pictures/811cf02d-a28e-4c49-82ab-d60cac40b07e.jpg?im_w=720');
INSERT INTO IMAGE (IMAGE_ID, ACCOMODATION_ID, IMAGE_URL) VALUES (4467, 233, 'https://a0.muscache.com/im/pictures/1cc656eb-c6ee-4a3d-8ec5-502e4e88b013.jpg?im_w=720');
INSERT INTO IMAGE (IMAGE_ID, ACCOMODATION_ID, IMAGE_URL) VALUES (4468, 233, 'https://a0.muscache.com/im/pictures/52f3211c-3c7c-45ab-8b57-7c31c850462b.jpg?im_w=720');
INSERT INTO IMAGE (IMAGE_ID, ACCOMODATION_ID, IMAGE_URL) VALUES (4469, 233, 'https://a0.muscache.com/im/pictures/983dbb1b-8f28-44f2-a8a8-7e1394b3b388.jpg?im_w=720');
INSERT INTO IMAGE (IMAGE_ID, ACCOMODATION_ID, IMAGE_URL) VALUES (4470, 233, 'https://a0.muscache.com/im/pictures/554fd910-0497-4394-979b-19f1550c5fcd.jpg?im_w=720');
INSERT INTO IMAGE (IMAGE_ID, ACCOMODATION_ID, IMAGE_URL) VALUES (4471, 233, 'https://a0.muscache.com/im/pictures/60e71f42-c630-4a21-9120-9cc34c648e4a.jpg?im_w=720');
INSERT INTO IMAGE (IMAGE_ID, ACCOMODATION_ID, IMAGE_URL) VALUES (4472, 233, 'https://a0.muscache.com/im/pictures/a11464ca-1dfc-46ee-a496-5195a64e3361.jpg?im_w=720');
INSERT INTO IMAGE (IMAGE_ID, ACCOMODATION_ID, IMAGE_URL) VALUES (4473, 233, 'https://a0.muscache.com/im/pictures/c6330461-5615-45cb-82b0-4c86f55ed8d4.jpg?im_w=720');
INSERT INTO IMAGE (IMAGE_ID, ACCOMODATION_ID, IMAGE_URL) VALUES (4474, 233, 'https://a0.muscache.com/im/pictures/c2b939e2-21d9-44d4-8863-6dde659fc7df.jpg?im_w=720');
INSERT INTO IMAGE (IMAGE_ID, ACCOMODATION_ID, IMAGE_URL) VALUES (4475, 233, 'https://a0.muscache.com/im/pictures/d3f0adf7-d7cc-4e15-87da-e64e9e0812fd.jpg?im_w=720');
INSERT INTO IMAGE (IMAGE_ID, ACCOMODATION_ID, IMAGE_URL) VALUES (4476, 233, 'https://a0.muscache.com/im/pictures/b13538d6-f6b9-4f5c-afa7-86a82440e294.jpg?im_w=720');
INSERT INTO IMAGE (IMAGE_ID, ACCOMODATION_ID, IMAGE_URL) VALUES (4477, 233, 'https://a0.muscache.com/im/pictures/b1f7a1c7-87d2-4e13-a481-d5ca48cdc0b4.jpg?im_w=720');
INSERT INTO IMAGE (IMAGE_ID, ACCOMODATION_ID, IMAGE_URL) VALUES (4478, 233, 'https://a0.muscache.com/im/pictures/19ea8a47-5ac1-44c3-bd8a-4d2eae853bc0.jpg?im_w=720');
INSERT INTO IMAGE (IMAGE_ID, ACCOMODATION_ID, IMAGE_URL) VALUES (4479, 233, 'https://a0.muscache.com/im/pictures/b2cc98af-8646-4f4b-ad94-3f0db31227e9.jpg?im_w=720');
INSERT INTO IMAGE (IMAGE_ID, ACCOMODATION_ID, IMAGE_URL) VALUES (4480, 233, 'https://a0.muscache.com/im/pictures/c9092cae-5700-4e53-87a7-b321bfcbae80.jpg?im_w=720');
INSERT INTO IMAGE (IMAGE_ID, ACCOMODATION_ID, IMAGE_URL) VALUES (4481, 233, 'https://a0.muscache.com/im/pictures/f6a72adb-95ab-45b4-b022-4abd85b4d76b.jpg?im_w=720');
INSERT INTO IMAGE (IMAGE_ID, ACCOMODATION_ID, IMAGE_URL) VALUES (4482, 233, 'https://a0.muscache.com/im/pictures/69360373-06e5-4ea7-960e-e66ac813364b.jpg?im_w=720');
INSERT INTO IMAGE (IMAGE_ID, ACCOMODATION_ID, IMAGE_URL) VALUES (4483, 233, 'https://a0.muscache.com/im/pictures/0787645f-3bee-4cbb-a072-00bf90d87772.jpg?im_w=720');
INSERT INTO IMAGE (IMAGE_ID, ACCOMODATION_ID, IMAGE_URL) VALUES (4484, 233, 'https://a0.muscache.com/im/pictures/784e01e8-d3fa-4773-84c0-9329593aba5c.jpg?im_w=720');
INSERT INTO IMAGE (IMAGE_ID, ACCOMODATION_ID, IMAGE_URL) VALUES (4485, 233, 'https://a0.muscache.com/im/pictures/bad339ec-8f83-4c82-948d-522e5a5f2e1a.jpg?im_w=720');
INSERT INTO IMAGE (IMAGE_ID, ACCOMODATION_ID, IMAGE_URL) VALUES (4486, 233, 'https://a0.muscache.com/im/pictures/643ee59d-ddd4-4971-8637-28063f2124e4.jpg?im_w=720');
INSERT INTO IMAGE (IMAGE_ID, ACCOMODATION_ID, IMAGE_URL) VALUES (4487, 233, 'https://a0.muscache.com/im/pictures/6ee25daa-d25d-485b-a8ce-da90192dfe47.jpg?im_w=720');
INSERT INTO IMAGE (IMAGE_ID, ACCOMODATION_ID, IMAGE_URL) VALUES (4488, 233, 'https://a0.muscache.com/im/pictures/cb9215e6-22d9-4032-b434-6953948084d3.jpg?im_w=720');
INSERT INTO IMAGE (IMAGE_ID, ACCOMODATION_ID, IMAGE_URL) VALUES (4489, 233, 'https://a0.muscache.com/im/pictures/b0f8bc6f-2fd2-45cd-813a-9d46ac91fd6e.jpg?im_w=720');
INSERT INTO IMAGE (IMAGE_ID, ACCOMODATION_ID, IMAGE_URL) VALUES (4490, 233, 'https://a0.muscache.com/im/pictures/d149f77c-8aad-4587-b979-0b5b24beb4e1.jpg?im_w=720');
INSERT INTO IMAGE (IMAGE_ID, ACCOMODATION_ID, IMAGE_URL) VALUES (4491, 233, 'https://a0.muscache.com/im/pictures/5197821a-d248-416e-b305-cbfc26f1aadb.jpg?im_w=720');
INSERT INTO IMAGE (IMAGE_ID, ACCOMODATION_ID, IMAGE_URL) VALUES (4492, 233, 'https://a0.muscache.com/im/pictures/cc5e5efd-f014-4b1f-9f34-df1b0ce1b61a.jpg?im_w=720');
INSERT INTO IMAGE (IMAGE_ID, ACCOMODATION_ID, IMAGE_URL) VALUES (4493, 233, 'https://a0.muscache.com/im/pictures/6733f6da-0bc7-450f-9295-47592c397c67.jpg?im_w=720');

INSERT INTO LOCATION (LOCATION_ID, LOCATION_NAME, COUNTRY, REGION, CITY, LATITUDE, LONGITUDE) VALUES (234, '지명234', ' 한국', ' 서울특별시', '송파구', 37.48231, 127.12336);
INSERT INTO ACCOMODATION (`ACCOMODATION_ID`, `LOCATION_ID`, `ACCOMODATION_NAME`, `HOST_NAME`, `DISCRIPTION`, `ACCOMODATION_TYPE`, `PRICE`, `MAXIMUM_OCCUPANCY`, `AVERAGE_POINT`, `BED_ROOM`, `BATH_ROOM`, `BED_COUNT`,`OPTION`) VALUES (234, 234, '송파 문정역 도보5분 잠실 jamsil역 10분거리 수서역 유럽풍 감성 복층하우스 4인가능', '호스트234', '설명234', '집 전체', 741455, 4, 2.3, 1, 1,1, '주방,무선 인터넷,에어컨,헤어드라이어');
INSERT INTO IMAGE (IMAGE_ID, ACCOMODATION_ID, IMAGE_URL) VALUES (4494, 234, 'https://a0.muscache.com/im/pictures/fe8cd30f-7784-4f50-af79-5de0ebc6fa71.jpg?im_w=720');
INSERT INTO IMAGE (IMAGE_ID, ACCOMODATION_ID, IMAGE_URL) VALUES (4495, 234, 'https://a0.muscache.com/im/pictures/a5c52ad9-54f1-4a6c-9e4e-867ba6f1a80f.jpg?im_w=720');
INSERT INTO IMAGE (IMAGE_ID, ACCOMODATION_ID, IMAGE_URL) VALUES (4496, 234, 'https://a0.muscache.com/im/pictures/3622f107-348e-4a93-b7a1-f55d26c6a8b5.jpg?im_w=720');
INSERT INTO IMAGE (IMAGE_ID, ACCOMODATION_ID, IMAGE_URL) VALUES (4497, 234, 'https://a0.muscache.com/im/pictures/77d568c2-a0ec-4cdd-9fde-4ac8028ac969.jpg?im_w=720');
INSERT INTO IMAGE (IMAGE_ID, ACCOMODATION_ID, IMAGE_URL) VALUES (4498, 234, 'https://a0.muscache.com/im/pictures/a00d7392-415e-4389-a1e9-99b2fe50cbad.jpg?im_w=720');
INSERT INTO IMAGE (IMAGE_ID, ACCOMODATION_ID, IMAGE_URL) VALUES (4499, 234, 'https://a0.muscache.com/im/pictures/0f251164-f3c3-4d61-b382-5d4e74763eaf.jpg?im_w=720');
INSERT INTO IMAGE (IMAGE_ID, ACCOMODATION_ID, IMAGE_URL) VALUES (4500, 234, 'https://a0.muscache.com/im/pictures/3ea596ed-0080-4e38-9323-4cf2c60eb7e2.jpg?im_w=720');
INSERT INTO IMAGE (IMAGE_ID, ACCOMODATION_ID, IMAGE_URL) VALUES (4501, 234, 'https://a0.muscache.com/im/pictures/72ef82fd-67d8-4a57-ae22-a8ec43fadeec.jpg?im_w=720');
INSERT INTO IMAGE (IMAGE_ID, ACCOMODATION_ID, IMAGE_URL) VALUES (4502, 234, 'https://a0.muscache.com/im/pictures/0cb6ad1d-2c05-4508-8996-71eae0177282.jpg?im_w=720');
INSERT INTO IMAGE (IMAGE_ID, ACCOMODATION_ID, IMAGE_URL) VALUES (4503, 234, 'https://a0.muscache.com/im/pictures/c8f6c68a-1715-4e70-95a7-096b7e469b63.jpg?im_w=720');
INSERT INTO IMAGE (IMAGE_ID, ACCOMODATION_ID, IMAGE_URL) VALUES (4504, 234, 'https://a0.muscache.com/im/pictures/be825d00-563a-469f-bd35-23df6c803892.jpg?im_w=720');
INSERT INTO IMAGE (IMAGE_ID, ACCOMODATION_ID, IMAGE_URL) VALUES (4505, 234, 'https://a0.muscache.com/im/pictures/59b31d47-9a7b-4afe-96b8-3c50cbe95573.jpg?im_w=720');
INSERT INTO IMAGE (IMAGE_ID, ACCOMODATION_ID, IMAGE_URL) VALUES (4506, 234, 'https://a0.muscache.com/im/pictures/14621966-4a76-40ab-a294-0fd3a1c61eda.jpg?im_w=720');
INSERT INTO IMAGE (IMAGE_ID, ACCOMODATION_ID, IMAGE_URL) VALUES (4507, 234, 'https://a0.muscache.com/im/pictures/a63e614b-edfd-4613-b343-4ee096ce231f.jpg?im_w=720');
INSERT INTO IMAGE (IMAGE_ID, ACCOMODATION_ID, IMAGE_URL) VALUES (4508, 234, 'https://a0.muscache.com/im/pictures/cb572e28-ed48-4c29-a885-9ab8afb78507.jpg?im_w=720');
INSERT INTO IMAGE (IMAGE_ID, ACCOMODATION_ID, IMAGE_URL) VALUES (4509, 234, 'https://a0.muscache.com/im/pictures/f95ee7cb-55d5-4db3-b54c-0c17c4e05c74.jpg?im_w=720');
INSERT INTO IMAGE (IMAGE_ID, ACCOMODATION_ID, IMAGE_URL) VALUES (4510, 234, 'https://a0.muscache.com/im/pictures/49cb7d82-5456-43ca-a2e3-1a6e133666a6.jpg?im_w=720');
INSERT INTO IMAGE (IMAGE_ID, ACCOMODATION_ID, IMAGE_URL) VALUES (4511, 234, 'https://a0.muscache.com/im/pictures/1858b1ea-fc13-4654-8ae4-7f4bb346e397.jpg?im_w=720');

INSERT INTO LOCATION (LOCATION_ID, LOCATION_NAME, COUNTRY, REGION, CITY, LATITUDE, LONGITUDE) VALUES (235, '지명235', ' 한국', ' Songpa-gu', '서울', 37.49544, 127.12031);
INSERT INTO ACCOMODATION (`ACCOMODATION_ID`, `LOCATION_ID`, `ACCOMODATION_NAME`, `HOST_NAME`, `DISCRIPTION`, `ACCOMODATION_TYPE`, `PRICE`, `MAXIMUM_OCCUPANCY`, `AVERAGE_POINT`, `BED_ROOM`, `BATH_ROOM`, `BED_COUNT`,`OPTION`) VALUES (235, 235, 'Harrys STUDIO near Garak-market Stn.', '호스트235', '설명235', '집 전체', 726836, 3, 3.4, 0, 1,0, '주방,무선 인터넷,에어컨,헤어드라이어');
INSERT INTO IMAGE (IMAGE_ID, ACCOMODATION_ID, IMAGE_URL) VALUES (4512, 235, 'https://a0.muscache.com/im/pictures/332e8233-949c-49c5-81de-e8b3652c68f8.jpg?im_w=720');
INSERT INTO IMAGE (IMAGE_ID, ACCOMODATION_ID, IMAGE_URL) VALUES (4513, 235, 'https://a0.muscache.com/im/pictures/92ed22f6-47e5-4f80-8d75-81051a30ec3b.jpg?im_w=720');
INSERT INTO IMAGE (IMAGE_ID, ACCOMODATION_ID, IMAGE_URL) VALUES (4514, 235, 'https://a0.muscache.com/im/pictures/a364895c-be28-4b5d-a91b-23b43c1e5772.jpg?im_w=720');
INSERT INTO IMAGE (IMAGE_ID, ACCOMODATION_ID, IMAGE_URL) VALUES (4515, 235, 'https://a0.muscache.com/im/pictures/1d1ad42d-9838-4544-9190-ac9e5e248a39.jpg?im_w=720');
INSERT INTO IMAGE (IMAGE_ID, ACCOMODATION_ID, IMAGE_URL) VALUES (4516, 235, 'https://a0.muscache.com/im/pictures/6d000207-bb28-4f85-901f-454de2f5f715.jpg?im_w=720');
INSERT INTO IMAGE (IMAGE_ID, ACCOMODATION_ID, IMAGE_URL) VALUES (4517, 235, 'https://a0.muscache.com/im/pictures/486af2b1-63a9-40b5-a46f-f255944fe90e.jpg?im_w=720');
INSERT INTO IMAGE (IMAGE_ID, ACCOMODATION_ID, IMAGE_URL) VALUES (4518, 235, 'https://a0.muscache.com/im/pictures/499099d2-a034-4a1b-94d8-a50486f6cdab.jpg?im_w=720');
INSERT INTO IMAGE (IMAGE_ID, ACCOMODATION_ID, IMAGE_URL) VALUES (4519, 235, 'https://a0.muscache.com/im/pictures/58bc6517-81da-4bae-9f1c-a25699c203ee.jpg?im_w=720');
INSERT INTO IMAGE (IMAGE_ID, ACCOMODATION_ID, IMAGE_URL) VALUES (4520, 235, 'https://a0.muscache.com/im/pictures/a162128c-91c5-4ad5-b53c-da6bcb145093.jpg?im_w=720');
INSERT INTO IMAGE (IMAGE_ID, ACCOMODATION_ID, IMAGE_URL) VALUES (4521, 235, 'https://a0.muscache.com/im/pictures/0042843a-ba93-4d2b-bc06-98eb94339d60.jpg?im_w=720');
INSERT INTO IMAGE (IMAGE_ID, ACCOMODATION_ID, IMAGE_URL) VALUES (4522, 235, 'https://a0.muscache.com/im/pictures/e97faea2-5d27-4122-a860-fa2b05c8a23c.jpg?im_w=720');
INSERT INTO IMAGE (IMAGE_ID, ACCOMODATION_ID, IMAGE_URL) VALUES (4523, 235, 'https://a0.muscache.com/im/pictures/25c3cfd3-946d-4fd9-8ea4-7af7e3bb599d.jpg?im_w=720');
INSERT INTO IMAGE (IMAGE_ID, ACCOMODATION_ID, IMAGE_URL) VALUES (4524, 235, 'https://a0.muscache.com/im/pictures/c664487c-e2bf-44ed-a0c9-f3a4e0c8fffd.jpg?im_w=720');
INSERT INTO IMAGE (IMAGE_ID, ACCOMODATION_ID, IMAGE_URL) VALUES (4525, 235, 'https://a0.muscache.com/im/pictures/b23726f5-2677-438a-8501-ae0e62895605.jpg?im_w=720');
INSERT INTO IMAGE (IMAGE_ID, ACCOMODATION_ID, IMAGE_URL) VALUES (4526, 235, 'https://a0.muscache.com/im/pictures/0cc59e91-d316-4328-8eb3-da6fc4dc0060.jpg?im_w=720');
INSERT INTO IMAGE (IMAGE_ID, ACCOMODATION_ID, IMAGE_URL) VALUES (4527, 235, 'https://a0.muscache.com/im/pictures/8f0fb082-8060-4e76-a153-b055037c89df.jpg?im_w=720');
INSERT INTO IMAGE (IMAGE_ID, ACCOMODATION_ID, IMAGE_URL) VALUES (4528, 235, 'https://a0.muscache.com/im/pictures/d04af10b-02ee-4b1d-b69f-f27d7dc99988.jpg?im_w=720');
INSERT INTO IMAGE (IMAGE_ID, ACCOMODATION_ID, IMAGE_URL) VALUES (4529, 235, 'https://a0.muscache.com/im/pictures/35ac8b13-6b56-4057-9be3-b16b88f162ca.jpg?im_w=720');
INSERT INTO IMAGE (IMAGE_ID, ACCOMODATION_ID, IMAGE_URL) VALUES (4530, 235, 'https://a0.muscache.com/im/pictures/508933f6-2d0a-4097-b8ee-bbe145144246.jpg?im_w=720');
INSERT INTO IMAGE (IMAGE_ID, ACCOMODATION_ID, IMAGE_URL) VALUES (4531, 235, 'https://a0.muscache.com/im/pictures/c4e2840f-f665-4eca-a7be-1d3b46ccdfdb.jpg?im_w=720');
INSERT INTO IMAGE (IMAGE_ID, ACCOMODATION_ID, IMAGE_URL) VALUES (4532, 235, 'https://a0.muscache.com/im/pictures/c00d4385-178c-48eb-b2cc-1842d436e2ce.jpg?im_w=720');
INSERT INTO IMAGE (IMAGE_ID, ACCOMODATION_ID, IMAGE_URL) VALUES (4533, 235, 'https://a0.muscache.com/im/pictures/ea942428-5bb8-4e04-8e4f-c15efab330c3.jpg?im_w=720');
INSERT INTO IMAGE (IMAGE_ID, ACCOMODATION_ID, IMAGE_URL) VALUES (4534, 235, 'https://a0.muscache.com/im/pictures/e90db86b-acc4-4e9f-9f67-2e3b97283f8b.jpg?im_w=720');
INSERT INTO IMAGE (IMAGE_ID, ACCOMODATION_ID, IMAGE_URL) VALUES (4535, 235, 'https://a0.muscache.com/im/pictures/287b4ea1-de60-40cf-93f1-6a2c22e929a2.jpg?im_w=720');
INSERT INTO IMAGE (IMAGE_ID, ACCOMODATION_ID, IMAGE_URL) VALUES (4536, 235, 'https://a0.muscache.com/im/pictures/cc5dee59-a878-4c62-a6c9-b723b4d662e7.jpg?im_w=720');
INSERT INTO IMAGE (IMAGE_ID, ACCOMODATION_ID, IMAGE_URL) VALUES (4537, 235, 'https://a0.muscache.com/im/pictures/7703dbcf-1a97-4596-b054-c7d77007328b.jpg?im_w=720');
INSERT INTO IMAGE (IMAGE_ID, ACCOMODATION_ID, IMAGE_URL) VALUES (4538, 235, 'https://a0.muscache.com/im/pictures/c1febf47-2e15-4541-bc43-9c6595dd78f1.jpg?im_w=720');
INSERT INTO IMAGE (IMAGE_ID, ACCOMODATION_ID, IMAGE_URL) VALUES (4539, 235, 'https://a0.muscache.com/im/pictures/76bb0464-e417-45b5-93bd-9589f8c52f3b.jpg?im_w=720');
INSERT INTO IMAGE (IMAGE_ID, ACCOMODATION_ID, IMAGE_URL) VALUES (4540, 235, 'https://a0.muscache.com/im/pictures/a1961f09-0953-4279-aa4a-44ea51753c2d.jpg?im_w=720');
INSERT INTO IMAGE (IMAGE_ID, ACCOMODATION_ID, IMAGE_URL) VALUES (4541, 235, 'https://a0.muscache.com/im/pictures/1cf1a572-ac83-4e4f-a54b-76bcb89e7e82.jpg?im_w=720');

INSERT INTO LOCATION (LOCATION_ID, LOCATION_NAME, COUNTRY, REGION, CITY, LATITUDE, LONGITUDE) VALUES (236, '지명236', ' 한국', ' 서울', '강남구', 37.49041, 127.08291);
INSERT INTO ACCOMODATION (`ACCOMODATION_ID`, `LOCATION_ID`, `ACCOMODATION_NAME`, `HOST_NAME`, `DISCRIPTION`, `ACCOMODATION_TYPE`, `PRICE`, `MAXIMUM_OCCUPANCY`, `AVERAGE_POINT`, `BED_ROOM`, `BATH_ROOM`, `BED_COUNT`,`OPTION`) VALUES (236, 236, '에버그린^^ 안전하고 편안한 휴식공간~~ 대청역 3분거리~ 아파트형 2룸빌라입니다.', '호스트236', '설명236', '집 전체', 736262, 4, 9.7, 2, 1,2, '주방,무선 인터넷,에어컨,헤어드라이어');
INSERT INTO IMAGE (IMAGE_ID, ACCOMODATION_ID, IMAGE_URL) VALUES (4542, 236, 'https://a0.muscache.com/im/pictures/92518b5a-2aa1-4743-aa42-3db2d03d207d.jpg?im_w=720');
INSERT INTO IMAGE (IMAGE_ID, ACCOMODATION_ID, IMAGE_URL) VALUES (4543, 236, 'https://a0.muscache.com/im/pictures/0b65c2e4-6331-48b7-9b5d-53616edc7667.jpg?im_w=720');
INSERT INTO IMAGE (IMAGE_ID, ACCOMODATION_ID, IMAGE_URL) VALUES (4544, 236, 'https://a0.muscache.com/im/pictures/a67fcf06-1570-4fef-8417-67aebbd82b08.jpg?im_w=720');
INSERT INTO IMAGE (IMAGE_ID, ACCOMODATION_ID, IMAGE_URL) VALUES (4545, 236, 'https://a0.muscache.com/im/pictures/b8483f94-296e-4a5e-af94-13a338cbd923.jpg?im_w=720');
INSERT INTO IMAGE (IMAGE_ID, ACCOMODATION_ID, IMAGE_URL) VALUES (4546, 236, 'https://a0.muscache.com/im/pictures/bcba61f5-d35a-497a-8f2b-c8d77a4a08fd.jpg?im_w=720');
INSERT INTO IMAGE (IMAGE_ID, ACCOMODATION_ID, IMAGE_URL) VALUES (4547, 236, 'https://a0.muscache.com/im/pictures/ea49cde4-1872-4ba6-8ba8-136cd6c2f374.jpg?im_w=720');
INSERT INTO IMAGE (IMAGE_ID, ACCOMODATION_ID, IMAGE_URL) VALUES (4548, 236, 'https://a0.muscache.com/im/pictures/9da05ca3-dc3d-4860-8579-e22b6b9b2cde.jpg?im_w=720');
INSERT INTO IMAGE (IMAGE_ID, ACCOMODATION_ID, IMAGE_URL) VALUES (4549, 236, 'https://a0.muscache.com/im/pictures/9d1adb58-03e2-41d5-a3cf-20af0c9e6a30.jpg?im_w=720');
INSERT INTO IMAGE (IMAGE_ID, ACCOMODATION_ID, IMAGE_URL) VALUES (4550, 236, 'https://a0.muscache.com/im/pictures/ee224552-0f91-4f1d-ae1c-a21ab9889a8c.jpg?im_w=720');
INSERT INTO IMAGE (IMAGE_ID, ACCOMODATION_ID, IMAGE_URL) VALUES (4551, 236, 'https://a0.muscache.com/im/pictures/cc2e546a-0977-427c-8f2f-25128aee7dc2.jpg?im_w=720');
INSERT INTO IMAGE (IMAGE_ID, ACCOMODATION_ID, IMAGE_URL) VALUES (4552, 236, 'https://a0.muscache.com/im/pictures/acf08b9f-5fb2-4005-8f6f-edff50ccfbc7.jpg?im_w=720');
INSERT INTO IMAGE (IMAGE_ID, ACCOMODATION_ID, IMAGE_URL) VALUES (4553, 236, 'https://a0.muscache.com/im/pictures/1c37eaa4-cad2-45ba-a659-e2e1aa8adddf.jpg?im_w=720');
INSERT INTO IMAGE (IMAGE_ID, ACCOMODATION_ID, IMAGE_URL) VALUES (4554, 236, 'https://a0.muscache.com/im/pictures/1ba22610-995b-4b20-a6ca-41e404462b79.jpg?im_w=720');
INSERT INTO IMAGE (IMAGE_ID, ACCOMODATION_ID, IMAGE_URL) VALUES (4555, 236, 'https://a0.muscache.com/im/pictures/c7a75551-d522-4472-b6cf-46f13a38ebbe.jpg?im_w=720');
INSERT INTO IMAGE (IMAGE_ID, ACCOMODATION_ID, IMAGE_URL) VALUES (4556, 236, 'https://a0.muscache.com/im/pictures/08913531-61a8-4bf4-a28c-a005ab08b1e8.jpg?im_w=720');
INSERT INTO IMAGE (IMAGE_ID, ACCOMODATION_ID, IMAGE_URL) VALUES (4557, 236, 'https://a0.muscache.com/im/pictures/fe4e4963-17b2-4696-bf1c-af07d75de010.jpg?im_w=720');
INSERT INTO IMAGE (IMAGE_ID, ACCOMODATION_ID, IMAGE_URL) VALUES (4558, 236, 'https://a0.muscache.com/im/pictures/72ff6e8a-3ea1-4e6e-b8ab-edadf2f0abfc.jpg?im_w=720');
INSERT INTO IMAGE (IMAGE_ID, ACCOMODATION_ID, IMAGE_URL) VALUES (4559, 236, 'https://a0.muscache.com/im/pictures/51f8354c-035a-4360-b382-e03c3620cf4e.jpg?im_w=720');
INSERT INTO IMAGE (IMAGE_ID, ACCOMODATION_ID, IMAGE_URL) VALUES (4560, 236, 'https://a0.muscache.com/im/pictures/02f1b7ab-c746-4765-864e-0a6821e5a57a.jpg?im_w=720');
INSERT INTO IMAGE (IMAGE_ID, ACCOMODATION_ID, IMAGE_URL) VALUES (4561, 236, 'https://a0.muscache.com/im/pictures/80152c40-befe-4035-b957-ce25e8609a9d.jpg?im_w=720');
INSERT INTO IMAGE (IMAGE_ID, ACCOMODATION_ID, IMAGE_URL) VALUES (4562, 236, 'https://a0.muscache.com/im/pictures/12f9fc53-68d8-4fd7-8df1-881e7506d7d2.jpg?im_w=720');
INSERT INTO IMAGE (IMAGE_ID, ACCOMODATION_ID, IMAGE_URL) VALUES (4563, 236, 'https://a0.muscache.com/im/pictures/9d5e4ccd-bee0-4c7f-9fed-188d0a3fd8af.jpg?im_w=720');

INSERT INTO LOCATION (LOCATION_ID, LOCATION_NAME, COUNTRY, REGION, CITY, LATITUDE, LONGITUDE) VALUES (237, '지명237', ' 한국', ' 서울', 'Songpa-gu', 37.48051, 127.12295);
INSERT INTO ACCOMODATION (`ACCOMODATION_ID`, `LOCATION_ID`, `ACCOMODATION_NAME`, `HOST_NAME`, `DISCRIPTION`, `ACCOMODATION_TYPE`, `PRICE`, `MAXIMUM_OCCUPANCY`, `AVERAGE_POINT`, `BED_ROOM`, `BATH_ROOM`, `BED_COUNT`,`OPTION`) VALUES (237, 237, '[수서/잠실] Joo’s 하우스에 오신걸 환영합니다.', '호스트237', '설명237', '집 전체', 872292, 2, 1.7, 1, 1,1, '주방,무선 인터넷,에어컨,헤어드라이어');
INSERT INTO IMAGE (IMAGE_ID, ACCOMODATION_ID, IMAGE_URL) VALUES (4564, 237, 'https://a0.muscache.com/im/pictures/d8b35d80-019e-4f41-84a2-0323f572cdf0.jpg?im_w=720');
INSERT INTO IMAGE (IMAGE_ID, ACCOMODATION_ID, IMAGE_URL) VALUES (4565, 237, 'https://a0.muscache.com/im/pictures/f67d175a-89a4-42c3-a737-c2f36f186bca.jpg?im_w=720');
INSERT INTO IMAGE (IMAGE_ID, ACCOMODATION_ID, IMAGE_URL) VALUES (4566, 237, 'https://a0.muscache.com/im/pictures/e3136258-467d-4360-9cc7-9b2c3128a218.jpg?im_w=720');
INSERT INTO IMAGE (IMAGE_ID, ACCOMODATION_ID, IMAGE_URL) VALUES (4567, 237, 'https://a0.muscache.com/im/pictures/613da65a-b1f9-458d-a8f8-bdc64ea0cfe6.jpg?im_w=720');
INSERT INTO IMAGE (IMAGE_ID, ACCOMODATION_ID, IMAGE_URL) VALUES (4568, 237, 'https://a0.muscache.com/im/pictures/cdc6098e-4c01-4b8b-abc2-035d1fbec6dd.jpg?im_w=720');
INSERT INTO IMAGE (IMAGE_ID, ACCOMODATION_ID, IMAGE_URL) VALUES (4569, 237, 'https://a0.muscache.com/im/pictures/b6d3f30a-bc7e-4254-bbe1-07fd5066da08.jpg?im_w=720');
INSERT INTO IMAGE (IMAGE_ID, ACCOMODATION_ID, IMAGE_URL) VALUES (4570, 237, 'https://a0.muscache.com/im/pictures/69a386ba-893d-45c0-91d8-16667f0d242b.jpg?im_w=720');
INSERT INTO IMAGE (IMAGE_ID, ACCOMODATION_ID, IMAGE_URL) VALUES (4571, 237, 'https://a0.muscache.com/im/pictures/11ebdf27-830d-47e4-af81-e9e49257c9ba.jpg?im_w=720');
INSERT INTO IMAGE (IMAGE_ID, ACCOMODATION_ID, IMAGE_URL) VALUES (4572, 237, 'https://a0.muscache.com/im/pictures/a2b526de-8f14-4f71-9e6a-aeded4340264.jpg?im_w=720');
INSERT INTO IMAGE (IMAGE_ID, ACCOMODATION_ID, IMAGE_URL) VALUES (4573, 237, 'https://a0.muscache.com/im/pictures/b796813c-f46e-4c69-a21d-82715b5b07cb.jpg?im_w=720');
INSERT INTO IMAGE (IMAGE_ID, ACCOMODATION_ID, IMAGE_URL) VALUES (4574, 237, 'https://a0.muscache.com/im/pictures/22a7f17b-ea6d-4a0e-9fa2-fe1923b55b28.jpg?im_w=720');
INSERT INTO IMAGE (IMAGE_ID, ACCOMODATION_ID, IMAGE_URL) VALUES (4575, 237, 'https://a0.muscache.com/im/pictures/482a32d2-d1d4-4f47-b325-fc7e704c3262.jpg?im_w=720');
INSERT INTO IMAGE (IMAGE_ID, ACCOMODATION_ID, IMAGE_URL) VALUES (4576, 237, 'https://a0.muscache.com/im/pictures/2ebe02ad-86ac-470f-92dd-7369e86575c1.jpg?im_w=720');
INSERT INTO IMAGE (IMAGE_ID, ACCOMODATION_ID, IMAGE_URL) VALUES (4577, 237, 'https://a0.muscache.com/im/pictures/a56b8b4e-b30d-4934-9e5a-9f4fada7cbb5.jpg?im_w=720');
INSERT INTO IMAGE (IMAGE_ID, ACCOMODATION_ID, IMAGE_URL) VALUES (4578, 237, 'https://a0.muscache.com/im/pictures/c646af62-86e4-47a5-9a9c-719f945d0ee5.jpg?im_w=720');
INSERT INTO IMAGE (IMAGE_ID, ACCOMODATION_ID, IMAGE_URL) VALUES (4579, 237, 'https://a0.muscache.com/im/pictures/459c9387-6923-49f1-a20c-f31dd6dfcfa8.jpg?im_w=720');
INSERT INTO IMAGE (IMAGE_ID, ACCOMODATION_ID, IMAGE_URL) VALUES (4580, 237, 'https://a0.muscache.com/im/pictures/cddb88d0-8acd-49ce-aa07-297188b57928.jpg?im_w=720');
INSERT INTO IMAGE (IMAGE_ID, ACCOMODATION_ID, IMAGE_URL) VALUES (4581, 237, 'https://a0.muscache.com/im/pictures/4f5f005d-ad1b-4356-8836-60143e47d6fe.jpg?im_w=720');
INSERT INTO IMAGE (IMAGE_ID, ACCOMODATION_ID, IMAGE_URL) VALUES (4582, 237, 'https://a0.muscache.com/im/pictures/db71a252-ff8d-4aa0-9c4f-a422c1ec66f5.jpg?im_w=720');
INSERT INTO IMAGE (IMAGE_ID, ACCOMODATION_ID, IMAGE_URL) VALUES (4583, 237, 'https://a0.muscache.com/im/pictures/ad91f292-b2e1-47e8-b70d-e1de99dbc740.jpg?im_w=720');
INSERT INTO IMAGE (IMAGE_ID, ACCOMODATION_ID, IMAGE_URL) VALUES (4584, 237, 'https://a0.muscache.com/im/pictures/86eee80b-71a4-4180-9e1e-7d6a3075ea4c.jpg?im_w=720');
INSERT INTO IMAGE (IMAGE_ID, ACCOMODATION_ID, IMAGE_URL) VALUES (4585, 237, 'https://a0.muscache.com/im/pictures/e4482765-0624-4637-a61a-02713172285b.jpg?im_w=720');
INSERT INTO IMAGE (IMAGE_ID, ACCOMODATION_ID, IMAGE_URL) VALUES (4586, 237, 'https://a0.muscache.com/im/pictures/1f6c8926-d1ef-4d15-8b6a-d4e003cbcf76.jpg?im_w=720');
INSERT INTO IMAGE (IMAGE_ID, ACCOMODATION_ID, IMAGE_URL) VALUES (4587, 237, 'https://a0.muscache.com/im/pictures/26a20ed6-b62c-48cc-9391-0840e148c02a.jpg?im_w=720');
INSERT INTO IMAGE (IMAGE_ID, ACCOMODATION_ID, IMAGE_URL) VALUES (4588, 237, 'https://a0.muscache.com/im/pictures/b5533970-10c8-4c88-b7b4-5d2c959aa925.jpg?im_w=720');
INSERT INTO IMAGE (IMAGE_ID, ACCOMODATION_ID, IMAGE_URL) VALUES (4589, 237, 'https://a0.muscache.com/im/pictures/6f8fb1da-a370-45f9-92e9-8a17391a7715.jpg?im_w=720');

INSERT INTO LOCATION (LOCATION_ID, LOCATION_NAME, COUNTRY, REGION, CITY, LATITUDE, LONGITUDE) VALUES (238, '지명238', ' 서울', ' Gangnam-gu', 'Irwon 1(il)-dong', 37.49182, 127.08866);
INSERT INTO ACCOMODATION (`ACCOMODATION_ID`, `LOCATION_ID`, `ACCOMODATION_NAME`, `HOST_NAME`, `DISCRIPTION`, `ACCOMODATION_TYPE`, `PRICE`, `MAXIMUM_OCCUPANCY`, `AVERAGE_POINT`, `BED_ROOM`, `BATH_ROOM`, `BED_COUNT`,`OPTION`) VALUES (238, 238, '#삼성의료원(도보5분) 후문에 위치한 산책로와 공원이 있는 아파트!!.자가격리는 안됩니다.', '호스트238', '설명238', '집 전체', 573363, 3, 3.0, 2, 1,2, '주방,무선 인터넷,에어컨,헤어드라이어');
INSERT INTO IMAGE (IMAGE_ID, ACCOMODATION_ID, IMAGE_URL) VALUES (4590, 238, 'https://a0.muscache.com/im/pictures/17467918-baf4-4ebd-bb26-d64797e37c0c.jpg?im_w=720');
INSERT INTO IMAGE (IMAGE_ID, ACCOMODATION_ID, IMAGE_URL) VALUES (4591, 238, 'https://a0.muscache.com/im/pictures/9b73c365-d9fd-42f2-8282-1fb833b93e06.jpg?im_w=720');
INSERT INTO IMAGE (IMAGE_ID, ACCOMODATION_ID, IMAGE_URL) VALUES (4592, 238, 'https://a0.muscache.com/im/pictures/8fc6e99f-8fe0-40a4-af0f-6022cc978d99.jpg?im_w=720');
INSERT INTO IMAGE (IMAGE_ID, ACCOMODATION_ID, IMAGE_URL) VALUES (4593, 238, 'https://a0.muscache.com/im/pictures/7f038115-9d15-4c2c-bca7-1d5362fca9d5.jpg?im_w=720');
INSERT INTO IMAGE (IMAGE_ID, ACCOMODATION_ID, IMAGE_URL) VALUES (4594, 238, 'https://a0.muscache.com/im/pictures/5f3633dc-61bb-4a6f-9a4b-3579f8cb919c.jpg?im_w=720');
INSERT INTO IMAGE (IMAGE_ID, ACCOMODATION_ID, IMAGE_URL) VALUES (4595, 238, 'https://a0.muscache.com/im/pictures/e3427317-44a4-49a6-879f-e29b37157daf.jpg?im_w=720');
INSERT INTO IMAGE (IMAGE_ID, ACCOMODATION_ID, IMAGE_URL) VALUES (4596, 238, 'https://a0.muscache.com/im/pictures/719abb71-0b39-4b30-94f7-30ac0f064856.jpg?im_w=720');
INSERT INTO IMAGE (IMAGE_ID, ACCOMODATION_ID, IMAGE_URL) VALUES (4597, 238, 'https://a0.muscache.com/im/pictures/c5708dc8-52f1-415a-8cee-81e2d6535d7b.jpg?im_w=720');
INSERT INTO IMAGE (IMAGE_ID, ACCOMODATION_ID, IMAGE_URL) VALUES (4598, 238, 'https://a0.muscache.com/im/pictures/743f4dff-a4a8-4772-a680-ef4d74601d43.jpg?im_w=720');
INSERT INTO IMAGE (IMAGE_ID, ACCOMODATION_ID, IMAGE_URL) VALUES (4599, 238, 'https://a0.muscache.com/im/pictures/bbf6f3b3-75ba-4cae-bfc6-874f5d12fa26.jpg?im_w=720');
INSERT INTO IMAGE (IMAGE_ID, ACCOMODATION_ID, IMAGE_URL) VALUES (4600, 238, 'https://a0.muscache.com/im/pictures/7b0e25aa-2d10-4400-95c0-d57f31de69ae.jpg?im_w=720');
INSERT INTO IMAGE (IMAGE_ID, ACCOMODATION_ID, IMAGE_URL) VALUES (4601, 238, 'https://a0.muscache.com/im/pictures/8e15da8b-d45a-430f-a327-0af5ed7da356.jpg?im_w=720');
INSERT INTO IMAGE (IMAGE_ID, ACCOMODATION_ID, IMAGE_URL) VALUES (4602, 238, 'https://a0.muscache.com/im/pictures/ae15cb54-d1d9-4a21-96e4-ebbc635541ea.jpg?im_w=720');
INSERT INTO IMAGE (IMAGE_ID, ACCOMODATION_ID, IMAGE_URL) VALUES (4603, 238, 'https://a0.muscache.com/im/pictures/58f0bbb0-bf54-4211-ac80-2c035837c4b2.jpg?im_w=720');
INSERT INTO IMAGE (IMAGE_ID, ACCOMODATION_ID, IMAGE_URL) VALUES (4604, 238, 'https://a0.muscache.com/im/pictures/3859b3e3-e8ca-45cb-a611-f630f565defe.jpg?im_w=720');
INSERT INTO IMAGE (IMAGE_ID, ACCOMODATION_ID, IMAGE_URL) VALUES (4605, 238, 'https://a0.muscache.com/im/pictures/9e249263-0faf-42e9-817c-519f6ec01e7c.jpg?im_w=720');
INSERT INTO IMAGE (IMAGE_ID, ACCOMODATION_ID, IMAGE_URL) VALUES (4606, 238, 'https://a0.muscache.com/im/pictures/6122839e-bb5e-4aaf-9d0f-fec17d81e5e6.jpg?im_w=720');
INSERT INTO IMAGE (IMAGE_ID, ACCOMODATION_ID, IMAGE_URL) VALUES (4607, 238, 'https://a0.muscache.com/im/pictures/911f6ad0-0e33-4fea-8bf1-4240a81373f7.jpg?im_w=720');
INSERT INTO IMAGE (IMAGE_ID, ACCOMODATION_ID, IMAGE_URL) VALUES (4608, 238, 'https://a0.muscache.com/im/pictures/1b4f767a-b59b-4d8d-9b10-571224c1a33a.jpg?im_w=720');
INSERT INTO IMAGE (IMAGE_ID, ACCOMODATION_ID, IMAGE_URL) VALUES (4609, 238, 'https://a0.muscache.com/im/pictures/72259d21-3a68-48ed-b830-5d4148d3b4e8.jpg?im_w=720');

INSERT INTO LOCATION (LOCATION_ID, LOCATION_NAME, COUNTRY, REGION, CITY, LATITUDE, LONGITUDE) VALUES (239, '지명239', ' 한국', ' 서울', 'Songpa-gu', 37.48619001344688, 127.12030678484979);
INSERT INTO ACCOMODATION (`ACCOMODATION_ID`, `LOCATION_ID`, `ACCOMODATION_NAME`, `HOST_NAME`, `DISCRIPTION`, `ACCOMODATION_TYPE`, `PRICE`, `MAXIMUM_OCCUPANCY`, `AVERAGE_POINT`, `BED_ROOM`, `BATH_ROOM`, `BED_COUNT`,`OPTION`) VALUES (239, 239, '장지역 4번출구 도보4분거리 파크하비오203동', '호스트239', '설명239', '집 전체', 913146, 4, 9.4, 1, 1,1, '주방,무선 인터넷,에어컨,헤어드라이어');
INSERT INTO IMAGE (IMAGE_ID, ACCOMODATION_ID, IMAGE_URL) VALUES (4610, 239, 'https://a0.muscache.com/im/pictures/miso/Hosting-49951979/original/510a6bd0-5a81-405a-852f-f97724fa350b.jpeg?im_w=720');
INSERT INTO IMAGE (IMAGE_ID, ACCOMODATION_ID, IMAGE_URL) VALUES (4611, 239, 'https://a0.muscache.com/im/pictures/miso/Hosting-49951979/original/61e0dc41-85f1-4d91-9710-7b77f54b95ab.jpeg?im_w=720');
INSERT INTO IMAGE (IMAGE_ID, ACCOMODATION_ID, IMAGE_URL) VALUES (4612, 239, 'https://a0.muscache.com/im/pictures/miso/Hosting-49951979/original/5b3ddff5-e39c-4f0e-b795-10e519fa920e.jpeg?im_w=720');
INSERT INTO IMAGE (IMAGE_ID, ACCOMODATION_ID, IMAGE_URL) VALUES (4613, 239, 'https://a0.muscache.com/im/pictures/miso/Hosting-49951979/original/31eebe9a-d111-4cfb-b8f9-2b8872376420.jpeg?im_w=720');
INSERT INTO IMAGE (IMAGE_ID, ACCOMODATION_ID, IMAGE_URL) VALUES (4614, 239, 'https://a0.muscache.com/im/pictures/miso/Hosting-49951979/original/86b360b3-64b3-4cc7-a266-7222b05cd072.jpeg?im_w=720');
INSERT INTO IMAGE (IMAGE_ID, ACCOMODATION_ID, IMAGE_URL) VALUES (4615, 239, 'https://a0.muscache.com/im/pictures/miso/Hosting-49951979/original/47931ea6-1a60-40a7-9bba-0c60ea46373f.jpeg?im_w=720');
INSERT INTO IMAGE (IMAGE_ID, ACCOMODATION_ID, IMAGE_URL) VALUES (4616, 239, 'https://a0.muscache.com/im/pictures/miso/Hosting-49951979/original/56f0c773-4443-482c-80cb-029843212b13.jpeg?im_w=720');
INSERT INTO IMAGE (IMAGE_ID, ACCOMODATION_ID, IMAGE_URL) VALUES (4617, 239, 'https://a0.muscache.com/im/pictures/miso/Hosting-49951979/original/12aea1cf-09e0-4d77-9044-10976aeb5496.jpeg?im_w=720');
INSERT INTO IMAGE (IMAGE_ID, ACCOMODATION_ID, IMAGE_URL) VALUES (4618, 239, 'https://a0.muscache.com/im/pictures/miso/Hosting-49951979/original/34fd5209-3eb5-4eeb-849c-9f44f7b9c373.jpeg?im_w=720');
INSERT INTO IMAGE (IMAGE_ID, ACCOMODATION_ID, IMAGE_URL) VALUES (4619, 239, 'https://a0.muscache.com/im/pictures/miso/Hosting-49951979/original/f33d3e3c-73a0-4969-9e92-a4417c72dc2e.jpeg?im_w=720');
INSERT INTO IMAGE (IMAGE_ID, ACCOMODATION_ID, IMAGE_URL) VALUES (4620, 239, 'https://a0.muscache.com/im/pictures/miso/Hosting-49951979/original/7b0cc5b1-0fa6-485a-943e-a0379f29bd21.jpeg?im_w=720');
INSERT INTO IMAGE (IMAGE_ID, ACCOMODATION_ID, IMAGE_URL) VALUES (4621, 239, 'https://a0.muscache.com/im/pictures/miso/Hosting-49951979/original/fc456469-8a4d-4f3a-bae8-d5e8eaad0dc1.jpeg?im_w=720');
INSERT INTO IMAGE (IMAGE_ID, ACCOMODATION_ID, IMAGE_URL) VALUES (4622, 239, 'https://a0.muscache.com/im/pictures/miso/Hosting-49951979/original/c0f11698-fb72-43d7-bcbe-9db5c3216861.jpeg?im_w=720');
INSERT INTO IMAGE (IMAGE_ID, ACCOMODATION_ID, IMAGE_URL) VALUES (4623, 239, 'https://a0.muscache.com/im/pictures/miso/Hosting-49951979/original/ea907465-f260-4974-9f36-7a5c110783d7.jpeg?im_w=720');
INSERT INTO IMAGE (IMAGE_ID, ACCOMODATION_ID, IMAGE_URL) VALUES (4624, 239, 'https://a0.muscache.com/im/pictures/miso/Hosting-49951979/original/a9914be8-6f49-4a0d-89eb-1d23de7ed5d1.jpeg?im_w=720');
INSERT INTO IMAGE (IMAGE_ID, ACCOMODATION_ID, IMAGE_URL) VALUES (4625, 239, 'https://a0.muscache.com/im/pictures/miso/Hosting-49951979/original/68b41e4d-1341-4d78-a46e-0866f110db77.jpeg?im_w=720');
INSERT INTO IMAGE (IMAGE_ID, ACCOMODATION_ID, IMAGE_URL) VALUES (4626, 239, 'https://a0.muscache.com/im/pictures/miso/Hosting-49951979/original/ce6b1bff-73d4-47fd-94d0-bb2d13605746.jpeg?im_w=720');
INSERT INTO IMAGE (IMAGE_ID, ACCOMODATION_ID, IMAGE_URL) VALUES (4627, 239, 'https://a0.muscache.com/im/pictures/miso/Hosting-49951979/original/b6044889-8c53-4674-a323-4c20f5f9df05.jpeg?im_w=720');
INSERT INTO IMAGE (IMAGE_ID, ACCOMODATION_ID, IMAGE_URL) VALUES (4628, 239, 'https://a0.muscache.com/im/pictures/miso/Hosting-49951979/original/5dcfd243-4d5f-4aa7-9dd4-b3f88bd5f8d2.jpeg?im_w=720');
INSERT INTO IMAGE (IMAGE_ID, ACCOMODATION_ID, IMAGE_URL) VALUES (4629, 239, 'https://a0.muscache.com/im/pictures/miso/Hosting-49951979/original/a132ac82-b0b5-411f-9ae0-065445679aa4.jpeg?im_w=720');
INSERT INTO IMAGE (IMAGE_ID, ACCOMODATION_ID, IMAGE_URL) VALUES (4630, 239, 'https://a0.muscache.com/im/pictures/miso/Hosting-49951979/original/a42a263b-00b6-4a03-b62f-e139463702e3.jpeg?im_w=720');
INSERT INTO IMAGE (IMAGE_ID, ACCOMODATION_ID, IMAGE_URL) VALUES (4631, 239, 'https://a0.muscache.com/im/pictures/miso/Hosting-49951979/original/358b12b1-e762-4af9-b982-5107de576984.jpeg?im_w=720');
INSERT INTO IMAGE (IMAGE_ID, ACCOMODATION_ID, IMAGE_URL) VALUES (4632, 239, 'https://a0.muscache.com/im/pictures/miso/Hosting-49951979/original/1b1102a7-068f-4a66-bd4c-4535a076d42f.jpeg?im_w=720');
INSERT INTO IMAGE (IMAGE_ID, ACCOMODATION_ID, IMAGE_URL) VALUES (4633, 239, 'https://a0.muscache.com/im/pictures/miso/Hosting-49951979/original/86fb8036-df4b-4d6a-ad64-4d7bc0a63c5f.jpeg?im_w=720');
INSERT INTO IMAGE (IMAGE_ID, ACCOMODATION_ID, IMAGE_URL) VALUES (4634, 239, 'https://a0.muscache.com/im/pictures/miso/Hosting-49951979/original/989bac97-0f6e-4f3d-9135-b9d3aa2d5784.jpeg?im_w=720');
INSERT INTO IMAGE (IMAGE_ID, ACCOMODATION_ID, IMAGE_URL) VALUES (4635, 239, 'https://a0.muscache.com/im/pictures/miso/Hosting-49951979/original/2e7bfe82-17b4-4c9e-b2fd-bde032570fd5.jpeg?im_w=720');
INSERT INTO IMAGE (IMAGE_ID, ACCOMODATION_ID, IMAGE_URL) VALUES (4636, 239, 'https://a0.muscache.com/im/pictures/ed9df648-8e43-46b2-a87c-77db918e2aea.jpg?im_w=720');

INSERT INTO LOCATION (LOCATION_ID, LOCATION_NAME, COUNTRY, REGION, CITY, LATITUDE, LONGITUDE) VALUES (240, '지명240', ' 한국', ' 서울특별시', '송파구', 37.49552, 127.12025);
INSERT INTO ACCOMODATION (`ACCOMODATION_ID`, `LOCATION_ID`, `ACCOMODATION_NAME`, `HOST_NAME`, `DISCRIPTION`, `ACCOMODATION_TYPE`, `PRICE`, `MAXIMUM_OCCUPANCY`, `AVERAGE_POINT`, `BED_ROOM`, `BATH_ROOM`, `BED_COUNT`,`OPTION`) VALUES (240, 240, 'Momos house/ 안락하고 깔끔한 숙소/ 잠실과 가까운 가락시장역(NO 자가격리)', '호스트240', '설명240', '집 전체', 566646, 3, 6.4, 1, 1,1, '주방,무선 인터넷,에어컨,헤어드라이어');
INSERT INTO IMAGE (IMAGE_ID, ACCOMODATION_ID, IMAGE_URL) VALUES (4637, 240, 'https://a0.muscache.com/im/pictures/13947155-7630-47c0-940c-089106470222.jpg?im_w=720');
INSERT INTO IMAGE (IMAGE_ID, ACCOMODATION_ID, IMAGE_URL) VALUES (4638, 240, 'https://a0.muscache.com/im/pictures/a2089b63-4d51-492c-8e50-b5319676d3fe.jpg?im_w=720');
INSERT INTO IMAGE (IMAGE_ID, ACCOMODATION_ID, IMAGE_URL) VALUES (4639, 240, 'https://a0.muscache.com/im/pictures/5e53b4ac-5798-4736-9b0b-28c3491791fd.jpg?im_w=720');
INSERT INTO IMAGE (IMAGE_ID, ACCOMODATION_ID, IMAGE_URL) VALUES (4640, 240, 'https://a0.muscache.com/im/pictures/12f9c981-bcac-463e-ae88-3a981eefcfad.jpg?im_w=720');
INSERT INTO IMAGE (IMAGE_ID, ACCOMODATION_ID, IMAGE_URL) VALUES (4641, 240, 'https://a0.muscache.com/im/pictures/119d7873-bfc9-4d3f-98da-84d099e8651f.jpg?im_w=720');
INSERT INTO IMAGE (IMAGE_ID, ACCOMODATION_ID, IMAGE_URL) VALUES (4642, 240, 'https://a0.muscache.com/im/pictures/f86e0920-45be-463b-9d71-ec5601bb9fba.jpg?im_w=720');
INSERT INTO IMAGE (IMAGE_ID, ACCOMODATION_ID, IMAGE_URL) VALUES (4643, 240, 'https://a0.muscache.com/im/pictures/aadb9027-8653-46b5-842d-3e143325a9bb.jpg?im_w=720');
INSERT INTO IMAGE (IMAGE_ID, ACCOMODATION_ID, IMAGE_URL) VALUES (4644, 240, 'https://a0.muscache.com/im/pictures/f4561e74-fe9b-4f68-b5cd-25f3c1ef1ea0.jpg?im_w=720');
INSERT INTO IMAGE (IMAGE_ID, ACCOMODATION_ID, IMAGE_URL) VALUES (4645, 240, 'https://a0.muscache.com/im/pictures/f20c16e8-f8c3-4166-8d92-18715196cbf2.jpg?im_w=720');
INSERT INTO IMAGE (IMAGE_ID, ACCOMODATION_ID, IMAGE_URL) VALUES (4646, 240, 'https://a0.muscache.com/im/pictures/17952fba-984e-46d7-8128-fb0999317cfb.jpg?im_w=720');
INSERT INTO IMAGE (IMAGE_ID, ACCOMODATION_ID, IMAGE_URL) VALUES (4647, 240, 'https://a0.muscache.com/im/pictures/a3dd288d-c9e7-4f14-9730-f4406d117564.jpg?im_w=720');
INSERT INTO IMAGE (IMAGE_ID, ACCOMODATION_ID, IMAGE_URL) VALUES (4648, 240, 'https://a0.muscache.com/im/pictures/6f7da1e6-686f-4af8-a467-efc2c840a3a5.jpg?im_w=720');
INSERT INTO IMAGE (IMAGE_ID, ACCOMODATION_ID, IMAGE_URL) VALUES (4649, 240, 'https://a0.muscache.com/im/pictures/b50f0bc1-dfcc-4a28-9b1e-bb3cc049cc3e.jpg?im_w=720');
INSERT INTO IMAGE (IMAGE_ID, ACCOMODATION_ID, IMAGE_URL) VALUES (4650, 240, 'https://a0.muscache.com/im/pictures/aca255fe-5626-429c-99a1-4bd66ae18efc.jpg?im_w=720');
INSERT INTO IMAGE (IMAGE_ID, ACCOMODATION_ID, IMAGE_URL) VALUES (4651, 240, 'https://a0.muscache.com/im/pictures/7f7a57cb-762a-48e4-beab-97d6525464c4.jpg?im_w=720');
INSERT INTO IMAGE (IMAGE_ID, ACCOMODATION_ID, IMAGE_URL) VALUES (4652, 240, 'https://a0.muscache.com/im/pictures/faea6dba-52e9-4a78-bfba-ccf1950b8740.jpg?im_w=720');
INSERT INTO IMAGE (IMAGE_ID, ACCOMODATION_ID, IMAGE_URL) VALUES (4653, 240, 'https://a0.muscache.com/im/pictures/91239182-e663-44e5-b293-20ebc4817e85.jpg?im_w=720');
INSERT INTO IMAGE (IMAGE_ID, ACCOMODATION_ID, IMAGE_URL) VALUES (4654, 240, 'https://a0.muscache.com/im/pictures/10447641-7958-420f-af5f-c12e5484300f.jpg?im_w=720');
INSERT INTO IMAGE (IMAGE_ID, ACCOMODATION_ID, IMAGE_URL) VALUES (4655, 240, 'https://a0.muscache.com/im/pictures/99a9372a-d07a-49f8-b469-5df8759fc580.jpg?im_w=720');
INSERT INTO IMAGE (IMAGE_ID, ACCOMODATION_ID, IMAGE_URL) VALUES (4656, 240, 'https://a0.muscache.com/im/pictures/584c9118-e319-461a-9b83-44f4f5de2450.jpg?im_w=720');
INSERT INTO IMAGE (IMAGE_ID, ACCOMODATION_ID, IMAGE_URL) VALUES (4657, 240, 'https://a0.muscache.com/im/pictures/822c0d1d-6237-4e20-8486-143e0e5771b0.jpg?im_w=720');
INSERT INTO IMAGE (IMAGE_ID, ACCOMODATION_ID, IMAGE_URL) VALUES (4658, 240, 'https://a0.muscache.com/im/pictures/05c1287a-bef1-4b04-8d48-d9eadec7ee52.jpg?im_w=720');
INSERT INTO IMAGE (IMAGE_ID, ACCOMODATION_ID, IMAGE_URL) VALUES (4659, 240, 'https://a0.muscache.com/im/pictures/c4a42864-260b-4a2f-ad37-195c7e70d6c4.jpg?im_w=720');
INSERT INTO IMAGE (IMAGE_ID, ACCOMODATION_ID, IMAGE_URL) VALUES (4660, 240, 'https://a0.muscache.com/im/pictures/71567eae-208b-482b-a33b-741a035b6f7a.jpg?im_w=720');
INSERT INTO IMAGE (IMAGE_ID, ACCOMODATION_ID, IMAGE_URL) VALUES (4661, 240, 'https://a0.muscache.com/im/pictures/523a39a1-e6fe-4268-ab8b-32276d8ec08d.jpg?im_w=720');
INSERT INTO IMAGE (IMAGE_ID, ACCOMODATION_ID, IMAGE_URL) VALUES (4662, 240, 'https://a0.muscache.com/im/pictures/f3b2dbd4-86d1-4a1b-9375-32877b90ea9a.jpg?im_w=720');
INSERT INTO IMAGE (IMAGE_ID, ACCOMODATION_ID, IMAGE_URL) VALUES (4663, 240, 'https://a0.muscache.com/im/pictures/c0a20c2b-3507-4a12-81e0-bdd8fa53bc7e.jpg?im_w=720');

INSERT INTO LOCATION (LOCATION_ID, LOCATION_NAME, COUNTRY, REGION, CITY, LATITUDE, LONGITUDE) VALUES (241, '지명241', ' 서울', ' Songpa-gu', 'Munjeong 1(il)-dong', 37.48876, 127.12446);
INSERT INTO ACCOMODATION (`ACCOMODATION_ID`, `LOCATION_ID`, `ACCOMODATION_NAME`, `HOST_NAME`, `DISCRIPTION`, `ACCOMODATION_TYPE`, `PRICE`, `MAXIMUM_OCCUPANCY`, `AVERAGE_POINT`, `BED_ROOM`, `BATH_ROOM`, `BED_COUNT`,`OPTION`) VALUES (241, 241, '문정역5분, 투룸, Netflix, 장기숙박, 법조단지, 출장, 주방 시설, 세탁기,', '호스트241', '설명241', '집 전체', 536702, 4, 0.9, 1, 1,1, '주방,무선 인터넷,에어컨,헤어드라이어');
INSERT INTO IMAGE (IMAGE_ID, ACCOMODATION_ID, IMAGE_URL) VALUES (4664, 241, 'https://a0.muscache.com/im/pictures/ab99d60b-acf7-4d9e-9b6d-d57da16208f1.jpg?im_w=720');
INSERT INTO IMAGE (IMAGE_ID, ACCOMODATION_ID, IMAGE_URL) VALUES (4665, 241, 'https://a0.muscache.com/im/pictures/dd8a7983-006c-4710-94d6-e5b59c80cec6.jpg?im_w=720');
INSERT INTO IMAGE (IMAGE_ID, ACCOMODATION_ID, IMAGE_URL) VALUES (4666, 241, 'https://a0.muscache.com/im/pictures/522816fd-5190-4b0b-a1ea-7cb599d8a722.jpg?im_w=720');
INSERT INTO IMAGE (IMAGE_ID, ACCOMODATION_ID, IMAGE_URL) VALUES (4667, 241, 'https://a0.muscache.com/im/pictures/75f912d2-dcfe-41b2-8c49-8efb67b4e2c2.jpg?im_w=720');
INSERT INTO IMAGE (IMAGE_ID, ACCOMODATION_ID, IMAGE_URL) VALUES (4668, 241, 'https://a0.muscache.com/im/pictures/2c29569a-d6aa-4da5-8a25-b5bd0ae85580.jpg?im_w=720');
INSERT INTO IMAGE (IMAGE_ID, ACCOMODATION_ID, IMAGE_URL) VALUES (4669, 241, 'https://a0.muscache.com/im/pictures/96255a58-c1dc-4392-beb0-8670fe401275.jpg?im_w=720');
INSERT INTO IMAGE (IMAGE_ID, ACCOMODATION_ID, IMAGE_URL) VALUES (4670, 241, 'https://a0.muscache.com/im/pictures/43d413ab-e40a-4321-9d3c-fb19c4f71236.jpg?im_w=720');
INSERT INTO IMAGE (IMAGE_ID, ACCOMODATION_ID, IMAGE_URL) VALUES (4671, 241, 'https://a0.muscache.com/im/pictures/186e0b35-e309-4928-b7c6-98d3087d527b.jpg?im_w=720');
INSERT INTO IMAGE (IMAGE_ID, ACCOMODATION_ID, IMAGE_URL) VALUES (4672, 241, 'https://a0.muscache.com/im/pictures/d007caf0-0182-4cc8-8a12-e0bfdc9e30ef.jpg?im_w=720');
INSERT INTO IMAGE (IMAGE_ID, ACCOMODATION_ID, IMAGE_URL) VALUES (4673, 241, 'https://a0.muscache.com/im/pictures/471f6967-7b06-4ded-b8cf-37980f7e64dd.jpg?im_w=720');
INSERT INTO IMAGE (IMAGE_ID, ACCOMODATION_ID, IMAGE_URL) VALUES (4674, 241, 'https://a0.muscache.com/im/pictures/28180314-d3ee-450c-9a58-3ab394e0d8db.jpg?im_w=720');
INSERT INTO IMAGE (IMAGE_ID, ACCOMODATION_ID, IMAGE_URL) VALUES (4675, 241, 'https://a0.muscache.com/im/pictures/5f0aae2f-bc23-412d-9b23-761c10af2fa1.jpg?im_w=720');
INSERT INTO IMAGE (IMAGE_ID, ACCOMODATION_ID, IMAGE_URL) VALUES (4676, 241, 'https://a0.muscache.com/im/pictures/893df905-cf5b-494f-87f6-96fcaedb8365.jpg?im_w=720');
INSERT INTO IMAGE (IMAGE_ID, ACCOMODATION_ID, IMAGE_URL) VALUES (4677, 241, 'https://a0.muscache.com/im/pictures/d6059e3e-9007-4c67-9a84-e557f84676ba.jpg?im_w=720');

INSERT INTO LOCATION (LOCATION_ID, LOCATION_NAME, COUNTRY, REGION, CITY, LATITUDE, LONGITUDE) VALUES (242, '지명242', ' 서울', ' Gangnam-gu', 'Irwon 1(il)-dong', 37.49259, 127.08404);
INSERT INTO ACCOMODATION (`ACCOMODATION_ID`, `LOCATION_ID`, `ACCOMODATION_NAME`, `HOST_NAME`, `DISCRIPTION`, `ACCOMODATION_TYPE`, `PRICE`, `MAXIMUM_OCCUPANCY`, `AVERAGE_POINT`, `BED_ROOM`, `BATH_ROOM`, `BED_COUNT`,`OPTION`) VALUES (242, 242, '강남 삼성의료원/COEX의 중심 하우스', '호스트242', '설명242', '개인실', 243735, 2, 6.0, 1, 1,1, '무선 인터넷,에어컨,헤어드라이어');
INSERT INTO IMAGE (IMAGE_ID, ACCOMODATION_ID, IMAGE_URL) VALUES (4678, 242, 'https://a0.muscache.com/im/pictures/726a44c1-a9ba-42b2-8ccb-87e9ab9f2cdd.jpg?im_w=720');
INSERT INTO IMAGE (IMAGE_ID, ACCOMODATION_ID, IMAGE_URL) VALUES (4679, 242, 'https://a0.muscache.com/im/pictures/0453f55d-76c3-4fdd-ba16-c88fdb5bbf9f.jpg?im_w=720');
INSERT INTO IMAGE (IMAGE_ID, ACCOMODATION_ID, IMAGE_URL) VALUES (4680, 242, 'https://a0.muscache.com/im/pictures/92d36979-e291-449a-afab-a68e00e4a98c.jpg?im_w=720');
INSERT INTO IMAGE (IMAGE_ID, ACCOMODATION_ID, IMAGE_URL) VALUES (4681, 242, 'https://a0.muscache.com/im/pictures/4a2eaf93-b9ba-49f8-b626-891bb7f54bb9.jpg?im_w=720');
INSERT INTO IMAGE (IMAGE_ID, ACCOMODATION_ID, IMAGE_URL) VALUES (4682, 242, 'https://a0.muscache.com/im/pictures/miso/Hosting-34155259/original/707d7249-2981-4530-981d-0ee5a77ca74a.jpeg?im_w=720');
INSERT INTO IMAGE (IMAGE_ID, ACCOMODATION_ID, IMAGE_URL) VALUES (4683, 242, 'https://a0.muscache.com/im/pictures/miso/Hosting-34155259/original/9c35ea14-d3df-4e54-bcba-26a885a2ed33.jpeg?im_w=720');
INSERT INTO IMAGE (IMAGE_ID, ACCOMODATION_ID, IMAGE_URL) VALUES (4684, 242, 'https://a0.muscache.com/im/pictures/c6ed77af-5efc-49e2-bf37-c51f927f7500.jpg?im_w=720');
INSERT INTO IMAGE (IMAGE_ID, ACCOMODATION_ID, IMAGE_URL) VALUES (4685, 242, 'https://a0.muscache.com/im/pictures/f2fde1b0-3791-4d72-8ecd-bf8b6f8024d8.jpg?im_w=720');
INSERT INTO IMAGE (IMAGE_ID, ACCOMODATION_ID, IMAGE_URL) VALUES (4686, 242, 'https://a0.muscache.com/im/pictures/5b98a5da-9947-454b-9765-a1dbae1551d9.jpg?im_w=720');
INSERT INTO IMAGE (IMAGE_ID, ACCOMODATION_ID, IMAGE_URL) VALUES (4687, 242, 'https://a0.muscache.com/im/pictures/a9f8a261-b88d-4587-b2aa-4e2a0b134387.jpg?im_w=720');
INSERT INTO IMAGE (IMAGE_ID, ACCOMODATION_ID, IMAGE_URL) VALUES (4688, 242, 'https://a0.muscache.com/im/pictures/e706ef71-f0a0-4a0e-9ad3-fc923f220c1f.jpg?im_w=720');
INSERT INTO IMAGE (IMAGE_ID, ACCOMODATION_ID, IMAGE_URL) VALUES (4689, 242, 'https://a0.muscache.com/im/pictures/90fc37d7-0bf0-403d-9e30-d3e35d112306.jpg?im_w=720');
INSERT INTO IMAGE (IMAGE_ID, ACCOMODATION_ID, IMAGE_URL) VALUES (4690, 242, 'https://a0.muscache.com/im/pictures/e5c222d6-f44c-47d0-bd76-8f557e36892c.jpg?im_w=720');
INSERT INTO IMAGE (IMAGE_ID, ACCOMODATION_ID, IMAGE_URL) VALUES (4691, 242, 'https://a0.muscache.com/im/pictures/5370414e-3bdd-4bbc-b638-38629ca99776.jpg?im_w=720');

INSERT INTO LOCATION (LOCATION_ID, LOCATION_NAME, COUNTRY, REGION, CITY, LATITUDE, LONGITUDE) VALUES (243, '지명243', ' 서울', ' Gangnam-gu', 'Irwon 1(il)-dong', 37.49256, 127.08222);
INSERT INTO ACCOMODATION (`ACCOMODATION_ID`, `LOCATION_ID`, `ACCOMODATION_NAME`, `HOST_NAME`, `DISCRIPTION`, `ACCOMODATION_TYPE`, `PRICE`, `MAXIMUM_OCCUPANCY`, `AVERAGE_POINT`, `BED_ROOM`, `BATH_ROOM`, `BED_COUNT`,`OPTION`) VALUES (243, 243, '강남의 원룸 studio near COEX/Samsung Medical Center', '호스트243', '설명243', '집 전체', 937505, 2, 0.8, 1, 1,1, '주방,무선 인터넷,에어컨,헤어드라이어');
INSERT INTO IMAGE (IMAGE_ID, ACCOMODATION_ID, IMAGE_URL) VALUES (4692, 243, 'https://a0.muscache.com/im/pictures/c64ce911-2ffa-4701-865d-3aad2a3ec8c4.jpg?im_w=720');
INSERT INTO IMAGE (IMAGE_ID, ACCOMODATION_ID, IMAGE_URL) VALUES (4693, 243, 'https://a0.muscache.com/im/pictures/9a3a5c01-65b7-4346-9bbd-2ad6d5666b3c.jpg?im_w=720');
INSERT INTO IMAGE (IMAGE_ID, ACCOMODATION_ID, IMAGE_URL) VALUES (4694, 243, 'https://a0.muscache.com/im/pictures/862a022f-1b50-4190-aac2-3203785760a1.jpg?im_w=720');
INSERT INTO IMAGE (IMAGE_ID, ACCOMODATION_ID, IMAGE_URL) VALUES (4695, 243, 'https://a0.muscache.com/im/pictures/b6c511c3-28bf-4105-93be-91bcaf90619a.jpg?im_w=720');
INSERT INTO IMAGE (IMAGE_ID, ACCOMODATION_ID, IMAGE_URL) VALUES (4696, 243, 'https://a0.muscache.com/im/pictures/537f6d1a-3fea-4304-8ba4-cad86c2f8650.jpg?im_w=720');
INSERT INTO IMAGE (IMAGE_ID, ACCOMODATION_ID, IMAGE_URL) VALUES (4697, 243, 'https://a0.muscache.com/im/pictures/eb1cd19c-df98-4816-b990-6efe5fc1d856.jpg?im_w=720');
INSERT INTO IMAGE (IMAGE_ID, ACCOMODATION_ID, IMAGE_URL) VALUES (4698, 243, 'https://a0.muscache.com/im/pictures/86016702-2d5e-4862-88a2-75b694edbe07.jpg?im_w=720');
INSERT INTO IMAGE (IMAGE_ID, ACCOMODATION_ID, IMAGE_URL) VALUES (4699, 243, 'https://a0.muscache.com/im/pictures/08de3a17-8b63-4519-b7d5-d02b19234d18.jpg?im_w=720');
INSERT INTO IMAGE (IMAGE_ID, ACCOMODATION_ID, IMAGE_URL) VALUES (4700, 243, 'https://a0.muscache.com/im/pictures/dfbc4815-714b-40b6-8270-24b767bda79a.jpg?im_w=720');
INSERT INTO IMAGE (IMAGE_ID, ACCOMODATION_ID, IMAGE_URL) VALUES (4701, 243, 'https://a0.muscache.com/im/pictures/455cf8bc-41cd-4f34-82b4-3c95cdeeb644.jpg?im_w=720');
INSERT INTO IMAGE (IMAGE_ID, ACCOMODATION_ID, IMAGE_URL) VALUES (4702, 243, 'https://a0.muscache.com/im/pictures/a7c4b780-e5d7-4827-af48-cb483024ec9a.jpg?im_w=720');
INSERT INTO IMAGE (IMAGE_ID, ACCOMODATION_ID, IMAGE_URL) VALUES (4703, 243, 'https://a0.muscache.com/im/pictures/db2b38c3-cc54-4694-906f-3f00ab844b22.jpg?im_w=720');
INSERT INTO IMAGE (IMAGE_ID, ACCOMODATION_ID, IMAGE_URL) VALUES (4704, 243, 'https://a0.muscache.com/im/pictures/cb9e3f2f-d596-4b3f-9e23-bad6a5081e08.jpg?im_w=720');
INSERT INTO IMAGE (IMAGE_ID, ACCOMODATION_ID, IMAGE_URL) VALUES (4705, 243, 'https://a0.muscache.com/im/pictures/c5860594-513d-437e-b3f8-07ec8b0042fc.jpg?im_w=720');
INSERT INTO IMAGE (IMAGE_ID, ACCOMODATION_ID, IMAGE_URL) VALUES (4706, 243, 'https://a0.muscache.com/im/pictures/fa49b578-7a97-477b-9c88-ea62a5ee0583.jpg?im_w=720');
INSERT INTO IMAGE (IMAGE_ID, ACCOMODATION_ID, IMAGE_URL) VALUES (4707, 243, 'https://a0.muscache.com/im/pictures/58875f81-4d2c-42c0-a9b2-b9a3c0932f9a.jpg?im_w=720');
INSERT INTO IMAGE (IMAGE_ID, ACCOMODATION_ID, IMAGE_URL) VALUES (4708, 243, 'https://a0.muscache.com/im/pictures/95412e8c-cdf9-4543-8cc5-d6fcdc0e1dca.jpg?im_w=720');
INSERT INTO IMAGE (IMAGE_ID, ACCOMODATION_ID, IMAGE_URL) VALUES (4709, 243, 'https://a0.muscache.com/im/pictures/2a259976-1f83-43cc-875f-2e7894374a6c.jpg?im_w=720');
INSERT INTO IMAGE (IMAGE_ID, ACCOMODATION_ID, IMAGE_URL) VALUES (4710, 243, 'https://a0.muscache.com/im/pictures/8f1fa2db-39be-450d-8120-62dd2313bf09.jpg?im_w=720');
INSERT INTO IMAGE (IMAGE_ID, ACCOMODATION_ID, IMAGE_URL) VALUES (4711, 243, 'https://a0.muscache.com/im/pictures/17a37cfb-5dcc-4970-8e0e-d586ef7ed85f.jpg?im_w=720');

INSERT INTO LOCATION (LOCATION_ID, LOCATION_NAME, COUNTRY, REGION, CITY, LATITUDE, LONGITUDE) VALUES (244, '지명244', ' 한국', ' 서울', 'Songpa-gu', 37.48197, 127.12488);
INSERT INTO ACCOMODATION (`ACCOMODATION_ID`, `LOCATION_ID`, `ACCOMODATION_NAME`, `HOST_NAME`, `DISCRIPTION`, `ACCOMODATION_TYPE`, `PRICE`, `MAXIMUM_OCCUPANCY`, `AVERAGE_POINT`, `BED_ROOM`, `BATH_ROOM`, `BED_COUNT`,`OPTION`) VALUES (244, 244, '♥격리♥ #문정(장지)역 COZY house', '호스트244', '설명244', '집 전체', 883383, 3, 2.2, 1, 1,1, '주방,무선 인터넷,에어컨,헤어드라이어');
INSERT INTO IMAGE (IMAGE_ID, ACCOMODATION_ID, IMAGE_URL) VALUES (4712, 244, 'https://a0.muscache.com/im/pictures/3599ecf1-0626-4ce4-9dd6-76d1439d89e5.jpg?im_w=720');
INSERT INTO IMAGE (IMAGE_ID, ACCOMODATION_ID, IMAGE_URL) VALUES (4713, 244, 'https://a0.muscache.com/im/pictures/aac6f379-1945-4af4-8d9f-1c5540fa83d1.jpg?im_w=720');
INSERT INTO IMAGE (IMAGE_ID, ACCOMODATION_ID, IMAGE_URL) VALUES (4714, 244, 'https://a0.muscache.com/im/pictures/0ef87d6d-9c4c-4d36-9438-48df72ed255e.jpg?im_w=720');
INSERT INTO IMAGE (IMAGE_ID, ACCOMODATION_ID, IMAGE_URL) VALUES (4715, 244, 'https://a0.muscache.com/im/pictures/3582496f-56c3-47f8-a1ff-922c39b728a9.jpg?im_w=720');
INSERT INTO IMAGE (IMAGE_ID, ACCOMODATION_ID, IMAGE_URL) VALUES (4716, 244, 'https://a0.muscache.com/im/pictures/acaa3d22-9869-45b4-a0f2-8a2875cb54ee.jpg?im_w=720');
INSERT INTO IMAGE (IMAGE_ID, ACCOMODATION_ID, IMAGE_URL) VALUES (4717, 244, 'https://a0.muscache.com/im/pictures/438b0903-4753-436e-bd86-ccc78bb61f36.jpg?im_w=720');
INSERT INTO IMAGE (IMAGE_ID, ACCOMODATION_ID, IMAGE_URL) VALUES (4718, 244, 'https://a0.muscache.com/im/pictures/miso/Hosting-44500858/original/c70a7ab1-b3ff-484b-9981-ae86d2f0c0db.jpeg?im_w=720');
INSERT INTO IMAGE (IMAGE_ID, ACCOMODATION_ID, IMAGE_URL) VALUES (4719, 244, 'https://a0.muscache.com/im/pictures/858fb24f-ad9c-4f70-948c-b6fc4dc32c49.jpg?im_w=720');
INSERT INTO IMAGE (IMAGE_ID, ACCOMODATION_ID, IMAGE_URL) VALUES (4720, 244, 'https://a0.muscache.com/im/pictures/57e91ce9-4e92-44a0-bb15-843bbe9c3bbf.jpg?im_w=720');
INSERT INTO IMAGE (IMAGE_ID, ACCOMODATION_ID, IMAGE_URL) VALUES (4721, 244, 'https://a0.muscache.com/im/pictures/626bd3c7-c8b4-4fef-a4d9-6c9f25c0d4fd.jpg?im_w=720');
INSERT INTO IMAGE (IMAGE_ID, ACCOMODATION_ID, IMAGE_URL) VALUES (4722, 244, 'https://a0.muscache.com/im/pictures/2faa847c-b318-4fc8-96cd-4ff8bbf4c9f6.jpg?im_w=720');
INSERT INTO IMAGE (IMAGE_ID, ACCOMODATION_ID, IMAGE_URL) VALUES (4723, 244, 'https://a0.muscache.com/im/pictures/ac4f47ac-7500-4c98-9a74-f39b63e23550.jpg?im_w=720');
INSERT INTO IMAGE (IMAGE_ID, ACCOMODATION_ID, IMAGE_URL) VALUES (4724, 244, 'https://a0.muscache.com/im/pictures/ed9884eb-c4e3-410e-89df-cbd9048eae0c.jpg?im_w=720');
INSERT INTO IMAGE (IMAGE_ID, ACCOMODATION_ID, IMAGE_URL) VALUES (4725, 244, 'https://a0.muscache.com/im/pictures/3cc2b7bd-6cad-4d77-9550-7a73b5735f67.jpg?im_w=720');
INSERT INTO IMAGE (IMAGE_ID, ACCOMODATION_ID, IMAGE_URL) VALUES (4726, 244, 'https://a0.muscache.com/im/pictures/dd328676-4e42-4907-9379-81be19ff2de9.jpg?im_w=720');
INSERT INTO IMAGE (IMAGE_ID, ACCOMODATION_ID, IMAGE_URL) VALUES (4727, 244, 'https://a0.muscache.com/im/pictures/9355be7b-24bd-496b-a316-722823110789.jpg?im_w=720');
INSERT INTO IMAGE (IMAGE_ID, ACCOMODATION_ID, IMAGE_URL) VALUES (4728, 244, 'https://a0.muscache.com/im/pictures/13dd27fa-249c-4769-9920-db47eda10217.jpg?im_w=720');
INSERT INTO IMAGE (IMAGE_ID, ACCOMODATION_ID, IMAGE_URL) VALUES (4729, 244, 'https://a0.muscache.com/im/pictures/0cc66f98-b1c8-491c-8915-76e6b9281d0c.jpg?im_w=720');
INSERT INTO IMAGE (IMAGE_ID, ACCOMODATION_ID, IMAGE_URL) VALUES (4730, 244, 'https://a0.muscache.com/im/pictures/d6608d29-1972-4954-99bc-87827406e5b4.jpg?im_w=720');
INSERT INTO IMAGE (IMAGE_ID, ACCOMODATION_ID, IMAGE_URL) VALUES (4731, 244, 'https://a0.muscache.com/im/pictures/5db78263-c72d-4cae-b8a3-f299014cfb32.jpg?im_w=720');
INSERT INTO IMAGE (IMAGE_ID, ACCOMODATION_ID, IMAGE_URL) VALUES (4732, 244, 'https://a0.muscache.com/im/pictures/91fe13b9-14fe-40cb-a643-568130496d35.jpg?im_w=720');
INSERT INTO IMAGE (IMAGE_ID, ACCOMODATION_ID, IMAGE_URL) VALUES (4733, 244, 'https://a0.muscache.com/im/pictures/125a3719-c5ca-47a1-a59d-a518455c8e51.jpg?im_w=720');
INSERT INTO IMAGE (IMAGE_ID, ACCOMODATION_ID, IMAGE_URL) VALUES (4734, 244, 'https://a0.muscache.com/im/pictures/90f3b1fb-8d09-40f3-bd9c-99df8e9df335.jpg?im_w=720');
INSERT INTO IMAGE (IMAGE_ID, ACCOMODATION_ID, IMAGE_URL) VALUES (4735, 244, 'https://a0.muscache.com/im/pictures/ad654f0c-0d1c-40d6-aa95-0640dceb3373.jpg?im_w=720');
INSERT INTO IMAGE (IMAGE_ID, ACCOMODATION_ID, IMAGE_URL) VALUES (4736, 244, 'https://a0.muscache.com/im/pictures/8a0c7afe-efb9-49ea-b41e-3c294f52d4b8.jpg?im_w=720');
INSERT INTO IMAGE (IMAGE_ID, ACCOMODATION_ID, IMAGE_URL) VALUES (4737, 244, 'https://a0.muscache.com/im/pictures/ea75e8ef-a33e-4471-978e-bbb4539476f7.jpg?im_w=720');
INSERT INTO IMAGE (IMAGE_ID, ACCOMODATION_ID, IMAGE_URL) VALUES (4738, 244, 'https://a0.muscache.com/im/pictures/c1807080-7d5b-4bc0-b191-04d7928b9817.jpg?im_w=720');
INSERT INTO IMAGE (IMAGE_ID, ACCOMODATION_ID, IMAGE_URL) VALUES (4739, 244, 'https://a0.muscache.com/im/pictures/f5c4c653-ad6c-4299-ba1b-de9c6ad3530d.jpg?im_w=720');
INSERT INTO IMAGE (IMAGE_ID, ACCOMODATION_ID, IMAGE_URL) VALUES (4740, 244, 'https://a0.muscache.com/im/pictures/38e92ee1-2ed1-4037-bd28-4db265a97abf.jpg?im_w=720');
INSERT INTO IMAGE (IMAGE_ID, ACCOMODATION_ID, IMAGE_URL) VALUES (4741, 244, 'https://a0.muscache.com/im/pictures/39ef84a9-566c-467b-975d-ef7ea16abe3e.jpg?im_w=720');

INSERT INTO LOCATION (LOCATION_ID, LOCATION_NAME, COUNTRY, REGION, CITY, LATITUDE, LONGITUDE) VALUES (245, '지명245', ' 한국', ' 서울', 'Songpa-gu', 37.48618, 127.11833);
INSERT INTO ACCOMODATION (`ACCOMODATION_ID`, `LOCATION_ID`, `ACCOMODATION_NAME`, `HOST_NAME`, `DISCRIPTION`, `ACCOMODATION_TYPE`, `PRICE`, `MAXIMUM_OCCUPANCY`, `AVERAGE_POINT`, `BED_ROOM`, `BATH_ROOM`, `BED_COUNT`,`OPTION`) VALUES (245, 245, '[Open Sale] 3rd Joo’s house에 오신 걸 환영합니다.', '호스트245', '설명245', '집 전체', 838008, 2, 7.7, 1, 1,1, '주방,무선 인터넷,에어컨,헤어드라이어');
INSERT INTO IMAGE (IMAGE_ID, ACCOMODATION_ID, IMAGE_URL) VALUES (4742, 245, 'https://a0.muscache.com/im/pictures/96b631bb-dede-45d2-bc3d-71118e9cc2bb.jpg?im_w=720');
INSERT INTO IMAGE (IMAGE_ID, ACCOMODATION_ID, IMAGE_URL) VALUES (4743, 245, 'https://a0.muscache.com/im/pictures/ab57b05a-7647-4218-872e-e083a789239e.jpg?im_w=720');
INSERT INTO IMAGE (IMAGE_ID, ACCOMODATION_ID, IMAGE_URL) VALUES (4744, 245, 'https://a0.muscache.com/im/pictures/3418e775-6145-4e59-afbe-a6875de819f9.jpg?im_w=720');
INSERT INTO IMAGE (IMAGE_ID, ACCOMODATION_ID, IMAGE_URL) VALUES (4745, 245, 'https://a0.muscache.com/im/pictures/6c0f05e6-b9db-4af3-878e-71c61d56f5d4.jpg?im_w=720');
INSERT INTO IMAGE (IMAGE_ID, ACCOMODATION_ID, IMAGE_URL) VALUES (4746, 245, 'https://a0.muscache.com/im/pictures/5c2be9be-a7b6-436b-bf2d-a3cd7673bbd1.jpg?im_w=720');
INSERT INTO IMAGE (IMAGE_ID, ACCOMODATION_ID, IMAGE_URL) VALUES (4747, 245, 'https://a0.muscache.com/im/pictures/1c5dbe5d-13f4-4a3d-a6be-d95859bf416c.jpg?im_w=720');
INSERT INTO IMAGE (IMAGE_ID, ACCOMODATION_ID, IMAGE_URL) VALUES (4748, 245, 'https://a0.muscache.com/im/pictures/a2841fc5-3935-4835-8276-f62e45e4d6ae.jpg?im_w=720');
INSERT INTO IMAGE (IMAGE_ID, ACCOMODATION_ID, IMAGE_URL) VALUES (4749, 245, 'https://a0.muscache.com/im/pictures/ad5799c9-b654-449e-9c9c-ab80594353d7.jpg?im_w=720');
INSERT INTO IMAGE (IMAGE_ID, ACCOMODATION_ID, IMAGE_URL) VALUES (4750, 245, 'https://a0.muscache.com/im/pictures/fa05c3a7-a959-4ea6-817d-fe0dc96029ad.jpg?im_w=720');
INSERT INTO IMAGE (IMAGE_ID, ACCOMODATION_ID, IMAGE_URL) VALUES (4751, 245, 'https://a0.muscache.com/im/pictures/e612fd97-490b-4288-acbe-44e472b59c05.jpg?im_w=720');
INSERT INTO IMAGE (IMAGE_ID, ACCOMODATION_ID, IMAGE_URL) VALUES (4752, 245, 'https://a0.muscache.com/im/pictures/77573a73-626c-4223-b9ff-492939dc8f14.jpg?im_w=720');
INSERT INTO IMAGE (IMAGE_ID, ACCOMODATION_ID, IMAGE_URL) VALUES (4753, 245, 'https://a0.muscache.com/im/pictures/30989c7d-64d0-4c5b-8f77-b97104c87d94.jpg?im_w=720');
INSERT INTO IMAGE (IMAGE_ID, ACCOMODATION_ID, IMAGE_URL) VALUES (4754, 245, 'https://a0.muscache.com/im/pictures/bd30bc1c-881f-4dc6-8273-31fbf723ee13.jpg?im_w=720');
INSERT INTO IMAGE (IMAGE_ID, ACCOMODATION_ID, IMAGE_URL) VALUES (4755, 245, 'https://a0.muscache.com/im/pictures/e3542533-4f84-475e-8809-143e90889fbe.jpg?im_w=720');
INSERT INTO IMAGE (IMAGE_ID, ACCOMODATION_ID, IMAGE_URL) VALUES (4756, 245, 'https://a0.muscache.com/im/pictures/65a769ad-a05f-4fa3-bbcc-5341cd533950.jpg?im_w=720');
INSERT INTO IMAGE (IMAGE_ID, ACCOMODATION_ID, IMAGE_URL) VALUES (4757, 245, 'https://a0.muscache.com/im/pictures/bf8f8159-42fb-47d3-8f05-cf8f0112acd4.jpg?im_w=720');
INSERT INTO IMAGE (IMAGE_ID, ACCOMODATION_ID, IMAGE_URL) VALUES (4758, 245, 'https://a0.muscache.com/im/pictures/1bdabd5c-87e2-4ae4-b8c9-1edc6879e50b.jpg?im_w=720');
INSERT INTO IMAGE (IMAGE_ID, ACCOMODATION_ID, IMAGE_URL) VALUES (4759, 245, 'https://a0.muscache.com/im/pictures/a74ce3b0-492d-4028-9d7b-5b67fe2a1693.jpg?im_w=720');
INSERT INTO IMAGE (IMAGE_ID, ACCOMODATION_ID, IMAGE_URL) VALUES (4760, 245, 'https://a0.muscache.com/im/pictures/71fdf6d9-0cad-4acb-9a23-a369a60462fd.jpg?im_w=720');
INSERT INTO IMAGE (IMAGE_ID, ACCOMODATION_ID, IMAGE_URL) VALUES (4761, 245, 'https://a0.muscache.com/im/pictures/8d5f6592-a52c-47a0-b8f2-e0832f1a0dd5.jpg?im_w=720');
INSERT INTO IMAGE (IMAGE_ID, ACCOMODATION_ID, IMAGE_URL) VALUES (4762, 245, 'https://a0.muscache.com/im/pictures/b7eb46d8-c4f1-4aae-839f-804579290de9.jpg?im_w=720');
INSERT INTO IMAGE (IMAGE_ID, ACCOMODATION_ID, IMAGE_URL) VALUES (4763, 245, 'https://a0.muscache.com/im/pictures/167a232b-95b0-4efa-a1a5-306796ee9792.jpg?im_w=720');
INSERT INTO IMAGE (IMAGE_ID, ACCOMODATION_ID, IMAGE_URL) VALUES (4764, 245, 'https://a0.muscache.com/im/pictures/6ed5ba0c-04a5-44e1-9a89-cfc5f6d079df.jpg?im_w=720');
INSERT INTO IMAGE (IMAGE_ID, ACCOMODATION_ID, IMAGE_URL) VALUES (4765, 245, 'https://a0.muscache.com/im/pictures/486f330e-af5f-4f2b-9701-8fa90d3cd054.jpg?im_w=720');
INSERT INTO IMAGE (IMAGE_ID, ACCOMODATION_ID, IMAGE_URL) VALUES (4766, 245, 'https://a0.muscache.com/im/pictures/5e500570-9eb2-47dc-87e1-4abdc5f64157.jpg?im_w=720');
INSERT INTO IMAGE (IMAGE_ID, ACCOMODATION_ID, IMAGE_URL) VALUES (4767, 245, 'https://a0.muscache.com/im/pictures/1c6333ea-bcaa-4185-939d-02a4759b0e8b.jpg?im_w=720');
INSERT INTO IMAGE (IMAGE_ID, ACCOMODATION_ID, IMAGE_URL) VALUES (4768, 245, 'https://a0.muscache.com/im/pictures/b32ea8a5-7f5f-407c-9f43-65a9d8f8892b.jpg?im_w=720');
INSERT INTO IMAGE (IMAGE_ID, ACCOMODATION_ID, IMAGE_URL) VALUES (4769, 245, 'https://a0.muscache.com/im/pictures/66e9c295-9983-4d60-83a5-c543d183baed.jpg?im_w=720');
INSERT INTO IMAGE (IMAGE_ID, ACCOMODATION_ID, IMAGE_URL) VALUES (4770, 245, 'https://a0.muscache.com/im/pictures/22a8a3fc-b0a7-4c07-8b6f-190f4995ea6c.jpg?im_w=720');
INSERT INTO IMAGE (IMAGE_ID, ACCOMODATION_ID, IMAGE_URL) VALUES (4771, 245, 'https://a0.muscache.com/im/pictures/451f64c1-047c-480d-8ba2-80b6e6bf7d6b.jpg?im_w=720');

INSERT INTO LOCATION (LOCATION_ID, LOCATION_NAME, COUNTRY, REGION, CITY, LATITUDE, LONGITUDE) VALUES (246, '지명246', ' 한국', ' 서울', '강남구', 37.49344, 127.08365);
INSERT INTO ACCOMODATION (`ACCOMODATION_ID`, `LOCATION_ID`, `ACCOMODATION_NAME`, `HOST_NAME`, `DISCRIPTION`, `ACCOMODATION_TYPE`, `PRICE`, `MAXIMUM_OCCUPANCY`, `AVERAGE_POINT`, `BED_ROOM`, `BATH_ROOM`, `BED_COUNT`,`OPTION`) VALUES (246, 246, '삼성병원/Coex 근처 테라스가 예쁜 2층방', '호스트246', '설명246', '집 전체', 940534, 3, 3.4, 2, 1,2, '주방,무선 인터넷,에어컨,헤어드라이어');
INSERT INTO IMAGE (IMAGE_ID, ACCOMODATION_ID, IMAGE_URL) VALUES (4772, 246, 'https://a0.muscache.com/im/pictures/20d1bf63-4036-43ab-8bea-781f0f7b6696.jpg?im_w=720');
INSERT INTO IMAGE (IMAGE_ID, ACCOMODATION_ID, IMAGE_URL) VALUES (4773, 246, 'https://a0.muscache.com/im/pictures/6d567d62-430d-4835-b0f3-214ec1bcb97e.jpg?im_w=720');
INSERT INTO IMAGE (IMAGE_ID, ACCOMODATION_ID, IMAGE_URL) VALUES (4774, 246, 'https://a0.muscache.com/im/pictures/443e228f-ad50-4e41-8350-c8c7c01bbec4.jpg?im_w=720');
INSERT INTO IMAGE (IMAGE_ID, ACCOMODATION_ID, IMAGE_URL) VALUES (4775, 246, 'https://a0.muscache.com/im/pictures/6ded254e-6ba3-4fc5-9e3a-d2127a0f3b28.jpg?im_w=720');
INSERT INTO IMAGE (IMAGE_ID, ACCOMODATION_ID, IMAGE_URL) VALUES (4776, 246, 'https://a0.muscache.com/im/pictures/2650105f-4248-4dc7-a074-5ba126c1b50c.jpg?im_w=720');
INSERT INTO IMAGE (IMAGE_ID, ACCOMODATION_ID, IMAGE_URL) VALUES (4777, 246, 'https://a0.muscache.com/im/pictures/06504a75-e264-4a67-84da-540e1dcb0a67.jpg?im_w=720');
INSERT INTO IMAGE (IMAGE_ID, ACCOMODATION_ID, IMAGE_URL) VALUES (4778, 246, 'https://a0.muscache.com/im/pictures/3870d415-63d8-4a6b-a514-1c48576d7d9b.jpg?im_w=720');
INSERT INTO IMAGE (IMAGE_ID, ACCOMODATION_ID, IMAGE_URL) VALUES (4779, 246, 'https://a0.muscache.com/im/pictures/b5e893f5-e73d-463c-b32f-d58d530351f7.jpg?im_w=720');
INSERT INTO IMAGE (IMAGE_ID, ACCOMODATION_ID, IMAGE_URL) VALUES (4780, 246, 'https://a0.muscache.com/im/pictures/a22e57aa-8d89-4961-a83a-d150b775fb20.jpg?im_w=720');
INSERT INTO IMAGE (IMAGE_ID, ACCOMODATION_ID, IMAGE_URL) VALUES (4781, 246, 'https://a0.muscache.com/im/pictures/bd35b414-4162-48b3-aba2-9c33e11ff811.jpg?im_w=720');
INSERT INTO IMAGE (IMAGE_ID, ACCOMODATION_ID, IMAGE_URL) VALUES (4782, 246, 'https://a0.muscache.com/im/pictures/b4dae2ad-9851-49d5-93c9-80fa7eb3c43c.jpg?im_w=720');
INSERT INTO IMAGE (IMAGE_ID, ACCOMODATION_ID, IMAGE_URL) VALUES (4783, 246, 'https://a0.muscache.com/im/pictures/dd786771-3540-4e6a-b7a1-1788c9479d63.jpg?im_w=720');
INSERT INTO IMAGE (IMAGE_ID, ACCOMODATION_ID, IMAGE_URL) VALUES (4784, 246, 'https://a0.muscache.com/im/pictures/65873fb1-a990-4bcd-929b-beff2a47e905.jpg?im_w=720');
INSERT INTO IMAGE (IMAGE_ID, ACCOMODATION_ID, IMAGE_URL) VALUES (4785, 246, 'https://a0.muscache.com/im/pictures/1b79ea63-4d86-4dba-968d-7ddea13de9ae.jpg?im_w=720');
INSERT INTO IMAGE (IMAGE_ID, ACCOMODATION_ID, IMAGE_URL) VALUES (4786, 246, 'https://a0.muscache.com/im/pictures/1bdb2ed6-bcc5-4fd5-aa2c-a8b6f27da9bc.jpg?im_w=720');
INSERT INTO IMAGE (IMAGE_ID, ACCOMODATION_ID, IMAGE_URL) VALUES (4787, 246, 'https://a0.muscache.com/im/pictures/07e6c2f1-1298-41b8-805b-4b842af34186.jpg?im_w=720');
INSERT INTO IMAGE (IMAGE_ID, ACCOMODATION_ID, IMAGE_URL) VALUES (4788, 246, 'https://a0.muscache.com/im/pictures/f1fc68e6-fc8f-4d2b-a9f6-46e7e12d04df.jpg?im_w=720');
INSERT INTO IMAGE (IMAGE_ID, ACCOMODATION_ID, IMAGE_URL) VALUES (4789, 246, 'https://a0.muscache.com/im/pictures/357e5512-1884-497e-92d4-881d1bbf7c0a.jpg?im_w=720');
INSERT INTO IMAGE (IMAGE_ID, ACCOMODATION_ID, IMAGE_URL) VALUES (4790, 246, 'https://a0.muscache.com/im/pictures/88b26405-e70b-4cef-b367-3ea1324ce15f.jpg?im_w=720');
INSERT INTO IMAGE (IMAGE_ID, ACCOMODATION_ID, IMAGE_URL) VALUES (4791, 246, 'https://a0.muscache.com/im/pictures/f370dbc9-f643-4d25-8f0e-f9838ad36502.jpg?im_w=720');
INSERT INTO IMAGE (IMAGE_ID, ACCOMODATION_ID, IMAGE_URL) VALUES (4792, 246, 'https://a0.muscache.com/im/pictures/9091bb81-52a8-49ac-8d9c-1e14e62a410d.jpg?im_w=720');
INSERT INTO IMAGE (IMAGE_ID, ACCOMODATION_ID, IMAGE_URL) VALUES (4793, 246, 'https://a0.muscache.com/im/pictures/da4ce6d2-4162-4669-83d3-3a29f000116b.jpg?im_w=720');
INSERT INTO IMAGE (IMAGE_ID, ACCOMODATION_ID, IMAGE_URL) VALUES (4794, 246, 'https://a0.muscache.com/im/pictures/f61b04e4-6e24-4e7a-b155-ecccb6b69ca8.jpg?im_w=720');
INSERT INTO IMAGE (IMAGE_ID, ACCOMODATION_ID, IMAGE_URL) VALUES (4795, 246, 'https://a0.muscache.com/im/pictures/1d3a9ddf-93b7-459f-863e-a940f536b24d.jpg?im_w=720');
INSERT INTO IMAGE (IMAGE_ID, ACCOMODATION_ID, IMAGE_URL) VALUES (4796, 246, 'https://a0.muscache.com/im/pictures/01593698-3e12-4ce2-af4b-087d202856a7.jpg?im_w=720');
INSERT INTO IMAGE (IMAGE_ID, ACCOMODATION_ID, IMAGE_URL) VALUES (4797, 246, 'https://a0.muscache.com/im/pictures/990c3467-be10-4a9f-9dc0-06398ac37330.jpg?im_w=720');
INSERT INTO IMAGE (IMAGE_ID, ACCOMODATION_ID, IMAGE_URL) VALUES (4798, 246, 'https://a0.muscache.com/im/pictures/96e9d692-b77f-46fe-aeb8-3892564021fc.jpg?im_w=720');
INSERT INTO IMAGE (IMAGE_ID, ACCOMODATION_ID, IMAGE_URL) VALUES (4799, 246, 'https://a0.muscache.com/im/pictures/f08681a0-2a43-49f9-822e-edc088ad3651.jpg?im_w=720');
INSERT INTO IMAGE (IMAGE_ID, ACCOMODATION_ID, IMAGE_URL) VALUES (4800, 246, 'https://a0.muscache.com/im/pictures/bf4a8199-7092-45d0-9ae7-090f60cbb104.jpg?im_w=720');
INSERT INTO IMAGE (IMAGE_ID, ACCOMODATION_ID, IMAGE_URL) VALUES (4801, 246, 'https://a0.muscache.com/im/pictures/a2fd1504-824c-4b21-bd37-7faccadcc4a4.jpg?im_w=720');

INSERT INTO LOCATION (LOCATION_ID, LOCATION_NAME, COUNTRY, REGION, CITY, LATITUDE, LONGITUDE) VALUES (247, '지명247', ' 한국', ' 서울', 'Songpa-gu', 37.48509, 127.12198);
INSERT INTO ACCOMODATION (`ACCOMODATION_ID`, `LOCATION_ID`, `ACCOMODATION_NAME`, `HOST_NAME`, `DISCRIPTION`, `ACCOMODATION_TYPE`, `PRICE`, `MAXIMUM_OCCUPANCY`, `AVERAGE_POINT`, `BED_ROOM`, `BATH_ROOM`, `BED_COUNT`,`OPTION`) VALUES (247, 247, '[J1 Studio #1] 잠실/송파) 문정역 연결 - 도보1분 ▶Netflix_장기할인', '호스트247', '설명247', '집 전체', 645484, 3, 3.6, 0, 1,0, '주방,무선 인터넷,에어컨,헤어드라이어');
INSERT INTO IMAGE (IMAGE_ID, ACCOMODATION_ID, IMAGE_URL) VALUES (4802, 247, 'https://a0.muscache.com/im/pictures/2b26b513-c67d-467d-88cb-7bd78adc6716.jpg?im_w=720');
INSERT INTO IMAGE (IMAGE_ID, ACCOMODATION_ID, IMAGE_URL) VALUES (4803, 247, 'https://a0.muscache.com/im/pictures/8e68f4d7-2b90-4737-b9ab-819f85cdbc20.jpg?im_w=720');
INSERT INTO IMAGE (IMAGE_ID, ACCOMODATION_ID, IMAGE_URL) VALUES (4804, 247, 'https://a0.muscache.com/im/pictures/2aa0a5d4-ca37-418d-9f60-21c4c1a2acfc.jpg?im_w=720');
INSERT INTO IMAGE (IMAGE_ID, ACCOMODATION_ID, IMAGE_URL) VALUES (4805, 247, 'https://a0.muscache.com/im/pictures/1eb8a92a-49d3-4b4a-896b-b0edfb87411b.jpg?im_w=720');
INSERT INTO IMAGE (IMAGE_ID, ACCOMODATION_ID, IMAGE_URL) VALUES (4806, 247, 'https://a0.muscache.com/im/pictures/467acdcd-4fed-4f8f-bf6c-1b2c0640747c.jpg?im_w=720');
INSERT INTO IMAGE (IMAGE_ID, ACCOMODATION_ID, IMAGE_URL) VALUES (4807, 247, 'https://a0.muscache.com/im/pictures/5c7a5979-7efd-449d-a8aa-04bd2eb8c555.jpg?im_w=720');
INSERT INTO IMAGE (IMAGE_ID, ACCOMODATION_ID, IMAGE_URL) VALUES (4808, 247, 'https://a0.muscache.com/im/pictures/14047c9d-32c8-474e-83b6-7896690c569f.jpg?im_w=720');
INSERT INTO IMAGE (IMAGE_ID, ACCOMODATION_ID, IMAGE_URL) VALUES (4809, 247, 'https://a0.muscache.com/im/pictures/e9ce9386-b705-4a3d-a4a1-55040030c367.jpg?im_w=720');
INSERT INTO IMAGE (IMAGE_ID, ACCOMODATION_ID, IMAGE_URL) VALUES (4810, 247, 'https://a0.muscache.com/im/pictures/a3acef86-b089-4ef3-af1b-22c2beb7c481.jpg?im_w=720');
INSERT INTO IMAGE (IMAGE_ID, ACCOMODATION_ID, IMAGE_URL) VALUES (4811, 247, 'https://a0.muscache.com/im/pictures/27e43068-e6f6-4738-9d90-ef90d78ad390.jpg?im_w=720');
INSERT INTO IMAGE (IMAGE_ID, ACCOMODATION_ID, IMAGE_URL) VALUES (4812, 247, 'https://a0.muscache.com/im/pictures/54e98551-425c-49d2-90a3-ce7e60274a37.jpg?im_w=720');
INSERT INTO IMAGE (IMAGE_ID, ACCOMODATION_ID, IMAGE_URL) VALUES (4813, 247, 'https://a0.muscache.com/im/pictures/5067185e-0024-450a-8a3e-697050cef9ad.jpg?im_w=720');
INSERT INTO IMAGE (IMAGE_ID, ACCOMODATION_ID, IMAGE_URL) VALUES (4814, 247, 'https://a0.muscache.com/im/pictures/ccda612a-e379-42b9-9a59-6af1c5b3546a.jpg?im_w=720');
INSERT INTO IMAGE (IMAGE_ID, ACCOMODATION_ID, IMAGE_URL) VALUES (4815, 247, 'https://a0.muscache.com/im/pictures/f8292f5f-0423-48e6-b858-08e067c83477.jpg?im_w=720');
INSERT INTO IMAGE (IMAGE_ID, ACCOMODATION_ID, IMAGE_URL) VALUES (4816, 247, 'https://a0.muscache.com/im/pictures/1480d423-02c7-4290-8189-59246ae9b39e.jpg?im_w=720');
INSERT INTO IMAGE (IMAGE_ID, ACCOMODATION_ID, IMAGE_URL) VALUES (4817, 247, 'https://a0.muscache.com/im/pictures/8c2b1732-befe-422a-8a9f-9247f2c6f40c.jpg?im_w=720');
INSERT INTO IMAGE (IMAGE_ID, ACCOMODATION_ID, IMAGE_URL) VALUES (4818, 247, 'https://a0.muscache.com/im/pictures/d005fd9a-a7e3-4579-9251-16ec387c792e.jpg?im_w=720');
INSERT INTO IMAGE (IMAGE_ID, ACCOMODATION_ID, IMAGE_URL) VALUES (4819, 247, 'https://a0.muscache.com/im/pictures/52fa5589-cac8-4f2f-85f4-7ada73fb3eaa.jpg?im_w=720');
INSERT INTO IMAGE (IMAGE_ID, ACCOMODATION_ID, IMAGE_URL) VALUES (4820, 247, 'https://a0.muscache.com/im/pictures/53f2dcda-fc52-477d-9d23-fc31f8bc19d7.jpg?im_w=720');
INSERT INTO IMAGE (IMAGE_ID, ACCOMODATION_ID, IMAGE_URL) VALUES (4821, 247, 'https://a0.muscache.com/im/pictures/9713a3fa-2d62-48ab-a7c1-a82507670eb6.jpg?im_w=720');
INSERT INTO IMAGE (IMAGE_ID, ACCOMODATION_ID, IMAGE_URL) VALUES (4822, 247, 'https://a0.muscache.com/im/pictures/0fc01c23-4938-4d1c-aade-6ffec7fc7279.jpg?im_w=720');
INSERT INTO IMAGE (IMAGE_ID, ACCOMODATION_ID, IMAGE_URL) VALUES (4823, 247, 'https://a0.muscache.com/im/pictures/e1cd99a5-9cf1-4112-aecd-a5a158260c6c.jpg?im_w=720');
INSERT INTO IMAGE (IMAGE_ID, ACCOMODATION_ID, IMAGE_URL) VALUES (4824, 247, 'https://a0.muscache.com/im/pictures/19c04836-2e87-4f69-83d2-fa6d39dd8b91.jpg?im_w=720');
INSERT INTO IMAGE (IMAGE_ID, ACCOMODATION_ID, IMAGE_URL) VALUES (4825, 247, 'https://a0.muscache.com/im/pictures/5491bf5a-1b6d-43ed-834e-bc5fa23b56d9.jpg?im_w=720');
INSERT INTO IMAGE (IMAGE_ID, ACCOMODATION_ID, IMAGE_URL) VALUES (4826, 247, 'https://a0.muscache.com/im/pictures/b127bc6e-bf90-46ae-a15f-80ba5b5e9c79.jpg?im_w=720');
INSERT INTO IMAGE (IMAGE_ID, ACCOMODATION_ID, IMAGE_URL) VALUES (4827, 247, 'https://a0.muscache.com/im/pictures/fc250994-eebc-4467-b23a-97d263a5ee42.jpg?im_w=720');
INSERT INTO IMAGE (IMAGE_ID, ACCOMODATION_ID, IMAGE_URL) VALUES (4828, 247, 'https://a0.muscache.com/im/pictures/d0dd05d2-43fe-4e8a-b080-8a7e06a6b808.jpg?im_w=720');
INSERT INTO IMAGE (IMAGE_ID, ACCOMODATION_ID, IMAGE_URL) VALUES (4829, 247, 'https://a0.muscache.com/im/pictures/ac592ac2-1105-407b-97f3-4ed61058ebf1.jpg?im_w=720');
INSERT INTO IMAGE (IMAGE_ID, ACCOMODATION_ID, IMAGE_URL) VALUES (4830, 247, 'https://a0.muscache.com/im/pictures/78fe715c-e745-48ac-b1fe-9b5e1151738f.jpg?im_w=720');
INSERT INTO IMAGE (IMAGE_ID, ACCOMODATION_ID, IMAGE_URL) VALUES (4831, 247, 'https://a0.muscache.com/im/pictures/6c6aeda8-99f7-4053-9b46-3f400c6721f6.jpg?im_w=720');

INSERT INTO LOCATION (LOCATION_ID, LOCATION_NAME, COUNTRY, REGION, CITY, LATITUDE, LONGITUDE) VALUES (248, '지명248', ' 서울', ' Songpa-gu', 'Songpa 2(i)-dong', 37.50201, 127.11358);
INSERT INTO ACCOMODATION (`ACCOMODATION_ID`, `LOCATION_ID`, `ACCOMODATION_NAME`, `HOST_NAME`, `DISCRIPTION`, `ACCOMODATION_TYPE`, `PRICE`, `MAXIMUM_OCCUPANCY`, `AVERAGE_POINT`, `BED_ROOM`, `BATH_ROOM`, `BED_COUNT`,`OPTION`) VALUES (248, 248, 'Linas House2 두번째 리나의집
자가격리 어렵습니다', '호스트248', '설명248', '집 전체', 842702, 2, 1.9, 1, 1,1, '무선 인터넷,에어컨,헤어드라이어');
INSERT INTO IMAGE (IMAGE_ID, ACCOMODATION_ID, IMAGE_URL) VALUES (4832, 248, 'https://a0.muscache.com/im/pictures/fffb9941-3a8c-42e8-ac30-ec3fe2d20bf0.jpg?im_w=720');
INSERT INTO IMAGE (IMAGE_ID, ACCOMODATION_ID, IMAGE_URL) VALUES (4833, 248, 'https://a0.muscache.com/im/pictures/14dc8ff8-863a-489b-8eba-7b33db290d09.jpg?im_w=720');
INSERT INTO IMAGE (IMAGE_ID, ACCOMODATION_ID, IMAGE_URL) VALUES (4834, 248, 'https://a0.muscache.com/im/pictures/139fd75c-45fa-4fc7-9297-c7bbd061d2a0.jpg?im_w=720');
INSERT INTO IMAGE (IMAGE_ID, ACCOMODATION_ID, IMAGE_URL) VALUES (4835, 248, 'https://a0.muscache.com/im/pictures/756dc902-e998-4748-bc41-d4509785f8c4.jpg?im_w=720');
INSERT INTO IMAGE (IMAGE_ID, ACCOMODATION_ID, IMAGE_URL) VALUES (4836, 248, 'https://a0.muscache.com/im/pictures/dec46df4-992f-4134-9108-5b18fc2cc175.jpg?im_w=720');
INSERT INTO IMAGE (IMAGE_ID, ACCOMODATION_ID, IMAGE_URL) VALUES (4837, 248, 'https://a0.muscache.com/im/pictures/2d5143a5-f1c0-473d-beba-887886d9755c.jpg?im_w=720');
INSERT INTO IMAGE (IMAGE_ID, ACCOMODATION_ID, IMAGE_URL) VALUES (4838, 248, 'https://a0.muscache.com/im/pictures/4270bc12-bef5-4dbd-8262-4d9191ea6f78.jpg?im_w=720');
INSERT INTO IMAGE (IMAGE_ID, ACCOMODATION_ID, IMAGE_URL) VALUES (4839, 248, 'https://a0.muscache.com/im/pictures/13d34b3d-0f68-40f2-ae87-9f68ce9ec1f0.jpg?im_w=720');
INSERT INTO IMAGE (IMAGE_ID, ACCOMODATION_ID, IMAGE_URL) VALUES (4840, 248, 'https://a0.muscache.com/im/pictures/0ab0efbe-8dd1-4253-b3ff-cb99617fc0b1.jpg?im_w=720');
INSERT INTO IMAGE (IMAGE_ID, ACCOMODATION_ID, IMAGE_URL) VALUES (4841, 248, 'https://a0.muscache.com/im/pictures/34ae7e6a-844f-4c21-a5fd-e835bb1b3245.jpg?im_w=720');
INSERT INTO IMAGE (IMAGE_ID, ACCOMODATION_ID, IMAGE_URL) VALUES (4842, 248, 'https://a0.muscache.com/im/pictures/33b7f95a-fa5d-4714-9f60-0a03ec1a85db.jpg?im_w=720');
INSERT INTO IMAGE (IMAGE_ID, ACCOMODATION_ID, IMAGE_URL) VALUES (4843, 248, 'https://a0.muscache.com/im/pictures/90402cc8-423d-4e42-969e-6253f49f7ac5.jpg?im_w=720');
INSERT INTO IMAGE (IMAGE_ID, ACCOMODATION_ID, IMAGE_URL) VALUES (4844, 248, 'https://a0.muscache.com/im/pictures/c1f3a145-3665-457b-8c25-f3bf4b597878.jpg?im_w=720');
INSERT INTO IMAGE (IMAGE_ID, ACCOMODATION_ID, IMAGE_URL) VALUES (4845, 248, 'https://a0.muscache.com/im/pictures/465c578b-369c-42a7-86cf-41221ddb7a09.jpg?im_w=720');
INSERT INTO IMAGE (IMAGE_ID, ACCOMODATION_ID, IMAGE_URL) VALUES (4846, 248, 'https://a0.muscache.com/im/pictures/da3ecd3c-b22e-4cbb-b4bd-c0bebde32bfa.jpg?im_w=720');
INSERT INTO IMAGE (IMAGE_ID, ACCOMODATION_ID, IMAGE_URL) VALUES (4847, 248, 'https://a0.muscache.com/im/pictures/2531a01e-59ba-44ed-8698-e37aa6cc5c50.jpg?im_w=720');
INSERT INTO IMAGE (IMAGE_ID, ACCOMODATION_ID, IMAGE_URL) VALUES (4848, 248, 'https://a0.muscache.com/im/pictures/c2ce1e1e-7763-47ab-b2f0-029fcaee35b1.jpg?im_w=720');

INSERT INTO LOCATION (LOCATION_ID, LOCATION_NAME, COUNTRY, REGION, CITY, LATITUDE, LONGITUDE) VALUES (249, '지명249', ' 서울', ' Songpa-gu', 'Samjeon-dong', 37.50144, 127.0896);
INSERT INTO ACCOMODATION (`ACCOMODATION_ID`, `LOCATION_ID`, `ACCOMODATION_NAME`, `HOST_NAME`, `DISCRIPTION`, `ACCOMODATION_TYPE`, `PRICE`, `MAXIMUM_OCCUPANCY`, `AVERAGE_POINT`, `BED_ROOM`, `BATH_ROOM`, `BED_COUNT`,`OPTION`) VALUES (249, 249, '우아한 탄천 뷰 잠실 하우스 #가족여행 #종합운동장 #코엑스', '호스트249', '설명249', '집 전체', 17212, 3, 6.1, 2, 1,2, '주방,무선 인터넷,에어컨,헤어드라이어');
INSERT INTO IMAGE (IMAGE_ID, ACCOMODATION_ID, IMAGE_URL) VALUES (4849, 249, 'https://a0.muscache.com/im/pictures/1f1182f8-705b-4a53-9c73-05074d73e419.jpg?im_w=720');
INSERT INTO IMAGE (IMAGE_ID, ACCOMODATION_ID, IMAGE_URL) VALUES (4850, 249, 'https://a0.muscache.com/im/pictures/3f226024-775a-4b63-a04f-3c4dc55abdd6.jpg?im_w=720');
INSERT INTO IMAGE (IMAGE_ID, ACCOMODATION_ID, IMAGE_URL) VALUES (4851, 249, 'https://a0.muscache.com/im/pictures/791c3999-3237-47bf-9b40-be228ac580fb.jpg?im_w=720');
INSERT INTO IMAGE (IMAGE_ID, ACCOMODATION_ID, IMAGE_URL) VALUES (4852, 249, 'https://a0.muscache.com/im/pictures/b835bede-fd31-4e15-97f1-cb495d28f835.jpg?im_w=720');
INSERT INTO IMAGE (IMAGE_ID, ACCOMODATION_ID, IMAGE_URL) VALUES (4853, 249, 'https://a0.muscache.com/im/pictures/c573ea75-eec9-4306-8fce-0be94833bd55.jpg?im_w=720');
INSERT INTO IMAGE (IMAGE_ID, ACCOMODATION_ID, IMAGE_URL) VALUES (4854, 249, 'https://a0.muscache.com/im/pictures/83aa3f81-bd6a-401d-b755-cc868144ecaf.jpg?im_w=720');
INSERT INTO IMAGE (IMAGE_ID, ACCOMODATION_ID, IMAGE_URL) VALUES (4855, 249, 'https://a0.muscache.com/im/pictures/ec772cfb-5a49-462e-9033-a1b229d81822.jpg?im_w=720');
INSERT INTO IMAGE (IMAGE_ID, ACCOMODATION_ID, IMAGE_URL) VALUES (4856, 249, 'https://a0.muscache.com/im/pictures/d9766ffe-b0e7-4b12-acf2-fe55bae53f85.jpg?im_w=720');
INSERT INTO IMAGE (IMAGE_ID, ACCOMODATION_ID, IMAGE_URL) VALUES (4857, 249, 'https://a0.muscache.com/im/pictures/ede1de16-72f1-455b-b80b-e5e4d0a71e41.jpg?im_w=720');
INSERT INTO IMAGE (IMAGE_ID, ACCOMODATION_ID, IMAGE_URL) VALUES (4858, 249, 'https://a0.muscache.com/im/pictures/7cdfd15b-4b1c-484f-988d-5b8d6fc425fc.jpg?im_w=720');
INSERT INTO IMAGE (IMAGE_ID, ACCOMODATION_ID, IMAGE_URL) VALUES (4859, 249, 'https://a0.muscache.com/im/pictures/d332cddd-dd0a-462c-ac97-e29b09512d86.jpg?im_w=720');
INSERT INTO IMAGE (IMAGE_ID, ACCOMODATION_ID, IMAGE_URL) VALUES (4860, 249, 'https://a0.muscache.com/im/pictures/247bd57a-48fe-4c5d-a531-055bac4748d7.jpg?im_w=720');

INSERT INTO LOCATION (LOCATION_ID, LOCATION_NAME, COUNTRY, REGION, CITY, LATITUDE, LONGITUDE) VALUES (250, '지명250', ' 한국', ' 서울', '강남구', 37.4912, 127.08223);
INSERT INTO ACCOMODATION (`ACCOMODATION_ID`, `LOCATION_ID`, `ACCOMODATION_NAME`, `HOST_NAME`, `DISCRIPTION`, `ACCOMODATION_TYPE`, `PRICE`, `MAXIMUM_OCCUPANCY`, `AVERAGE_POINT`, `BED_ROOM`, `BATH_ROOM`, `BED_COUNT`,`OPTION`) VALUES (250, 250, '강남 파크뷰 near 삼성의료원/COEX', '호스트250', '설명250', '집 전체', 130294, 3, 1.6, 1, 1,1, '주방,무선 인터넷,에어컨,헤어드라이어');
INSERT INTO IMAGE (IMAGE_ID, ACCOMODATION_ID, IMAGE_URL) VALUES (4861, 250, 'https://a0.muscache.com/im/pictures/323a3333-9ca0-4553-8439-29979dd3c6ed.jpg?im_w=720');
INSERT INTO IMAGE (IMAGE_ID, ACCOMODATION_ID, IMAGE_URL) VALUES (4862, 250, 'https://a0.muscache.com/im/pictures/0891b61f-02ac-4961-a77c-5c21f85788c3.jpg?im_w=720');
INSERT INTO IMAGE (IMAGE_ID, ACCOMODATION_ID, IMAGE_URL) VALUES (4863, 250, 'https://a0.muscache.com/im/pictures/1c180751-1c5d-437a-8712-5b064c0db0f9.jpg?im_w=720');
INSERT INTO IMAGE (IMAGE_ID, ACCOMODATION_ID, IMAGE_URL) VALUES (4864, 250, 'https://a0.muscache.com/im/pictures/77516d60-0a1f-453f-8417-40589d14d167.jpg?im_w=720');
INSERT INTO IMAGE (IMAGE_ID, ACCOMODATION_ID, IMAGE_URL) VALUES (4865, 250, 'https://a0.muscache.com/im/pictures/1573f911-e1bc-4fff-a68f-bd2bdd738b16.jpg?im_w=720');
INSERT INTO IMAGE (IMAGE_ID, ACCOMODATION_ID, IMAGE_URL) VALUES (4866, 250, 'https://a0.muscache.com/im/pictures/b0cd6f19-5b8f-450c-ab0b-ba96724f2e19.jpg?im_w=720');
INSERT INTO IMAGE (IMAGE_ID, ACCOMODATION_ID, IMAGE_URL) VALUES (4867, 250, 'https://a0.muscache.com/im/pictures/29a831d5-a7ca-4be1-b451-ebe3122f84ad.jpg?im_w=720');
INSERT INTO IMAGE (IMAGE_ID, ACCOMODATION_ID, IMAGE_URL) VALUES (4868, 250, 'https://a0.muscache.com/im/pictures/dd3d4b03-b1c5-4fb1-9d61-0db6860aca3a.jpg?im_w=720');
INSERT INTO IMAGE (IMAGE_ID, ACCOMODATION_ID, IMAGE_URL) VALUES (4869, 250, 'https://a0.muscache.com/im/pictures/52d8504f-eebd-4ff7-a65c-b8dca1a53e9a.jpg?im_w=720');
INSERT INTO IMAGE (IMAGE_ID, ACCOMODATION_ID, IMAGE_URL) VALUES (4870, 250, 'https://a0.muscache.com/im/pictures/af256d2a-55e5-428d-aac4-3062612ecc0e.jpg?im_w=720');
INSERT INTO IMAGE (IMAGE_ID, ACCOMODATION_ID, IMAGE_URL) VALUES (4871, 250, 'https://a0.muscache.com/im/pictures/19ca89e9-24a0-4b69-a15f-40a707a9e5e8.jpg?im_w=720');
INSERT INTO IMAGE (IMAGE_ID, ACCOMODATION_ID, IMAGE_URL) VALUES (4872, 250, 'https://a0.muscache.com/im/pictures/e2f545e2-2051-453c-8c40-bee7bc766421.jpg?im_w=720');
