--LOCATION
INSERT INTO LOCATION (LOCATION_ID, LOCATION_NAME, COUNTRY, REGION, CITY, LATITUDE, LONGITUDE) VALUES (1, '코드 스쿼드1', '한국', '서울시', '강남구', 1, 1);
INSERT INTO LOCATION (LOCATION_ID, LOCATION_NAME, COUNTRY, REGION, CITY, LATITUDE, LONGITUDE) VALUES (2, '코드 스쿼드2', '한국', '서울시', '강남구', 2, 2);
INSERT INTO LOCATION (LOCATION_ID, LOCATION_NAME, COUNTRY, REGION, CITY, LATITUDE, LONGITUDE) VALUES (3, '코드 스쿼드3', '한국', '서울시', '강남구', 3, 3);
INSERT INTO LOCATION (LOCATION_ID, LOCATION_NAME, COUNTRY, REGION, CITY, LATITUDE, LONGITUDE) VALUES (4, '코드 스쿼드4', '한국', '서울시', '강남구', 4, 4);
INSERT INTO LOCATION (LOCATION_ID, LOCATION_NAME, COUNTRY, REGION, CITY, LATITUDE, LONGITUDE) VALUES (5, '코드 스쿼드5', '한국', '서울시', '강남구', 5, 5);
INSERT INTO LOCATION (LOCATION_ID, LOCATION_NAME, COUNTRY, REGION, CITY, LATITUDE, LONGITUDE) VALUES (6, '코드 스쿼드6', '한국', '서울시', '강남구', 6, 6);
INSERT INTO LOCATION (LOCATION_ID, LOCATION_NAME, COUNTRY, REGION, CITY, LATITUDE, LONGITUDE) VALUES (7, '코드 스쿼드7', '한국', '서울시', '강남구', 7, 7);
INSERT INTO LOCATION (LOCATION_ID, LOCATION_NAME, COUNTRY, REGION, CITY, LATITUDE, LONGITUDE) VALUES (8, '코드 스쿼드8', '한국', '서울시', '강남구', 8, 8);
INSERT INTO LOCATION (LOCATION_ID, LOCATION_NAME, COUNTRY, REGION, CITY, LATITUDE, LONGITUDE) VALUES (9, '코드 스쿼드9', '한국', '서울시', '강남구', 9, 9);
INSERT INTO LOCATION (LOCATION_ID, LOCATION_NAME, COUNTRY, REGION, CITY, LATITUDE, LONGITUDE) VALUES (10, '코드 스쿼드10', '한국', '서울시', '강남구', 10, 10);

--ACCOMODATION
INSERT INTO ACCOMODATION (`ACCOMODATION_ID`, `LOCATION_ID`, `ACCOMODATION_NAME`, `HOST_NAME`, `DISCRIPTION`,
                          `ACCOMODATION_TYPE`, `PRICE`, `MAXIMUM_OCCUPANCY`, `AVERAGE_POINT`, `BED_ROOM`, `BATH_ROOM`,
                          `BED_COUNT`,`OPTION`)
VALUES (1, 1,'취향저격 숙소1', 'cooper', '설명1', '아파트', 100000, 8, 4.5, 1, 1, 2, '드라이기');

INSERT INTO ACCOMODATION (`ACCOMODATION_ID`, `LOCATION_ID`, `ACCOMODATION_NAME`, `HOST_NAME`, `DISCRIPTION`, `ACCOMODATION_TYPE`, `PRICE`, `MAXIMUM_OCCUPANCY`, `AVERAGE_POINT`, `BED_ROOM`, `BATH_ROOM`, `BED_COUNT`,`OPTION`)
VALUES (2, 2,'취향저격 숙소2', 'cooper', '설명2', '아파트',10000, 8, 4.5, 1, 1, 2, '드라이기, 에어컨');

INSERT INTO ACCOMODATION (`ACCOMODATION_ID`, `LOCATION_ID`, `ACCOMODATION_NAME`, `HOST_NAME`, `DISCRIPTION`, `ACCOMODATION_TYPE`, `PRICE`, `MAXIMUM_OCCUPANCY`, `AVERAGE_POINT`, `BED_ROOM`, `BATH_ROOM`, `BED_COUNT`,`OPTION`)
VALUES (3, 3,'취향저격 숙소3', 'cooper', '설명3', '아파트', 1000, 9, 4.5, 1, 1, 2, '드라이기, 에어컨');

INSERT INTO ACCOMODATION (`ACCOMODATION_ID`, `LOCATION_ID`, `ACCOMODATION_NAME`, `HOST_NAME`, `DISCRIPTION`, `ACCOMODATION_TYPE`, `PRICE`, `MAXIMUM_OCCUPANCY`, `AVERAGE_POINT`, `BED_ROOM`, `BATH_ROOM`, `BED_COUNT`,`OPTION`)
VALUES (4, 4,'취향저격 숙소4', 'cooper', '설명4', '아파트', 1000, 9, 4.5, 1, 1, 2, '드라이기, 에어컨');

INSERT INTO ACCOMODATION (`ACCOMODATION_ID`, `LOCATION_ID`, `ACCOMODATION_NAME`, `HOST_NAME`, `DISCRIPTION`, `ACCOMODATION_TYPE`, `PRICE`, `MAXIMUM_OCCUPANCY`, `AVERAGE_POINT`, `BED_ROOM`, `BATH_ROOM`, `BED_COUNT`,`OPTION`)
VALUES (5, 5,'취향저격 숙소5', 'cooper', '설명5', '아파트', 1000, 9, 4.5, 1, 1, 2, '드라이기, 에어컨');

INSERT INTO ACCOMODATION (`ACCOMODATION_ID`, `LOCATION_ID`, `ACCOMODATION_NAME`, `HOST_NAME`, `DISCRIPTION`, `ACCOMODATION_TYPE`, `PRICE`, `MAXIMUM_OCCUPANCY`, `AVERAGE_POINT`, `BED_ROOM`, `BATH_ROOM`, `BED_COUNT`,`OPTION`)
VALUES (6, 6,'취향저격 숙소6', 'cooper', '설명6', '아파트', 1000, 9, 4.5, 1, 1, 2, '드라이기, 에어컨');

INSERT INTO ACCOMODATION (`ACCOMODATION_ID`, `LOCATION_ID`, `ACCOMODATION_NAME`, `HOST_NAME`, `DISCRIPTION`, `ACCOMODATION_TYPE`, `PRICE`, `MAXIMUM_OCCUPANCY`, `AVERAGE_POINT`, `BED_ROOM`, `BATH_ROOM`, `BED_COUNT`,`OPTION`)
VALUES (7, 7,'취향저격 숙소7', 'cooper', '설명7', '아파트', 1000, 9, 4.5, 1, 1, 2, '드라이기, 에어컨');

INSERT INTO ACCOMODATION (`ACCOMODATION_ID`, `LOCATION_ID`, `ACCOMODATION_NAME`, `HOST_NAME`, `DISCRIPTION`, `ACCOMODATION_TYPE`, `PRICE`, `MAXIMUM_OCCUPANCY`, `AVERAGE_POINT`, `BED_ROOM`, `BATH_ROOM`, `BED_COUNT`,`OPTION`)
VALUES (8, 8,'취향저격 숙소8', 'cooper', '설명8', '아파트', 1000, 9, 4.5, 1, 1, 2, '드라이기, 에어컨');

INSERT INTO ACCOMODATION (`ACCOMODATION_ID`, `LOCATION_ID`, `ACCOMODATION_NAME`, `HOST_NAME`, `DISCRIPTION`, `ACCOMODATION_TYPE`, `PRICE`, `MAXIMUM_OCCUPANCY`, `AVERAGE_POINT`, `BED_ROOM`, `BATH_ROOM`, `BED_COUNT`,`OPTION`)
VALUES (9, 9,'취향저격 숙소9', 'cooper', '설명9', '아파트', 1000, 9, 4.5, 1, 1, 2, '드라이기, 에어컨');

INSERT INTO ACCOMODATION (`ACCOMODATION_ID`, `LOCATION_ID`, `ACCOMODATION_NAME`, `HOST_NAME`, `DISCRIPTION`, `ACCOMODATION_TYPE`, `PRICE`, `MAXIMUM_OCCUPANCY`, `AVERAGE_POINT`, `BED_ROOM`, `BATH_ROOM`, `BED_COUNT`,`OPTION`)
VALUES (10, 10,'취향저격 숙소10', 'cooper', '설명10', '아파트', 1000, 9, 4.5, 1, 1, 2, '드라이기, 에어컨');


--IMAGE
INSERT INTO IMAGE (IMAGE_ID, ACCOMODATION_ID, IMAGE_URL) VALUES (1, 1, 'https://images.adsttc.com/media/images/5ecd/d4ac/b357/65c6/7300/009d/slideshow/02C.jpg?1590547607');
INSERT INTO IMAGE (IMAGE_ID, ACCOMODATION_ID, IMAGE_URL) VALUES (2, 1, 'https://images.adsttc.com/media/images/5ecd/d4ac/b357/65c6/7300/009d/slideshow/02C.jpg?1590547607');
INSERT INTO IMAGE (IMAGE_ID, ACCOMODATION_ID, IMAGE_URL) VALUES (3, 2, 'https://images.adsttc.com/media/images/5ecd/d4ac/b357/65c6/7300/009d/slideshow/02C.jpg?1590547607');
INSERT INTO IMAGE (IMAGE_ID, ACCOMODATION_ID, IMAGE_URL) VALUES (4, 2, 'https://images.adsttc.com/media/images/5ecd/d4ac/b357/65c6/7300/009d/slideshow/02C.jpg?1590547607');
INSERT INTO IMAGE (IMAGE_ID, ACCOMODATION_ID, IMAGE_URL) VALUES (5, 3, 'https://images.adsttc.com/media/images/5ecd/d4ac/b357/65c6/7300/009d/slideshow/02C.jpg?1590547607');
INSERT INTO IMAGE (IMAGE_ID, ACCOMODATION_ID, IMAGE_URL) VALUES (6, 4, 'https://images.adsttc.com/media/images/5ecd/d4ac/b357/65c6/7300/009d/slideshow/02C.jpg?1590547607');
INSERT INTO IMAGE (IMAGE_ID, ACCOMODATION_ID, IMAGE_URL) VALUES (7, 5, 'https://images.adsttc.com/media/images/5ecd/d4ac/b357/65c6/7300/009d/slideshow/02C.jpg?1590547607');
INSERT INTO IMAGE (IMAGE_ID, ACCOMODATION_ID, IMAGE_URL) VALUES (8, 6, 'https://images.adsttc.com/media/images/5ecd/d4ac/b357/65c6/7300/009d/slideshow/02C.jpg?1590547607');
INSERT INTO IMAGE (IMAGE_ID, ACCOMODATION_ID, IMAGE_URL) VALUES (9, 7, 'https://images.adsttc.com/media/images/5ecd/d4ac/b357/65c6/7300/009d/slideshow/02C.jpg?1590547607');
INSERT INTO IMAGE (IMAGE_ID, ACCOMODATION_ID, IMAGE_URL) VALUES (10, 8, 'https://images.adsttc.com/media/images/5ecd/d4ac/b357/65c6/7300/009d/slideshow/02C.jpg?1590547607');
INSERT INTO IMAGE (IMAGE_ID, ACCOMODATION_ID, IMAGE_URL) VALUES (11, 9, 'https://images.adsttc.com/media/images/5ecd/d4ac/b357/65c6/7300/009d/slideshow/02C.jpg?1590547607');
INSERT INTO IMAGE (IMAGE_ID, ACCOMODATION_ID, IMAGE_URL) VALUES (12, 9, 'https://images.adsttc.com/media/images/5ecd/d4ac/b357/65c6/7300/009d/slideshow/02C.jpg?1590547607');
INSERT INTO IMAGE (IMAGE_ID, ACCOMODATION_ID, IMAGE_URL) VALUES (13, 10, 'https://images.adsttc.com/media/images/5ecd/d4ac/b357/65c6/7300/009d/slideshow/02C.jpg?1590547607');
